<?xml version="1.0" encoding="utf-8"?>
<item>
  <PathMods>res_mods\"VersionName"</PathMods>
  <PathVehicleList>res\packages\scripts.pkg|scripts\item_defs\vehicles\"Country"\list.xml</PathVehicleList>
  <PathMoFiles>res\text\LC_MESSAGES</PathMoFiles>
  <PathDestination>res_mods\"VersionName"\gui\maps\icons\vehicle\contour</PathDestination>
  <PathDestinationAtlas>res_mods\"VersionName"\gui\flash\atlases</PathDestinationAtlas>
  <PathSourceContour>res\packages\gui.pkg|gui\maps\icons\vehicle\contour</PathSourceContour>
  <PathSourceAtlas>res\packages\gui.pkg|gui\flash\atlases</PathSourceAtlas>
  <PathSourceScripts>res\packages\scripts.pkg|scripts</PathSourceScripts>
  <PathSource3D>res\packages\gui.pkg|gui\maps\icons\vehicle\small</PathSource3D>
  <PathSource3DLarge>res\packages\gui.pkg|gui\maps\icons\vehicle</PathSource3DLarge>
  <PathSourceCountry>
    <item key="USSR">res\packages\gui.pkg|gui\maps\icons\filters\nations\ussr.png</item>
    <item key="Germany">res\packages\gui.pkg|gui\maps\icons\filters\nations\germany.png</item>
    <item key="USA">res\packages\gui.pkg|gui\maps\icons\filters\nations\usa.png</item>
    <item key="France">res\packages\gui.pkg|gui\maps\icons\filters\nations\france.png</item>
    <item key="China">res\packages\gui.pkg|gui\maps\icons\filters\nations\china.png</item>
    <item key="UK">res\packages\gui.pkg|gui\maps\icons\filters\nations\uk.png</item>
    <item key="Japan">res\packages\gui.pkg|gui\maps\icons\filters\nations\japan.png</item>
    <item key="Czech">res\packages\gui.pkg|gui\maps\icons\filters\nations\czech.png</item>
    <item key="Sweden">res\packages\gui.pkg|gui\maps\icons\filters\nations\sweden.png</item>
    <item key="Poland">res\packages\gui.pkg|gui\maps\icons\filters\nations\poland.png</item>
    <item key="Italy">res\packages\gui.pkg|gui\maps\icons\filters\nations\italy.png</item>
  </PathSourceCountry>
  <PathSourceClass>
    <item key="Light">res\packages\gui.pkg|gui\maps\icons\filters\tanks\lightTank.png</item>
    <item key="Medium">res\packages\gui.pkg|gui\maps\icons\filters\tanks\mediumTank.png</item>
    <item key="Heavy">res\packages\gui.pkg|gui\maps\icons\filters\tanks\heavyTank.png</item>
    <item key="Destroyer">res\packages\gui.pkg|gui\maps\icons\filters\tanks\AT-SPG.png</item>
    <item key="Artillery">res\packages\gui.pkg|gui\maps\icons\filters\tanks\SPG.png</item>
  </PathSourceClass>
  <TankIconExtension>.png</TankIconExtension>
</item>
