﻿<?xml version="1.0" encoding="utf-8"?>
<item>
  <Name>[WGM] LordFelix Contour Icons</Name>
  <Author>LordFelix</Author>
  <SavedByVersion>57</SavedByVersion>
  <PathTemplate></PathTemplate>
  <BattleAtlasPathTemplate null="1" />
  <VehicleMarkersAtlasPathTemplate null="1" />
  <CustomAtlasPathTemplate null="1" />
  <IconsBulkSaveEnabled>True</IconsBulkSaveEnabled>
  <BattleAtlasBulkSaveEnabled>True</BattleAtlasBulkSaveEnabled>
  <VehicleMarkersAtlasBulkSaveEnabled>False</VehicleMarkersAtlasBulkSaveEnabled>
  <CustomAtlasBulkSaveEnabled>False</CustomAtlasBulkSaveEnabled>
  <IconWidth>80</IconWidth>
  <IconHeight>24</IconHeight>
  <Centerable>True</Centerable>
  <Layers>
    <item type="TankIconMaker.Layers.TankImageLayer">
      <Name>Main Contour Icon</Name>
      <Effects>
        <item type="TankIconMaker.Effects.ShiftEffect">
          <Name>L-60 Position Fix X+=5</Name>
          <Visible>True</Visible>
          <VisibleFor>
            <By>Category</By>
            <By2>Class</By2>
            <By3>Tier</By3>
            <By4>Country</By4>
            <ClassLight>Passthrough</ClassLight>
            <ClassMedium>No</ClassMedium>
            <ClassHeavy>No</ClassHeavy>
            <ClassDestroyer>No</ClassDestroyer>
            <ClassArtillery>No</ClassArtillery>
            <ClassNone>No</ClassNone>
            <CountryUSSR>No</CountryUSSR>
            <CountryGermany>No</CountryGermany>
            <CountryUSA>No</CountryUSA>
            <CountryFrance>No</CountryFrance>
            <CountryChina>No</CountryChina>
            <CountryUK>No</CountryUK>
            <CountryJapan>No</CountryJapan>
            <CountryCzech>No</CountryCzech>
            <CountrySweden>Yes</CountrySweden>
            <CountryPoland>No</CountryPoland>
            <CountryItaly>No</CountryItaly>
            <CountryNone>No</CountryNone>
            <CategNormal>No</CategNormal>
            <CategPremium>No</CategPremium>
            <CategSpecial>Passthrough</CategSpecial>
            <Single>No</Single>
            <TierNone>No</TierNone>
            <Tier1>No</Tier1>
            <Tier2>Passthrough</Tier2>
            <Tier3>No</Tier3>
            <Tier4>No</Tier4>
            <Tier5>No</Tier5>
            <Tier6>No</Tier6>
            <Tier7>No</Tier7>
            <Tier8>No</Tier8>
            <Tier9>No</Tier9>
            <Tier10>No</Tier10>
          </VisibleFor>
          <SavedByVersion>1</SavedByVersion>
          <ShiftX>5</ShiftX>
          <ShiftY>0</ShiftY>
        </item>
        <item type="TankIconMaker.Effects.NormalizeBrightnessEffect">
          <Name>Non-SPG 40% GraySc</Name>
          <Visible>True</Visible>
          <VisibleFor>
            <By>Class</By>
            <By2>Single</By2>
            <By3>Single</By3>
            <By4>Single</By4>
            <ClassLight>Yes</ClassLight>
            <ClassMedium>Yes</ClassMedium>
            <ClassHeavy>Yes</ClassHeavy>
            <ClassDestroyer>Yes</ClassDestroyer>
            <ClassArtillery>No</ClassArtillery>
            <ClassNone>No</ClassNone>
            <CountryUSSR>Yes</CountryUSSR>
            <CountryGermany>Yes</CountryGermany>
            <CountryUSA>Yes</CountryUSA>
            <CountryFrance>Yes</CountryFrance>
            <CountryChina>Yes</CountryChina>
            <CountryUK>Yes</CountryUK>
            <CountryJapan>Yes</CountryJapan>
            <CountryCzech>Yes</CountryCzech>
            <CountrySweden>Yes</CountrySweden>
            <CountryPoland>Yes</CountryPoland>
            <CountryItaly>Yes</CountryItaly>
            <CountryNone>Yes</CountryNone>
            <CategNormal>Yes</CategNormal>
            <CategPremium>Yes</CategPremium>
            <CategSpecial>Yes</CategSpecial>
            <Single>Yes</Single>
            <TierNone>Yes</TierNone>
            <Tier1>Yes</Tier1>
            <Tier2>Yes</Tier2>
            <Tier3>Yes</Tier3>
            <Tier4>Yes</Tier4>
            <Tier5>Yes</Tier5>
            <Tier6>Yes</Tier6>
            <Tier7>Yes</Tier7>
            <Tier8>Yes</Tier8>
            <Tier9>Yes</Tier9>
            <Tier10>Yes</Tier10>
          </VisibleFor>
          <SavedByVersion>1</SavedByVersion>
          <Strength>100</Strength>
          <Brightness>40</Brightness>
          <Saturation>Zero</Saturation>
        </item>
        <item type="TankIconMaker.Effects.NormalizeBrightnessEffect">
          <Name>SPG 12% GraySc</Name>
          <Visible>True</Visible>
          <VisibleFor>
            <By>Class</By>
            <By2>Single</By2>
            <By3>Single</By3>
            <By4>Single</By4>
            <ClassLight>No</ClassLight>
            <ClassMedium>No</ClassMedium>
            <ClassHeavy>No</ClassHeavy>
            <ClassDestroyer>No</ClassDestroyer>
            <ClassArtillery>Yes</ClassArtillery>
            <ClassNone>No</ClassNone>
            <CountryUSSR>Yes</CountryUSSR>
            <CountryGermany>Yes</CountryGermany>
            <CountryUSA>Yes</CountryUSA>
            <CountryFrance>Yes</CountryFrance>
            <CountryChina>Yes</CountryChina>
            <CountryUK>Yes</CountryUK>
            <CountryJapan>Yes</CountryJapan>
            <CountryCzech>Yes</CountryCzech>
            <CountrySweden>Yes</CountrySweden>
            <CountryPoland>Yes</CountryPoland>
            <CountryItaly>Yes</CountryItaly>
            <CountryNone>Yes</CountryNone>
            <CategNormal>Yes</CategNormal>
            <CategPremium>Yes</CategPremium>
            <CategSpecial>Yes</CategSpecial>
            <Single>Yes</Single>
            <TierNone>Yes</TierNone>
            <Tier1>Yes</Tier1>
            <Tier2>Yes</Tier2>
            <Tier3>Yes</Tier3>
            <Tier4>Yes</Tier4>
            <Tier5>Yes</Tier5>
            <Tier6>Yes</Tier6>
            <Tier7>Yes</Tier7>
            <Tier8>Yes</Tier8>
            <Tier9>Yes</Tier9>
            <Tier10>Yes</Tier10>
          </VisibleFor>
          <SavedByVersion>1</SavedByVersion>
          <Strength>100</Strength>
          <Brightness>12</Brightness>
          <Saturation>Zero</Saturation>
        </item>
        <item type="TankIconMaker.Effects.NormalizeBrightnessEffect">
          <Name>No Class 32% GraySc</Name>
          <Visible>True</Visible>
          <VisibleFor>
            <By>Class</By>
            <By2>Single</By2>
            <By3>Single</By3>
            <By4>Single</By4>
            <ClassLight>No</ClassLight>
            <ClassMedium>No</ClassMedium>
            <ClassHeavy>No</ClassHeavy>
            <ClassDestroyer>No</ClassDestroyer>
            <ClassArtillery>No</ClassArtillery>
            <ClassNone>Yes</ClassNone>
            <CountryUSSR>Yes</CountryUSSR>
            <CountryGermany>Yes</CountryGermany>
            <CountryUSA>Yes</CountryUSA>
            <CountryFrance>Yes</CountryFrance>
            <CountryChina>Yes</CountryChina>
            <CountryUK>Yes</CountryUK>
            <CountryJapan>Yes</CountryJapan>
            <CountryCzech>Yes</CountryCzech>
            <CountrySweden>Yes</CountrySweden>
            <CountryPoland>Yes</CountryPoland>
            <CountryItaly>Yes</CountryItaly>
            <CountryNone>Yes</CountryNone>
            <CategNormal>Yes</CategNormal>
            <CategPremium>Yes</CategPremium>
            <CategSpecial>Yes</CategSpecial>
            <Single>Yes</Single>
            <TierNone>Yes</TierNone>
            <Tier1>Yes</Tier1>
            <Tier2>Yes</Tier2>
            <Tier3>Yes</Tier3>
            <Tier4>Yes</Tier4>
            <Tier5>Yes</Tier5>
            <Tier6>Yes</Tier6>
            <Tier7>Yes</Tier7>
            <Tier8>Yes</Tier8>
            <Tier9>Yes</Tier9>
            <Tier10>Yes</Tier10>
          </VisibleFor>
          <SavedByVersion>1</SavedByVersion>
          <Strength>100</Strength>
          <Brightness>32</Brightness>
          <Saturation>Zero</Saturation>
        </item>
        <item type="TankIconMaker.Effects.HueSaturationLightnessEffect">
          <Name>LT/MT 0/90/100</Name>
          <Visible>True</Visible>
          <VisibleFor>
            <By>Class</By>
            <By2>Single</By2>
            <By3>Single</By3>
            <By4>Single</By4>
            <ClassLight>Yes</ClassLight>
            <ClassMedium>Yes</ClassMedium>
            <ClassHeavy>No</ClassHeavy>
            <ClassDestroyer>No</ClassDestroyer>
            <ClassArtillery>No</ClassArtillery>
            <ClassNone>No</ClassNone>
            <CountryUSSR>Yes</CountryUSSR>
            <CountryGermany>Yes</CountryGermany>
            <CountryUSA>Yes</CountryUSA>
            <CountryFrance>Yes</CountryFrance>
            <CountryChina>Yes</CountryChina>
            <CountryUK>Yes</CountryUK>
            <CountryJapan>Yes</CountryJapan>
            <CountryCzech>Yes</CountryCzech>
            <CountrySweden>Yes</CountrySweden>
            <CountryPoland>Yes</CountryPoland>
            <CountryItaly>Yes</CountryItaly>
            <CountryNone>Yes</CountryNone>
            <CategNormal>Yes</CategNormal>
            <CategPremium>Yes</CategPremium>
            <CategSpecial>Yes</CategSpecial>
            <Single>Yes</Single>
            <TierNone>Yes</TierNone>
            <Tier1>Yes</Tier1>
            <Tier2>Yes</Tier2>
            <Tier3>Yes</Tier3>
            <Tier4>Yes</Tier4>
            <Tier5>Yes</Tier5>
            <Tier6>Yes</Tier6>
            <Tier7>Yes</Tier7>
            <Tier8>Yes</Tier8>
            <Tier9>Yes</Tier9>
            <Tier10>Yes</Tier10>
          </VisibleFor>
          <SavedByVersion>1</SavedByVersion>
          <Hue>0</Hue>
          <Saturation>100</Saturation>
          <Lightness>90</Lightness>
        </item>
        <item type="TankIconMaker.Effects.HueSaturationLightnessEffect">
          <Name>HT/TD 0/70/100</Name>
          <Visible>True</Visible>
          <VisibleFor>
            <By>Class</By>
            <By2>Single</By2>
            <By3>Single</By3>
            <By4>Single</By4>
            <ClassLight>No</ClassLight>
            <ClassMedium>No</ClassMedium>
            <ClassHeavy>Yes</ClassHeavy>
            <ClassDestroyer>Yes</ClassDestroyer>
            <ClassArtillery>No</ClassArtillery>
            <ClassNone>No</ClassNone>
            <CountryUSSR>Yes</CountryUSSR>
            <CountryGermany>Yes</CountryGermany>
            <CountryUSA>Yes</CountryUSA>
            <CountryFrance>Yes</CountryFrance>
            <CountryChina>Yes</CountryChina>
            <CountryUK>Yes</CountryUK>
            <CountryJapan>Yes</CountryJapan>
            <CountryCzech>Yes</CountryCzech>
            <CountrySweden>Yes</CountrySweden>
            <CountryPoland>Yes</CountryPoland>
            <CountryItaly>Yes</CountryItaly>
            <CountryNone>Yes</CountryNone>
            <CategNormal>Yes</CategNormal>
            <CategPremium>Yes</CategPremium>
            <CategSpecial>Yes</CategSpecial>
            <Single>Yes</Single>
            <TierNone>Yes</TierNone>
            <Tier1>Yes</Tier1>
            <Tier2>Yes</Tier2>
            <Tier3>Yes</Tier3>
            <Tier4>Yes</Tier4>
            <Tier5>Yes</Tier5>
            <Tier6>Yes</Tier6>
            <Tier7>Yes</Tier7>
            <Tier8>Yes</Tier8>
            <Tier9>Yes</Tier9>
            <Tier10>Yes</Tier10>
          </VisibleFor>
          <SavedByVersion>1</SavedByVersion>
          <Hue>0</Hue>
          <Saturation>100</Saturation>
          <Lightness>70</Lightness>
        </item>
        <item type="TankIconMaker.Effects.ColorizeEffect">
          <Name>8A0000-003C8C-5C-007000-707000-800080</Name>
          <Visible>True</Visible>
          <VisibleFor>
            <By>Class</By>
            <By2>Single</By2>
            <By3>Single</By3>
            <By4>Single</By4>
            <ClassLight>Yes</ClassLight>
            <ClassMedium>Yes</ClassMedium>
            <ClassHeavy>Yes</ClassHeavy>
            <ClassDestroyer>Yes</ClassDestroyer>
            <ClassArtillery>Yes</ClassArtillery>
            <ClassNone>Yes</ClassNone>
            <CountryUSSR>Yes</CountryUSSR>
            <CountryGermany>Yes</CountryGermany>
            <CountryUSA>Yes</CountryUSA>
            <CountryFrance>Yes</CountryFrance>
            <CountryChina>Yes</CountryChina>
            <CountryUK>Yes</CountryUK>
            <CountryJapan>Yes</CountryJapan>
            <CountryCzech>Yes</CountryCzech>
            <CountrySweden>Yes</CountrySweden>
            <CountryPoland>Yes</CountryPoland>
            <CountryItaly>Yes</CountryItaly>
            <CountryNone>Yes</CountryNone>
            <CategNormal>Yes</CategNormal>
            <CategPremium>Yes</CategPremium>
            <CategSpecial>Yes</CategSpecial>
            <Single>Yes</Single>
            <TierNone>Yes</TierNone>
            <Tier1>Yes</Tier1>
            <Tier2>Yes</Tier2>
            <Tier3>Yes</Tier3>
            <Tier4>Yes</Tier4>
            <Tier5>Yes</Tier5>
            <Tier6>Yes</Tier6>
            <Tier7>Yes</Tier7>
            <Tier8>Yes</Tier8>
            <Tier9>Yes</Tier9>
            <Tier10>Yes</Tier10>
          </VisibleFor>
          <SavedByVersion>1</SavedByVersion>
          <Color>
            <By>Class</By>
            <By2>Single</By2>
            <By3>Single</By3>
            <By4>Single</By4>
            <ClassLight>#007000</ClassLight>
            <ClassMedium>#707000</ClassMedium>
            <ClassHeavy>#5C5C5C</ClassHeavy>
            <ClassDestroyer>#003C8C</ClassDestroyer>
            <ClassArtillery>#8A0000</ClassArtillery>
            <ClassNone>#800080</ClassNone>
            <CountryUSSR>#FFFFFF</CountryUSSR>
            <CountryGermany>#FFFFFF</CountryGermany>
            <CountryUSA>#FFFFFF</CountryUSA>
            <CountryFrance>#FFFFFF</CountryFrance>
            <CountryChina>#FFFFFF</CountryChina>
            <CountryUK>#FFFFFF</CountryUK>
            <CountryJapan>#FFFFFF</CountryJapan>
            <CountryCzech>#FFFFFF</CountryCzech>
            <CountrySweden>#FFFFFF</CountrySweden>
            <CountryPoland>#FFFFFF</CountryPoland>
            <CountryItaly>#FFFFFF</CountryItaly>
            <CountryNone>#FFFFFF</CountryNone>
            <CategNormal>#FFFFFF</CategNormal>
            <CategPremium>#FFFFFF</CategPremium>
            <CategSpecial>#FFFFFF</CategSpecial>
            <Single>#FFFFFF</Single>
            <TierNone>#FFFFFF</TierNone>
            <Tier1>#FFFFFF</Tier1>
            <Tier5>#FFFFFF</Tier5>
            <Tier10>#FFFFFF</Tier10>
          </Color>
        </item>
        <item type="TankIconMaker.Effects.HueSaturationLightnessEffect">
          <Name>SPG 0/220/100</Name>
          <Visible>True</Visible>
          <VisibleFor>
            <By>Class</By>
            <By2>Single</By2>
            <By3>Single</By3>
            <By4>Single</By4>
            <ClassLight>No</ClassLight>
            <ClassMedium>No</ClassMedium>
            <ClassHeavy>No</ClassHeavy>
            <ClassDestroyer>No</ClassDestroyer>
            <ClassArtillery>Yes</ClassArtillery>
            <ClassNone>No</ClassNone>
            <CountryUSSR>Yes</CountryUSSR>
            <CountryGermany>Yes</CountryGermany>
            <CountryUSA>Yes</CountryUSA>
            <CountryFrance>Yes</CountryFrance>
            <CountryChina>Yes</CountryChina>
            <CountryUK>Yes</CountryUK>
            <CountryJapan>Yes</CountryJapan>
            <CountryCzech>Yes</CountryCzech>
            <CountrySweden>Yes</CountrySweden>
            <CountryPoland>Yes</CountryPoland>
            <CountryItaly>Yes</CountryItaly>
            <CountryNone>Yes</CountryNone>
            <CategNormal>Yes</CategNormal>
            <CategPremium>Yes</CategPremium>
            <CategSpecial>Yes</CategSpecial>
            <Single>Yes</Single>
            <TierNone>Yes</TierNone>
            <Tier1>Yes</Tier1>
            <Tier2>Yes</Tier2>
            <Tier3>Yes</Tier3>
            <Tier4>Yes</Tier4>
            <Tier5>Yes</Tier5>
            <Tier6>Yes</Tier6>
            <Tier7>Yes</Tier7>
            <Tier8>Yes</Tier8>
            <Tier9>Yes</Tier9>
            <Tier10>Yes</Tier10>
          </VisibleFor>
          <SavedByVersion>1</SavedByVersion>
          <Hue>0</Hue>
          <Saturation>100</Saturation>
          <Lightness>220</Lightness>
        </item>
        <item type="TankIconMaker.Effects.OpacityEffect">
          <Name>+1 Auto</Name>
          <Visible>True</Visible>
          <VisibleFor>
            <By>Single</By>
            <By2>Single</By2>
            <By3>Single</By3>
            <By4>Single</By4>
            <ClassLight>Yes</ClassLight>
            <ClassMedium>Yes</ClassMedium>
            <ClassHeavy>Yes</ClassHeavy>
            <ClassDestroyer>Yes</ClassDestroyer>
            <ClassArtillery>Yes</ClassArtillery>
            <ClassNone>Yes</ClassNone>
            <CountryUSSR>Yes</CountryUSSR>
            <CountryGermany>Yes</CountryGermany>
            <CountryUSA>Yes</CountryUSA>
            <CountryFrance>Yes</CountryFrance>
            <CountryChina>Yes</CountryChina>
            <CountryUK>Yes</CountryUK>
            <CountryJapan>Yes</CountryJapan>
            <CountryCzech>Yes</CountryCzech>
            <CountrySweden>Yes</CountrySweden>
            <CountryPoland>Yes</CountryPoland>
            <CountryItaly>Yes</CountryItaly>
            <CountryNone>Yes</CountryNone>
            <CategNormal>Yes</CategNormal>
            <CategPremium>Yes</CategPremium>
            <CategSpecial>Yes</CategSpecial>
            <Single>Yes</Single>
            <TierNone>Yes</TierNone>
            <Tier1>Yes</Tier1>
            <Tier2>Yes</Tier2>
            <Tier3>Yes</Tier3>
            <Tier4>Yes</Tier4>
            <Tier5>Yes</Tier5>
            <Tier6>Yes</Tier6>
            <Tier7>Yes</Tier7>
            <Tier8>Yes</Tier8>
            <Tier9>Yes</Tier9>
            <Tier10>Yes</Tier10>
          </VisibleFor>
          <SavedByVersion>1</SavedByVersion>
          <Opacity>1</Opacity>
          <Style>Auto</Style>
        </item>
      </Effects>
      <Id null="1" />
      <Visible>True</Visible>
      <VisibleFor>
        <By>Single</By>
        <By2>Single</By2>
        <By3>Single</By3>
        <By4>Single</By4>
        <ClassLight>Yes</ClassLight>
        <ClassMedium>Yes</ClassMedium>
        <ClassHeavy>Yes</ClassHeavy>
        <ClassDestroyer>Yes</ClassDestroyer>
        <ClassArtillery>Yes</ClassArtillery>
        <ClassNone>Yes</ClassNone>
        <CountryUSSR>Yes</CountryUSSR>
        <CountryGermany>Yes</CountryGermany>
        <CountryUSA>Yes</CountryUSA>
        <CountryFrance>Yes</CountryFrance>
        <CountryChina>Yes</CountryChina>
        <CountryUK>Yes</CountryUK>
        <CountryJapan>Yes</CountryJapan>
        <CountryCzech>Yes</CountryCzech>
        <CountrySweden>Yes</CountrySweden>
        <CountryPoland>Yes</CountryPoland>
        <CountryItaly>Yes</CountryItaly>
        <CountryNone>Yes</CountryNone>
        <CategNormal>Yes</CategNormal>
        <CategPremium>Yes</CategPremium>
        <CategSpecial>Yes</CategSpecial>
        <Single>Yes</Single>
        <TierNone>Yes</TierNone>
        <Tier1>Yes</Tier1>
        <Tier2>Yes</Tier2>
        <Tier3>Yes</Tier3>
        <Tier4>Yes</Tier4>
        <Tier5>Yes</Tier5>
        <Tier6>Yes</Tier6>
        <Tier7>Yes</Tier7>
        <Tier8>Yes</Tier8>
        <Tier9>Yes</Tier9>
        <Tier10>Yes</Tier10>
      </VisibleFor>
      <SavedByVersion>1</SavedByVersion>
      <Style>Contour</Style>
    </item>
    <item type="TankIconMaker.Layers.CustomImageLayer">
      <Name>9x9 Class Icon (Base color: #808080)</Name>
      <Effects>
        <item type="TankIconMaker.Effects.SizePosEffect">
          <Name>X=Y=2</Name>
          <Visible>True</Visible>
          <VisibleFor>
            <By>Single</By>
            <By2>Single</By2>
            <By3>Single</By3>
            <By4>Single</By4>
            <ClassLight>Yes</ClassLight>
            <ClassMedium>Yes</ClassMedium>
            <ClassHeavy>Yes</ClassHeavy>
            <ClassDestroyer>Yes</ClassDestroyer>
            <ClassArtillery>Yes</ClassArtillery>
            <ClassNone>Yes</ClassNone>
            <CountryUSSR>Yes</CountryUSSR>
            <CountryGermany>Yes</CountryGermany>
            <CountryUSA>Yes</CountryUSA>
            <CountryFrance>Yes</CountryFrance>
            <CountryChina>Yes</CountryChina>
            <CountryUK>Yes</CountryUK>
            <CountryJapan>Yes</CountryJapan>
            <CountryCzech>Yes</CountryCzech>
            <CountrySweden>Yes</CountrySweden>
            <CountryPoland>Yes</CountryPoland>
            <CountryItaly>Yes</CountryItaly>
            <CountryNone>Yes</CountryNone>
            <CategNormal>Yes</CategNormal>
            <CategPremium>Yes</CategPremium>
            <CategSpecial>Yes</CategSpecial>
            <Single>Yes</Single>
            <TierNone>Yes</TierNone>
            <Tier1>Yes</Tier1>
            <Tier2>Yes</Tier2>
            <Tier3>Yes</Tier3>
            <Tier4>Yes</Tier4>
            <Tier5>Yes</Tier5>
            <Tier6>Yes</Tier6>
            <Tier7>Yes</Tier7>
            <Tier8>Yes</Tier8>
            <Tier9>Yes</Tier9>
            <Tier10>Yes</Tier10>
          </VisibleFor>
          <SavedByVersion>3</SavedByVersion>
          <PositionByPixels>True</PositionByPixels>
          <Anchor>TopLeft</Anchor>
          <X>2</X>
          <Y>2</Y>
          <SizeByPixels>True</SizeByPixels>
          <Percentage>50</Percentage>
          <Width>30</Width>
          <Height>18</Height>
          <SizeMode2>NoChange</SizeMode2>
          <GrowShrinkMode>GrowAndShrink</GrowShrinkMode>
          <Filter>Auto</Filter>
          <PixelAlphaThreshold>120</PixelAlphaThreshold>
          <ShowLayerBorders>False</ShowLayerBorders>
          <ShowPixelBorders>False</ShowPixelBorders>
          <ShowAnchor>False</ShowAnchor>
        </item>
        <item type="TankIconMaker.Effects.ColorizeEffect">
          <Name>900000-004090-C0-008000-808000</Name>
          <Visible>True</Visible>
          <VisibleFor>
            <By>Single</By>
            <By2>Single</By2>
            <By3>Single</By3>
            <By4>Single</By4>
            <ClassLight>Yes</ClassLight>
            <ClassMedium>Yes</ClassMedium>
            <ClassHeavy>Yes</ClassHeavy>
            <ClassDestroyer>Yes</ClassDestroyer>
            <ClassArtillery>Yes</ClassArtillery>
            <ClassNone>Yes</ClassNone>
            <CountryUSSR>Yes</CountryUSSR>
            <CountryGermany>Yes</CountryGermany>
            <CountryUSA>Yes</CountryUSA>
            <CountryFrance>Yes</CountryFrance>
            <CountryChina>Yes</CountryChina>
            <CountryUK>Yes</CountryUK>
            <CountryJapan>Yes</CountryJapan>
            <CountryCzech>Yes</CountryCzech>
            <CountrySweden>Yes</CountrySweden>
            <CountryPoland>Yes</CountryPoland>
            <CountryItaly>Yes</CountryItaly>
            <CountryNone>Yes</CountryNone>
            <CategNormal>Yes</CategNormal>
            <CategPremium>Yes</CategPremium>
            <CategSpecial>Yes</CategSpecial>
            <Single>Yes</Single>
            <TierNone>Yes</TierNone>
            <Tier1>Yes</Tier1>
            <Tier2>Yes</Tier2>
            <Tier3>Yes</Tier3>
            <Tier4>Yes</Tier4>
            <Tier5>Yes</Tier5>
            <Tier6>Yes</Tier6>
            <Tier7>Yes</Tier7>
            <Tier8>Yes</Tier8>
            <Tier9>Yes</Tier9>
            <Tier10>Yes</Tier10>
          </VisibleFor>
          <SavedByVersion>1</SavedByVersion>
          <Color>
            <By>Class</By>
            <By2>Single</By2>
            <By3>Single</By3>
            <By4>Single</By4>
            <ClassLight>#008000</ClassLight>
            <ClassMedium>#808000</ClassMedium>
            <ClassHeavy>#C0C0C0</ClassHeavy>
            <ClassDestroyer>#004090</ClassDestroyer>
            <ClassArtillery>#900000</ClassArtillery>
            <ClassNone>#FFFFFF</ClassNone>
            <CountryUSSR>#FFFFFF</CountryUSSR>
            <CountryGermany>#FFFFFF</CountryGermany>
            <CountryUSA>#FFFFFF</CountryUSA>
            <CountryFrance>#FFFFFF</CountryFrance>
            <CountryChina>#FFFFFF</CountryChina>
            <CountryUK>#FFFFFF</CountryUK>
            <CountryJapan>#FFFFFF</CountryJapan>
            <CountryCzech>#FFFFFF</CountryCzech>
            <CountrySweden>#FFFFFF</CountrySweden>
            <CountryPoland>#FFFFFF</CountryPoland>
            <CountryItaly>#FFFFFF</CountryItaly>
            <CountryNone>#FFFFFF</CountryNone>
            <CategNormal>#FFFFFF</CategNormal>
            <CategPremium>#FFFFFF</CategPremium>
            <CategSpecial>#FFFFFF</CategSpecial>
            <Single>#FFFFFF</Single>
            <TierNone>#FFFFFF</TierNone>
            <Tier1>#FFFFFF</Tier1>
            <Tier5>#FFFFFF</Tier5>
            <Tier10>#FFFFFF</Tier10>
          </Color>
        </item>
        <item type="TankIconMaker.Effects.ShadowEffect">
          <Name>2,5-0-0-2</Name>
          <Visible>True</Visible>
          <VisibleFor>
            <By>Single</By>
            <By2>Single</By2>
            <By3>Single</By3>
            <By4>Single</By4>
            <ClassLight>Yes</ClassLight>
            <ClassMedium>Yes</ClassMedium>
            <ClassHeavy>Yes</ClassHeavy>
            <ClassDestroyer>Yes</ClassDestroyer>
            <ClassArtillery>Yes</ClassArtillery>
            <ClassNone>Yes</ClassNone>
            <CountryUSSR>Yes</CountryUSSR>
            <CountryGermany>Yes</CountryGermany>
            <CountryUSA>Yes</CountryUSA>
            <CountryFrance>Yes</CountryFrance>
            <CountryChina>Yes</CountryChina>
            <CountryUK>Yes</CountryUK>
            <CountryJapan>Yes</CountryJapan>
            <CountryCzech>Yes</CountryCzech>
            <CountrySweden>Yes</CountrySweden>
            <CountryPoland>Yes</CountryPoland>
            <CountryItaly>Yes</CountryItaly>
            <CountryNone>Yes</CountryNone>
            <CategNormal>Yes</CategNormal>
            <CategPremium>Yes</CategPremium>
            <CategSpecial>Yes</CategSpecial>
            <Single>Yes</Single>
            <TierNone>Yes</TierNone>
            <Tier1>Yes</Tier1>
            <Tier2>Yes</Tier2>
            <Tier3>Yes</Tier3>
            <Tier4>Yes</Tier4>
            <Tier5>Yes</Tier5>
            <Tier6>Yes</Tier6>
            <Tier7>Yes</Tier7>
            <Tier8>Yes</Tier8>
            <Tier9>Yes</Tier9>
            <Tier10>Yes</Tier10>
          </VisibleFor>
          <SavedByVersion>1</SavedByVersion>
          <Radius>2.5</Radius>
          <Spread>2</Spread>
          <Color>
            <By>Single</By>
            <By2>Single</By2>
            <By3>Single</By3>
            <By4>Single</By4>
            <ClassLight>#000000</ClassLight>
            <ClassMedium>#000000</ClassMedium>
            <ClassHeavy>#000000</ClassHeavy>
            <ClassDestroyer>#000000</ClassDestroyer>
            <ClassArtillery>#000000</ClassArtillery>
            <ClassNone>#000000</ClassNone>
            <CountryUSSR>#000000</CountryUSSR>
            <CountryGermany>#000000</CountryGermany>
            <CountryUSA>#000000</CountryUSA>
            <CountryFrance>#000000</CountryFrance>
            <CountryChina>#000000</CountryChina>
            <CountryUK>#000000</CountryUK>
            <CountryJapan>#000000</CountryJapan>
            <CountryCzech>#000000</CountryCzech>
            <CountrySweden>#000000</CountrySweden>
            <CountryPoland>#000000</CountryPoland>
            <CountryItaly>#000000</CountryItaly>
            <CountryNone>#000000</CountryNone>
            <CategNormal>#000000</CategNormal>
            <CategPremium>#000000</CategPremium>
            <CategSpecial>#000000</CategSpecial>
            <Single>#000000</Single>
            <TierNone>#000000</TierNone>
            <Tier1>#000000</Tier1>
            <Tier5>#000000</Tier5>
            <Tier10>#000000</Tier10>
          </Color>
          <ShiftX>0</ShiftX>
          <ShiftY>0</ShiftY>
        </item>
        <item type="TankIconMaker.Effects.OpacityEffect">
          <Name>+1 Auto</Name>
          <Visible>True</Visible>
          <VisibleFor>
            <By>Single</By>
            <By2>Single</By2>
            <By3>Single</By3>
            <By4>Single</By4>
            <ClassLight>Yes</ClassLight>
            <ClassMedium>Yes</ClassMedium>
            <ClassHeavy>Yes</ClassHeavy>
            <ClassDestroyer>Yes</ClassDestroyer>
            <ClassArtillery>Yes</ClassArtillery>
            <ClassNone>Yes</ClassNone>
            <CountryUSSR>Yes</CountryUSSR>
            <CountryGermany>Yes</CountryGermany>
            <CountryUSA>Yes</CountryUSA>
            <CountryFrance>Yes</CountryFrance>
            <CountryChina>Yes</CountryChina>
            <CountryUK>Yes</CountryUK>
            <CountryJapan>Yes</CountryJapan>
            <CountryCzech>Yes</CountryCzech>
            <CountrySweden>Yes</CountrySweden>
            <CountryPoland>Yes</CountryPoland>
            <CountryItaly>Yes</CountryItaly>
            <CountryNone>Yes</CountryNone>
            <CategNormal>Yes</CategNormal>
            <CategPremium>Yes</CategPremium>
            <CategSpecial>Yes</CategSpecial>
            <Single>Yes</Single>
            <TierNone>Yes</TierNone>
            <Tier1>Yes</Tier1>
            <Tier2>Yes</Tier2>
            <Tier3>Yes</Tier3>
            <Tier4>Yes</Tier4>
            <Tier5>Yes</Tier5>
            <Tier6>Yes</Tier6>
            <Tier7>Yes</Tier7>
            <Tier8>Yes</Tier8>
            <Tier9>Yes</Tier9>
            <Tier10>Yes</Tier10>
          </VisibleFor>
          <SavedByVersion>1</SavedByVersion>
          <Opacity>1</Opacity>
          <Style>Auto</Style>
        </item>
      </Effects>
      <Id null="1" />
      <Visible>True</Visible>
      <VisibleFor>
        <By>Class</By>
        <By2>Single</By2>
        <By3>Single</By3>
        <By4>Single</By4>
        <ClassLight>Yes</ClassLight>
        <ClassMedium>Yes</ClassMedium>
        <ClassHeavy>Yes</ClassHeavy>
        <ClassDestroyer>Yes</ClassDestroyer>
        <ClassArtillery>Yes</ClassArtillery>
        <ClassNone>No</ClassNone>
        <CountryUSSR>Yes</CountryUSSR>
        <CountryGermany>Yes</CountryGermany>
        <CountryUSA>Yes</CountryUSA>
        <CountryFrance>Yes</CountryFrance>
        <CountryChina>Yes</CountryChina>
        <CountryUK>Yes</CountryUK>
        <CountryJapan>Yes</CountryJapan>
        <CountryCzech>Yes</CountryCzech>
        <CountrySweden>Yes</CountrySweden>
        <CountryPoland>Yes</CountryPoland>
        <CountryItaly>Yes</CountryItaly>
        <CountryNone>Yes</CountryNone>
        <CategNormal>Yes</CategNormal>
        <CategPremium>Yes</CategPremium>
        <CategSpecial>Yes</CategSpecial>
        <Single>Yes</Single>
        <TierNone>Yes</TierNone>
        <Tier1>Yes</Tier1>
        <Tier2>Yes</Tier2>
        <Tier3>Yes</Tier3>
        <Tier4>Yes</Tier4>
        <Tier5>Yes</Tier5>
        <Tier6>Yes</Tier6>
        <Tier7>Yes</Tier7>
        <Tier8>Yes</Tier8>
        <Tier9>Yes</Tier9>
        <Tier10>Yes</Tier10>
      </VisibleFor>
      <SavedByVersion>1</SavedByVersion>
      <ImageFile>
        <By>Class</By>
        <By2>Single</By2>
        <By3>Single</By3>
        <By4>Single</By4>
        <ClassLight>Images\class1-light.png</ClassLight>
        <ClassMedium>Images\class1-medium.png</ClassMedium>
        <ClassHeavy>Images\class1-heavy.png</ClassHeavy>
        <ClassDestroyer>Images\class1-destroyer.png</ClassDestroyer>
        <ClassArtillery>Images\class1-artillery.png</ClassArtillery>
        <ClassNone></ClassNone>
        <CountryUSSR></CountryUSSR>
        <CountryGermany></CountryGermany>
        <CountryUSA></CountryUSA>
        <CountryFrance></CountryFrance>
        <CountryChina></CountryChina>
        <CountryUK></CountryUK>
        <CountryJapan></CountryJapan>
        <CountryCzech></CountryCzech>
        <CountrySweden></CountrySweden>
        <CountryPoland></CountryPoland>
        <CountryItaly></CountryItaly>
        <CountryNone></CountryNone>
        <CategNormal></CategNormal>
        <CategPremium></CategPremium>
        <CategSpecial></CategSpecial>
        <Single></Single>
        <TierNone></TierNone>
        <Tier1></Tier1>
        <Tier2></Tier2>
        <Tier3></Tier3>
        <Tier4></Tier4>
        <Tier5></Tier5>
        <Tier6></Tier6>
        <Tier7></Tier7>
        <Tier8></Tier8>
        <Tier9></Tier9>
        <Tier10></Tier10>
      </ImageFile>
    </item>
    <item type="TankIconMaker.Layers.PropertyTextLayer">
      <Name>Drum Marker (webdings 7, FF7000, (12,2))</Name>
      <Effects>
        <item type="TankIconMaker.Effects.ShadowEffect">
          <Name>3-0-0-5</Name>
          <Visible>True</Visible>
          <VisibleFor>
            <By>Single</By>
            <By2>Single</By2>
            <By3>Single</By3>
            <By4>Single</By4>
            <ClassLight>Yes</ClassLight>
            <ClassMedium>Yes</ClassMedium>
            <ClassHeavy>Yes</ClassHeavy>
            <ClassDestroyer>Yes</ClassDestroyer>
            <ClassArtillery>Yes</ClassArtillery>
            <ClassNone>Yes</ClassNone>
            <CountryUSSR>Yes</CountryUSSR>
            <CountryGermany>Yes</CountryGermany>
            <CountryUSA>Yes</CountryUSA>
            <CountryFrance>Yes</CountryFrance>
            <CountryChina>Yes</CountryChina>
            <CountryUK>Yes</CountryUK>
            <CountryJapan>Yes</CountryJapan>
            <CountryCzech>Yes</CountryCzech>
            <CountrySweden>Yes</CountrySweden>
            <CountryPoland>Yes</CountryPoland>
            <CountryItaly>Yes</CountryItaly>
            <CountryNone>Yes</CountryNone>
            <CategNormal>Yes</CategNormal>
            <CategPremium>Yes</CategPremium>
            <CategSpecial>Yes</CategSpecial>
            <Single>Yes</Single>
            <TierNone>Yes</TierNone>
            <Tier1>Yes</Tier1>
            <Tier2>Yes</Tier2>
            <Tier3>Yes</Tier3>
            <Tier4>Yes</Tier4>
            <Tier5>Yes</Tier5>
            <Tier6>Yes</Tier6>
            <Tier7>Yes</Tier7>
            <Tier8>Yes</Tier8>
            <Tier9>Yes</Tier9>
            <Tier10>Yes</Tier10>
          </VisibleFor>
          <SavedByVersion>1</SavedByVersion>
          <Radius>3</Radius>
          <Spread>5</Spread>
          <Color>
            <By>Single</By>
            <By2>Single</By2>
            <By3>Single</By3>
            <By4>Single</By4>
            <ClassLight>#000000</ClassLight>
            <ClassMedium>#000000</ClassMedium>
            <ClassHeavy>#000000</ClassHeavy>
            <ClassDestroyer>#000000</ClassDestroyer>
            <ClassArtillery>#000000</ClassArtillery>
            <ClassNone>#000000</ClassNone>
            <CountryUSSR>#000000</CountryUSSR>
            <CountryGermany>#000000</CountryGermany>
            <CountryUSA>#000000</CountryUSA>
            <CountryFrance>#000000</CountryFrance>
            <CountryChina>#000000</CountryChina>
            <CountryUK>#000000</CountryUK>
            <CountryJapan>#000000</CountryJapan>
            <CountryCzech>#000000</CountryCzech>
            <CountrySweden>#000000</CountrySweden>
            <CountryPoland>#000000</CountryPoland>
            <CountryItaly>#000000</CountryItaly>
            <CountryNone>#000000</CountryNone>
            <CategNormal>#000000</CategNormal>
            <CategPremium>#000000</CategPremium>
            <CategSpecial>#000000</CategSpecial>
            <Single>#000000</Single>
            <TierNone>#000000</TierNone>
            <Tier1>#000000</Tier1>
            <Tier5>#000000</Tier5>
            <Tier10>#000000</Tier10>
          </Color>
          <ShiftX>0</ShiftX>
          <ShiftY>0</ShiftY>
        </item>
      </Effects>
      <Id null="1" />
      <Visible>True</Visible>
      <VisibleFor>
        <By>Single</By>
        <By2>Single</By2>
        <By3>Single</By3>
        <By4>Single</By4>
        <ClassLight>Yes</ClassLight>
        <ClassMedium>Yes</ClassMedium>
        <ClassHeavy>Yes</ClassHeavy>
        <ClassDestroyer>Yes</ClassDestroyer>
        <ClassArtillery>Yes</ClassArtillery>
        <ClassNone>Yes</ClassNone>
        <CountryUSSR>Yes</CountryUSSR>
        <CountryGermany>Yes</CountryGermany>
        <CountryUSA>Yes</CountryUSA>
        <CountryFrance>Yes</CountryFrance>
        <CountryChina>Yes</CountryChina>
        <CountryUK>Yes</CountryUK>
        <CountryJapan>Yes</CountryJapan>
        <CountryCzech>Yes</CountryCzech>
        <CountrySweden>Yes</CountrySweden>
        <CountryPoland>Yes</CountryPoland>
        <CountryItaly>Yes</CountryItaly>
        <CountryNone>Yes</CountryNone>
        <CategNormal>Yes</CategNormal>
        <CategPremium>Yes</CategPremium>
        <CategSpecial>Yes</CategSpecial>
        <Single>Yes</Single>
        <TierNone>Yes</TierNone>
        <Tier1>Yes</Tier1>
        <Tier2>Yes</Tier2>
        <Tier3>Yes</Tier3>
        <Tier4>Yes</Tier4>
        <Tier5>Yes</Tier5>
        <Tier6>Yes</Tier6>
        <Tier7>Yes</Tier7>
        <Tier8>Yes</Tier8>
        <Tier9>Yes</Tier9>
        <Tier10>Yes</Tier10>
      </VisibleFor>
      <SavedByVersion>2</SavedByVersion>
      <FontSmoothing>Aliased</FontSmoothing>
      <FontFamily>webdings</FontFamily>
      <FontSize>7</FontSize>
      <FontBold>False</FontBold>
      <FontItalic>False</FontItalic>
      <FontColor>
        <By>Single</By>
        <By2>Single</By2>
        <By3>Single</By3>
        <By4>Single</By4>
        <ClassLight>#FFFFFF</ClassLight>
        <ClassMedium>#FFFFFF</ClassMedium>
        <ClassHeavy>#FFFFFF</ClassHeavy>
        <ClassDestroyer>#FFFFFF</ClassDestroyer>
        <ClassArtillery>#FFFFFF</ClassArtillery>
        <ClassNone>#FFFFFF</ClassNone>
        <CountryUSSR>#FFFFFF</CountryUSSR>
        <CountryGermany>#FFFFFF</CountryGermany>
        <CountryUSA>#FFFFFF</CountryUSA>
        <CountryFrance>#FFFFFF</CountryFrance>
        <CountryChina>#FFFFFF</CountryChina>
        <CountryUK>#FFFFFF</CountryUK>
        <CountryJapan>#FFFFFF</CountryJapan>
        <CountryCzech>#FFFFFF</CountryCzech>
        <CountrySweden>#FFFFFF</CountrySweden>
        <CountryPoland>#FFFFFF</CountryPoland>
        <CountryItaly>#FFFFFF</CountryItaly>
        <CountryNone>#FFFFFF</CountryNone>
        <CategNormal>#FFFFFF</CategNormal>
        <CategPremium>#FFFFFF</CategPremium>
        <CategSpecial>#FFFFFF</CategSpecial>
        <Single>#FF7000</Single>
        <TierNone>#FFFFFF</TierNone>
        <Tier1>#FFFFFF</Tier1>
        <Tier5>#FFFFFF</Tier5>
        <Tier10>#FFFFFF</Tier10>
      </FontColor>
      <Anchor>TopLeft</Anchor>
      <X>2</X>
      <Y>15</Y>
      <Width>999</Width>
      <Height>999</Height>
      <Baseline>False</Baseline>
      <Format null="1" />
      <isSeveralValue>False</isSeveralValue>
      <Property>
        <FileId>HasDrum</FileId>
        <ColumnId>AnyGun</ColumnId>
        <Author>Wargaming</Author>
      </Property>
    </item>
  </Layers>
  <ForumLink null="1" />
</item>