﻿<?xml version="1.0" encoding="utf-8"?>
<item>
  <Name>Aslain</Name>
  <Author>Aslain</Author>
  <SavedByVersion>58</SavedByVersion>
  <PathTemplate></PathTemplate>
  <BattleAtlasPathTemplate null="1" />
  <VehicleMarkersAtlasPathTemplate null="1" />
  <CustomAtlasPathTemplate null="1" />
  <IconsBulkSaveEnabled>True</IconsBulkSaveEnabled>
  <BattleAtlasBulkSaveEnabled>False</BattleAtlasBulkSaveEnabled>
  <VehicleMarkersAtlasBulkSaveEnabled>False</VehicleMarkersAtlasBulkSaveEnabled>
  <CustomAtlasBulkSaveEnabled>False</CustomAtlasBulkSaveEnabled>
  <IconWidth>80</IconWidth>
  <IconHeight>24</IconHeight>
  <Centerable>False</Centerable>
  <Layers>
    <item type="TankIconMaker.Layers.PropertyTextLayer">
      <Name>Tier</Name>
      <Effects>
        <item type="TankIconMaker.Effects.ShadowEffect">
          <Name></Name>
          <Visible>True</Visible>
          <VisibleFor>
            <By>Single</By>
            <By2>Single</By2>
            <By3>Single</By3>
            <By4>Single</By4>
            <ClassLight>Yes</ClassLight>
            <ClassMedium>Yes</ClassMedium>
            <ClassHeavy>Yes</ClassHeavy>
            <ClassDestroyer>Yes</ClassDestroyer>
            <ClassArtillery>Yes</ClassArtillery>
            <ClassNone>Yes</ClassNone>
            <CountryUSSR>Yes</CountryUSSR>
            <CountryGermany>Yes</CountryGermany>
            <CountryUSA>Yes</CountryUSA>
            <CountryFrance>Yes</CountryFrance>
            <CountryChina>Yes</CountryChina>
            <CountryUK>Yes</CountryUK>
            <CountryJapan>Yes</CountryJapan>
            <CountryCzech>Yes</CountryCzech>
            <CountrySweden>Yes</CountrySweden>
            <CountryPoland>Yes</CountryPoland>
            <CountryItaly>Yes</CountryItaly>
            <CountryNone>Yes</CountryNone>
            <CategNormal>Yes</CategNormal>
            <CategPremium>Yes</CategPremium>
            <CategSpecial>Yes</CategSpecial>
            <Single>Yes</Single>
            <TierNone>Yes</TierNone>
            <Tier1>Yes</Tier1>
            <Tier2>Yes</Tier2>
            <Tier3>Yes</Tier3>
            <Tier4>Yes</Tier4>
            <Tier5>Yes</Tier5>
            <Tier6>Yes</Tier6>
            <Tier7>Yes</Tier7>
            <Tier8>Yes</Tier8>
            <Tier9>Yes</Tier9>
            <Tier10>Yes</Tier10>
          </VisibleFor>
          <SavedByVersion>1</SavedByVersion>
          <Radius>3.5</Radius>
          <Spread>5</Spread>
          <Color>
            <By>Single</By>
            <By2>Single</By2>
            <By3>Single</By3>
            <By4>Single</By4>
            <ClassLight>#000000</ClassLight>
            <ClassMedium>#000000</ClassMedium>
            <ClassHeavy>#000000</ClassHeavy>
            <ClassDestroyer>#000000</ClassDestroyer>
            <ClassArtillery>#000000</ClassArtillery>
            <ClassNone>#000000</ClassNone>
            <CountryUSSR>#000000</CountryUSSR>
            <CountryGermany>#000000</CountryGermany>
            <CountryUSA>#000000</CountryUSA>
            <CountryFrance>#000000</CountryFrance>
            <CountryChina>#000000</CountryChina>
            <CountryUK>#000000</CountryUK>
            <CountryJapan>#000000</CountryJapan>
            <CountryCzech>#000000</CountryCzech>
            <CountrySweden>#000000</CountrySweden>
            <CountryPoland>#000000</CountryPoland>
            <CountryItaly>#000000</CountryItaly>
            <CountryNone>#000000</CountryNone>
            <CategNormal>#000000</CategNormal>
            <CategPremium>#000000</CategPremium>
            <CategSpecial>#000000</CategSpecial>
            <Single>#000000</Single>
            <TierNone>#000000</TierNone>
            <Tier1>#000000</Tier1>
            <Tier5>#000000</Tier5>
            <Tier10>#000000</Tier10>
          </Color>
          <ShiftX>0</ShiftX>
          <ShiftY>0</ShiftY>
        </item>
        <item type="TankIconMaker.Effects.ShadowEffect">
          <Name></Name>
          <Visible>True</Visible>
          <VisibleFor>
            <By>Single</By>
            <By2>Single</By2>
            <By3>Single</By3>
            <By4>Single</By4>
            <ClassLight>Yes</ClassLight>
            <ClassMedium>Yes</ClassMedium>
            <ClassHeavy>Yes</ClassHeavy>
            <ClassDestroyer>Yes</ClassDestroyer>
            <ClassArtillery>Yes</ClassArtillery>
            <ClassNone>Yes</ClassNone>
            <CountryUSSR>Yes</CountryUSSR>
            <CountryGermany>Yes</CountryGermany>
            <CountryUSA>Yes</CountryUSA>
            <CountryFrance>Yes</CountryFrance>
            <CountryChina>Yes</CountryChina>
            <CountryUK>Yes</CountryUK>
            <CountryJapan>Yes</CountryJapan>
            <CountryCzech>Yes</CountryCzech>
            <CountrySweden>Yes</CountrySweden>
            <CountryPoland>Yes</CountryPoland>
            <CountryItaly>Yes</CountryItaly>
            <CountryNone>Yes</CountryNone>
            <CategNormal>Yes</CategNormal>
            <CategPremium>Yes</CategPremium>
            <CategSpecial>Yes</CategSpecial>
            <Single>Yes</Single>
            <TierNone>Yes</TierNone>
            <Tier1>Yes</Tier1>
            <Tier2>Yes</Tier2>
            <Tier3>Yes</Tier3>
            <Tier4>Yes</Tier4>
            <Tier5>Yes</Tier5>
            <Tier6>Yes</Tier6>
            <Tier7>Yes</Tier7>
            <Tier8>Yes</Tier8>
            <Tier9>Yes</Tier9>
            <Tier10>Yes</Tier10>
          </VisibleFor>
          <SavedByVersion>1</SavedByVersion>
          <Radius>5.5</Radius>
          <Spread>0</Spread>
          <Color>
            <By>Single</By>
            <By2>Single</By2>
            <By3>Single</By3>
            <By4>Single</By4>
            <ClassLight>#000000</ClassLight>
            <ClassMedium>#000000</ClassMedium>
            <ClassHeavy>#000000</ClassHeavy>
            <ClassDestroyer>#000000</ClassDestroyer>
            <ClassArtillery>#000000</ClassArtillery>
            <ClassNone>#000000</ClassNone>
            <CountryUSSR>#000000</CountryUSSR>
            <CountryGermany>#000000</CountryGermany>
            <CountryUSA>#000000</CountryUSA>
            <CountryFrance>#000000</CountryFrance>
            <CountryChina>#000000</CountryChina>
            <CountryUK>#000000</CountryUK>
            <CountryJapan>#000000</CountryJapan>
            <CountryCzech>#000000</CountryCzech>
            <CountrySweden>#000000</CountrySweden>
            <CountryPoland>#000000</CountryPoland>
            <CountryItaly>#000000</CountryItaly>
            <CountryNone>#000000</CountryNone>
            <CategNormal>#000000</CategNormal>
            <CategPremium>#000000</CategPremium>
            <CategSpecial>#000000</CategSpecial>
            <Single>#000000</Single>
            <TierNone>#000000</TierNone>
            <Tier1>#000000</Tier1>
            <Tier5>#000000</Tier5>
            <Tier10>#000000</Tier10>
          </Color>
          <ShiftX>0</ShiftX>
          <ShiftY>0</ShiftY>
        </item>
      </Effects>
      <Id null="1" />
      <Visible>True</Visible>
      <VisibleFor>
        <By>Single</By>
        <By2>Single</By2>
        <By3>Single</By3>
        <By4>Single</By4>
        <ClassLight>Yes</ClassLight>
        <ClassMedium>Yes</ClassMedium>
        <ClassHeavy>Yes</ClassHeavy>
        <ClassDestroyer>Yes</ClassDestroyer>
        <ClassArtillery>Yes</ClassArtillery>
        <ClassNone>Yes</ClassNone>
        <CountryUSSR>Yes</CountryUSSR>
        <CountryGermany>Yes</CountryGermany>
        <CountryUSA>Yes</CountryUSA>
        <CountryFrance>Yes</CountryFrance>
        <CountryChina>Yes</CountryChina>
        <CountryUK>Yes</CountryUK>
        <CountryJapan>Yes</CountryJapan>
        <CountryCzech>Yes</CountryCzech>
        <CountrySweden>Yes</CountrySweden>
        <CountryPoland>Yes</CountryPoland>
        <CountryItaly>Yes</CountryItaly>
        <CountryNone>Yes</CountryNone>
        <CategNormal>Yes</CategNormal>
        <CategPremium>Yes</CategPremium>
        <CategSpecial>Yes</CategSpecial>
        <Single>Yes</Single>
        <TierNone>Yes</TierNone>
        <Tier1>Yes</Tier1>
        <Tier2>Yes</Tier2>
        <Tier3>Yes</Tier3>
        <Tier4>Yes</Tier4>
        <Tier5>Yes</Tier5>
        <Tier6>Yes</Tier6>
        <Tier7>Yes</Tier7>
        <Tier8>Yes</Tier8>
        <Tier9>Yes</Tier9>
        <Tier10>Yes</Tier10>
      </VisibleFor>
      <SavedByVersion>2</SavedByVersion>
      <FontSmoothing>UnhintedGDI</FontSmoothing>
      <FontFamily>Segoe UI</FontFamily>
      <FontSize>10.5</FontSize>
      <FontBold>True</FontBold>
      <FontItalic>False</FontItalic>
      <FontColor>
        <By>Class</By>
        <By2>Single</By2>
        <By3>Single</By3>
        <By4>Single</By4>
        <ClassLight>#A2FF9A</ClassLight>
        <ClassMedium>#FFF198</ClassMedium>
        <ClassHeavy>#FFACAC</ClassHeavy>
        <ClassDestroyer>#A0CFFF</ClassDestroyer>
        <ClassArtillery>#EFAEFF</ClassArtillery>
        <ClassNone>#FFFFFF</ClassNone>
        <CountryUSSR>#FFFFFF</CountryUSSR>
        <CountryGermany>#FFFFFF</CountryGermany>
        <CountryUSA>#FFFFFF</CountryUSA>
        <CountryFrance>#FFFFFF</CountryFrance>
        <CountryChina>#FFFFFF</CountryChina>
        <CountryUK>#FFFFFF</CountryUK>
        <CountryJapan>#FFFFFF</CountryJapan>
        <CountryCzech>#FFFFFF</CountryCzech>
        <CountrySweden>#FFFFFF</CountrySweden>
        <CountryPoland>#FFFFFF</CountryPoland>
        <CountryItaly>#FFFFFF</CountryItaly>
        <CountryNone>#FFFFFF</CountryNone>
        <CategNormal>#FFFFFF</CategNormal>
        <CategPremium>#FFFFFF</CategPremium>
        <CategSpecial>#FFFFFF</CategSpecial>
        <Single>#FFFFFF</Single>
        <TierNone>#FFFFFF</TierNone>
        <Tier1>#FFFFFF</Tier1>
        <Tier5>#FFFFFF</Tier5>
        <Tier10>#FFFFFF</Tier10>
      </FontColor>
      <Anchor>TopLeft</Anchor>
      <X>3</X>
      <Y>2</Y>
      <Width>999</Width>
      <Height>999</Height>
      <Baseline>False</Baseline>
      <Format null="1" />
      <isSeveralValue>False</isSeveralValue>
      <Property>
        <FileId>Tier (Roman)</FileId>
        <ColumnId null="1" />
        <Author>(built-in)</Author>
      </Property>
    </item>
    <item type="TankIconMaker.Layers.PropertyTextLayer">
      <Name>Name</Name>
      <Effects>
        <item type="TankIconMaker.Effects.ShadowEffect">
          <Name></Name>
          <Visible>True</Visible>
          <VisibleFor>
            <By>Single</By>
            <By2>Single</By2>
            <By3>Single</By3>
            <By4>Single</By4>
            <ClassLight>Yes</ClassLight>
            <ClassMedium>Yes</ClassMedium>
            <ClassHeavy>Yes</ClassHeavy>
            <ClassDestroyer>Yes</ClassDestroyer>
            <ClassArtillery>Yes</ClassArtillery>
            <ClassNone>Yes</ClassNone>
            <CountryUSSR>Yes</CountryUSSR>
            <CountryGermany>Yes</CountryGermany>
            <CountryUSA>Yes</CountryUSA>
            <CountryFrance>Yes</CountryFrance>
            <CountryChina>Yes</CountryChina>
            <CountryUK>Yes</CountryUK>
            <CountryJapan>Yes</CountryJapan>
            <CountryCzech>Yes</CountryCzech>
            <CountrySweden>Yes</CountrySweden>
            <CountryPoland>Yes</CountryPoland>
            <CountryItaly>Yes</CountryItaly>
            <CountryNone>Yes</CountryNone>
            <CategNormal>Yes</CategNormal>
            <CategPremium>Yes</CategPremium>
            <CategSpecial>Yes</CategSpecial>
            <Single>Yes</Single>
            <TierNone>Yes</TierNone>
            <Tier1>Yes</Tier1>
            <Tier2>Yes</Tier2>
            <Tier3>Yes</Tier3>
            <Tier4>Yes</Tier4>
            <Tier5>Yes</Tier5>
            <Tier6>Yes</Tier6>
            <Tier7>Yes</Tier7>
            <Tier8>Yes</Tier8>
            <Tier9>Yes</Tier9>
            <Tier10>Yes</Tier10>
          </VisibleFor>
          <SavedByVersion>1</SavedByVersion>
          <Radius>3.5</Radius>
          <Spread>5</Spread>
          <Color>
            <By>Single</By>
            <By2>Single</By2>
            <By3>Single</By3>
            <By4>Single</By4>
            <ClassLight>#000000</ClassLight>
            <ClassMedium>#000000</ClassMedium>
            <ClassHeavy>#000000</ClassHeavy>
            <ClassDestroyer>#000000</ClassDestroyer>
            <ClassArtillery>#000000</ClassArtillery>
            <ClassNone>#000000</ClassNone>
            <CountryUSSR>#000000</CountryUSSR>
            <CountryGermany>#000000</CountryGermany>
            <CountryUSA>#000000</CountryUSA>
            <CountryFrance>#000000</CountryFrance>
            <CountryChina>#000000</CountryChina>
            <CountryUK>#000000</CountryUK>
            <CountryJapan>#000000</CountryJapan>
            <CountryCzech>#000000</CountryCzech>
            <CountrySweden>#000000</CountrySweden>
            <CountryPoland>#000000</CountryPoland>
            <CountryItaly>#000000</CountryItaly>
            <CountryNone>#000000</CountryNone>
            <CategNormal>#000000</CategNormal>
            <CategPremium>#000000</CategPremium>
            <CategSpecial>#000000</CategSpecial>
            <Single>#000000</Single>
            <TierNone>#000000</TierNone>
            <Tier1>#000000</Tier1>
            <Tier5>#000000</Tier5>
            <Tier10>#000000</Tier10>
          </Color>
          <ShiftX>0</ShiftX>
          <ShiftY>0</ShiftY>
        </item>
        <item type="TankIconMaker.Effects.ShadowEffect">
          <Name></Name>
          <Visible>True</Visible>
          <VisibleFor>
            <By>Single</By>
            <By2>Single</By2>
            <By3>Single</By3>
            <By4>Single</By4>
            <ClassLight>Yes</ClassLight>
            <ClassMedium>Yes</ClassMedium>
            <ClassHeavy>Yes</ClassHeavy>
            <ClassDestroyer>Yes</ClassDestroyer>
            <ClassArtillery>Yes</ClassArtillery>
            <ClassNone>Yes</ClassNone>
            <CountryUSSR>Yes</CountryUSSR>
            <CountryGermany>Yes</CountryGermany>
            <CountryUSA>Yes</CountryUSA>
            <CountryFrance>Yes</CountryFrance>
            <CountryChina>Yes</CountryChina>
            <CountryUK>Yes</CountryUK>
            <CountryJapan>Yes</CountryJapan>
            <CountryCzech>Yes</CountryCzech>
            <CountrySweden>Yes</CountrySweden>
            <CountryPoland>Yes</CountryPoland>
            <CountryItaly>Yes</CountryItaly>
            <CountryNone>Yes</CountryNone>
            <CategNormal>Yes</CategNormal>
            <CategPremium>Yes</CategPremium>
            <CategSpecial>Yes</CategSpecial>
            <Single>Yes</Single>
            <TierNone>Yes</TierNone>
            <Tier1>Yes</Tier1>
            <Tier2>Yes</Tier2>
            <Tier3>Yes</Tier3>
            <Tier4>Yes</Tier4>
            <Tier5>Yes</Tier5>
            <Tier6>Yes</Tier6>
            <Tier7>Yes</Tier7>
            <Tier8>Yes</Tier8>
            <Tier9>Yes</Tier9>
            <Tier10>Yes</Tier10>
          </VisibleFor>
          <SavedByVersion>1</SavedByVersion>
          <Radius>5.5</Radius>
          <Spread>1</Spread>
          <Color>
            <By>Single</By>
            <By2>Single</By2>
            <By3>Single</By3>
            <By4>Single</By4>
            <ClassLight>#000000</ClassLight>
            <ClassMedium>#000000</ClassMedium>
            <ClassHeavy>#000000</ClassHeavy>
            <ClassDestroyer>#000000</ClassDestroyer>
            <ClassArtillery>#000000</ClassArtillery>
            <ClassNone>#000000</ClassNone>
            <CountryUSSR>#000000</CountryUSSR>
            <CountryGermany>#000000</CountryGermany>
            <CountryUSA>#000000</CountryUSA>
            <CountryFrance>#000000</CountryFrance>
            <CountryChina>#000000</CountryChina>
            <CountryUK>#000000</CountryUK>
            <CountryJapan>#000000</CountryJapan>
            <CountryCzech>#000000</CountryCzech>
            <CountrySweden>#000000</CountrySweden>
            <CountryPoland>#000000</CountryPoland>
            <CountryItaly>#000000</CountryItaly>
            <CountryNone>#000000</CountryNone>
            <CategNormal>#000000</CategNormal>
            <CategPremium>#000000</CategPremium>
            <CategSpecial>#000000</CategSpecial>
            <Single>#000000</Single>
            <TierNone>#000000</TierNone>
            <Tier1>#000000</Tier1>
            <Tier5>#000000</Tier5>
            <Tier10>#000000</Tier10>
          </Color>
          <ShiftX>0</ShiftX>
          <ShiftY>0</ShiftY>
        </item>
      </Effects>
      <Id null="1" />
      <Visible>True</Visible>
      <VisibleFor>
        <By>Single</By>
        <By2>Single</By2>
        <By3>Single</By3>
        <By4>Single</By4>
        <ClassLight>Yes</ClassLight>
        <ClassMedium>Yes</ClassMedium>
        <ClassHeavy>Yes</ClassHeavy>
        <ClassDestroyer>Yes</ClassDestroyer>
        <ClassArtillery>Yes</ClassArtillery>
        <ClassNone>Yes</ClassNone>
        <CountryUSSR>Yes</CountryUSSR>
        <CountryGermany>Yes</CountryGermany>
        <CountryUSA>Yes</CountryUSA>
        <CountryFrance>Yes</CountryFrance>
        <CountryChina>Yes</CountryChina>
        <CountryUK>Yes</CountryUK>
        <CountryJapan>Yes</CountryJapan>
        <CountryCzech>Yes</CountryCzech>
        <CountrySweden>Yes</CountrySweden>
        <CountryPoland>Yes</CountryPoland>
        <CountryItaly>Yes</CountryItaly>
        <CountryNone>Yes</CountryNone>
        <CategNormal>Yes</CategNormal>
        <CategPremium>Yes</CategPremium>
        <CategSpecial>Yes</CategSpecial>
        <Single>Yes</Single>
        <TierNone>Yes</TierNone>
        <Tier1>Yes</Tier1>
        <Tier2>Yes</Tier2>
        <Tier3>Yes</Tier3>
        <Tier4>Yes</Tier4>
        <Tier5>Yes</Tier5>
        <Tier6>Yes</Tier6>
        <Tier7>Yes</Tier7>
        <Tier8>Yes</Tier8>
        <Tier9>Yes</Tier9>
        <Tier10>Yes</Tier10>
      </VisibleFor>
      <SavedByVersion>2</SavedByVersion>
      <FontSmoothing>UnhintedGDI</FontSmoothing>
      <FontFamily>Segoe UI</FontFamily>
      <FontSize>8.5</FontSize>
      <FontBold>True</FontBold>
      <FontItalic>False</FontItalic>
      <FontColor>
        <By>Class</By>
        <By2>Single</By2>
        <By3>Single</By3>
        <By4>Single</By4>
        <ClassLight>#A2FF9A</ClassLight>
        <ClassMedium>#FFF198</ClassMedium>
        <ClassHeavy>#FFACAC</ClassHeavy>
        <ClassDestroyer>#A0CFFF</ClassDestroyer>
        <ClassArtillery>#EFAEFF</ClassArtillery>
        <ClassNone>#FFFFFF</ClassNone>
        <CountryUSSR>#FFFFFF</CountryUSSR>
        <CountryGermany>#FFFFFF</CountryGermany>
        <CountryUSA>#FFFFFF</CountryUSA>
        <CountryFrance>#FFFFFF</CountryFrance>
        <CountryChina>#FFFFFF</CountryChina>
        <CountryUK>#FFFFFF</CountryUK>
        <CountryJapan>#FFFFFF</CountryJapan>
        <CountryCzech>#FFFFFF</CountryCzech>
        <CountrySweden>#FFFFFF</CountrySweden>
        <CountryPoland>#FFFFFF</CountryPoland>
        <CountryItaly>#FFFFFF</CountryItaly>
        <CountryNone>#FFFFFF</CountryNone>
        <CategNormal>#FFFFFF</CategNormal>
        <CategPremium>#FFFFFF</CategPremium>
        <CategSpecial>#FFFFFF</CategSpecial>
        <Single>#FFFFFF</Single>
        <TierNone>#FFFFFF</TierNone>
        <Tier1>#FFFFFF</Tier1>
        <Tier5>#FFFFFF</Tier5>
        <Tier10>#FFFFFF</Tier10>
      </FontColor>
      <Anchor>TopLeft</Anchor>
      <X>8</X>
      <Y>9</Y>
      <Width>68</Width>
      <Height>999</Height>
      <Baseline>True</Baseline>
      <Format null="1" />
      <isSeveralValue>False</isSeveralValue>
      <Property refid="0">
        <FileId>NameShort</FileId>
        <ColumnId>En</ColumnId>
        <Author>Wargaming</Author>
      </Property>
    </item>
    <item type="TankIconMaker.Layers.PropertyTextLayer">
      <Name>Large name</Name>
      <Effects>
        <item type="TankIconMaker.Effects.ShadowEffect">
          <Name></Name>
          <Visible>True</Visible>
          <VisibleFor>
            <By>Single</By>
            <By2>Single</By2>
            <By3>Single</By3>
            <By4>Single</By4>
            <ClassLight>Yes</ClassLight>
            <ClassMedium>Yes</ClassMedium>
            <ClassHeavy>Yes</ClassHeavy>
            <ClassDestroyer>Yes</ClassDestroyer>
            <ClassArtillery>Yes</ClassArtillery>
            <ClassNone>Yes</ClassNone>
            <CountryUSSR>Yes</CountryUSSR>
            <CountryGermany>Yes</CountryGermany>
            <CountryUSA>Yes</CountryUSA>
            <CountryFrance>Yes</CountryFrance>
            <CountryChina>Yes</CountryChina>
            <CountryUK>Yes</CountryUK>
            <CountryJapan>Yes</CountryJapan>
            <CountryCzech>Yes</CountryCzech>
            <CountrySweden>Yes</CountrySweden>
            <CountryPoland>Yes</CountryPoland>
            <CountryItaly>Yes</CountryItaly>
            <CountryNone>Yes</CountryNone>
            <CategNormal>Yes</CategNormal>
            <CategPremium>Yes</CategPremium>
            <CategSpecial>Yes</CategSpecial>
            <Single>Yes</Single>
            <TierNone>Yes</TierNone>
            <Tier1>Yes</Tier1>
            <Tier2>Yes</Tier2>
            <Tier3>Yes</Tier3>
            <Tier4>Yes</Tier4>
            <Tier5>Yes</Tier5>
            <Tier6>Yes</Tier6>
            <Tier7>Yes</Tier7>
            <Tier8>Yes</Tier8>
            <Tier9>Yes</Tier9>
            <Tier10>Yes</Tier10>
          </VisibleFor>
          <SavedByVersion>1</SavedByVersion>
          <Radius>3.5</Radius>
          <Spread>5</Spread>
          <Color>
            <By>Single</By>
            <By2>Single</By2>
            <By3>Single</By3>
            <By4>Single</By4>
            <ClassLight>#000000</ClassLight>
            <ClassMedium>#000000</ClassMedium>
            <ClassHeavy>#000000</ClassHeavy>
            <ClassDestroyer>#000000</ClassDestroyer>
            <ClassArtillery>#000000</ClassArtillery>
            <ClassNone>#000000</ClassNone>
            <CountryUSSR>#000000</CountryUSSR>
            <CountryGermany>#000000</CountryGermany>
            <CountryUSA>#000000</CountryUSA>
            <CountryFrance>#000000</CountryFrance>
            <CountryChina>#000000</CountryChina>
            <CountryUK>#000000</CountryUK>
            <CountryJapan>#000000</CountryJapan>
            <CountryCzech>#000000</CountryCzech>
            <CountrySweden>#000000</CountrySweden>
            <CountryPoland>#000000</CountryPoland>
            <CountryItaly>#000000</CountryItaly>
            <CountryNone>#000000</CountryNone>
            <CategNormal>#000000</CategNormal>
            <CategPremium>#000000</CategPremium>
            <CategSpecial>#000000</CategSpecial>
            <Single>#000000</Single>
            <TierNone>#000000</TierNone>
            <Tier1>#000000</Tier1>
            <Tier5>#000000</Tier5>
            <Tier10>#000000</Tier10>
          </Color>
          <ShiftX>0</ShiftX>
          <ShiftY>0</ShiftY>
        </item>
        <item type="TankIconMaker.Effects.ShadowEffect">
          <Name></Name>
          <Visible>True</Visible>
          <VisibleFor>
            <By>Single</By>
            <By2>Single</By2>
            <By3>Single</By3>
            <By4>Single</By4>
            <ClassLight>Yes</ClassLight>
            <ClassMedium>Yes</ClassMedium>
            <ClassHeavy>Yes</ClassHeavy>
            <ClassDestroyer>Yes</ClassDestroyer>
            <ClassArtillery>Yes</ClassArtillery>
            <ClassNone>Yes</ClassNone>
            <CountryUSSR>Yes</CountryUSSR>
            <CountryGermany>Yes</CountryGermany>
            <CountryUSA>Yes</CountryUSA>
            <CountryFrance>Yes</CountryFrance>
            <CountryChina>Yes</CountryChina>
            <CountryUK>Yes</CountryUK>
            <CountryJapan>Yes</CountryJapan>
            <CountryCzech>Yes</CountryCzech>
            <CountrySweden>Yes</CountrySweden>
            <CountryPoland>Yes</CountryPoland>
            <CountryItaly>Yes</CountryItaly>
            <CountryNone>Yes</CountryNone>
            <CategNormal>Yes</CategNormal>
            <CategPremium>Yes</CategPremium>
            <CategSpecial>Yes</CategSpecial>
            <Single>Yes</Single>
            <TierNone>Yes</TierNone>
            <Tier1>Yes</Tier1>
            <Tier2>Yes</Tier2>
            <Tier3>Yes</Tier3>
            <Tier4>Yes</Tier4>
            <Tier5>Yes</Tier5>
            <Tier6>Yes</Tier6>
            <Tier7>Yes</Tier7>
            <Tier8>Yes</Tier8>
            <Tier9>Yes</Tier9>
            <Tier10>Yes</Tier10>
          </VisibleFor>
          <SavedByVersion>1</SavedByVersion>
          <Radius>5.5</Radius>
          <Spread>1</Spread>
          <Color>
            <By>Single</By>
            <By2>Single</By2>
            <By3>Single</By3>
            <By4>Single</By4>
            <ClassLight>#000000</ClassLight>
            <ClassMedium>#000000</ClassMedium>
            <ClassHeavy>#000000</ClassHeavy>
            <ClassDestroyer>#000000</ClassDestroyer>
            <ClassArtillery>#000000</ClassArtillery>
            <ClassNone>#000000</ClassNone>
            <CountryUSSR>#000000</CountryUSSR>
            <CountryGermany>#000000</CountryGermany>
            <CountryUSA>#000000</CountryUSA>
            <CountryFrance>#000000</CountryFrance>
            <CountryChina>#000000</CountryChina>
            <CountryUK>#000000</CountryUK>
            <CountryJapan>#000000</CountryJapan>
            <CountryCzech>#000000</CountryCzech>
            <CountrySweden>#000000</CountrySweden>
            <CountryPoland>#000000</CountryPoland>
            <CountryItaly>#000000</CountryItaly>
            <CountryNone>#000000</CountryNone>
            <CategNormal>#000000</CategNormal>
            <CategPremium>#000000</CategPremium>
            <CategSpecial>#000000</CategSpecial>
            <Single>#000000</Single>
            <TierNone>#000000</TierNone>
            <Tier1>#000000</Tier1>
            <Tier5>#000000</Tier5>
            <Tier10>#000000</Tier10>
          </Color>
          <ShiftX>0</ShiftX>
          <ShiftY>0</ShiftY>
        </item>
      </Effects>
      <Id null="1" />
      <Visible>False</Visible>
      <VisibleFor>
        <By>Single</By>
        <By2>Single</By2>
        <By3>Single</By3>
        <By4>Single</By4>
        <ClassLight>Yes</ClassLight>
        <ClassMedium>Yes</ClassMedium>
        <ClassHeavy>Yes</ClassHeavy>
        <ClassDestroyer>Yes</ClassDestroyer>
        <ClassArtillery>Yes</ClassArtillery>
        <ClassNone>Yes</ClassNone>
        <CountryUSSR>Yes</CountryUSSR>
        <CountryGermany>Yes</CountryGermany>
        <CountryUSA>Yes</CountryUSA>
        <CountryFrance>Yes</CountryFrance>
        <CountryChina>Yes</CountryChina>
        <CountryUK>Yes</CountryUK>
        <CountryJapan>Yes</CountryJapan>
        <CountryCzech>Yes</CountryCzech>
        <CountrySweden>Yes</CountrySweden>
        <CountryPoland>Yes</CountryPoland>
        <CountryItaly>Yes</CountryItaly>
        <CountryNone>Yes</CountryNone>
        <CategNormal>Yes</CategNormal>
        <CategPremium>Yes</CategPremium>
        <CategSpecial>Yes</CategSpecial>
        <Single>Yes</Single>
        <TierNone>Yes</TierNone>
        <Tier1>Yes</Tier1>
        <Tier2>Yes</Tier2>
        <Tier3>Yes</Tier3>
        <Tier4>Yes</Tier4>
        <Tier5>Yes</Tier5>
        <Tier6>Yes</Tier6>
        <Tier7>Yes</Tier7>
        <Tier8>Yes</Tier8>
        <Tier9>Yes</Tier9>
        <Tier10>Yes</Tier10>
      </VisibleFor>
      <SavedByVersion>2</SavedByVersion>
      <FontSmoothing>UnhintedGDI</FontSmoothing>
      <FontFamily>Segoe UI</FontFamily>
      <FontSize>9.5</FontSize>
      <FontBold>True</FontBold>
      <FontItalic>False</FontItalic>
      <FontColor>
        <By>Class</By>
        <By2>Single</By2>
        <By3>Single</By3>
        <By4>Single</By4>
        <ClassLight>#A2FF9A</ClassLight>
        <ClassMedium>#FFF198</ClassMedium>
        <ClassHeavy>#FFACAC</ClassHeavy>
        <ClassDestroyer>#A0CFFF</ClassDestroyer>
        <ClassArtillery>#EFAEFF</ClassArtillery>
        <ClassNone>#FFFFFF</ClassNone>
        <CountryUSSR>#FFFFFF</CountryUSSR>
        <CountryGermany>#FFFFFF</CountryGermany>
        <CountryUSA>#FFFFFF</CountryUSA>
        <CountryFrance>#FFFFFF</CountryFrance>
        <CountryChina>#FFFFFF</CountryChina>
        <CountryUK>#FFFFFF</CountryUK>
        <CountryJapan>#FFFFFF</CountryJapan>
        <CountryCzech>#FFFFFF</CountryCzech>
        <CountrySweden>#FFFFFF</CountrySweden>
        <CountryPoland>#FFFFFF</CountryPoland>
        <CountryItaly>#FFFFFF</CountryItaly>
        <CountryNone>#FFFFFF</CountryNone>
        <CategNormal>#FFFFFF</CategNormal>
        <CategPremium>#FFFFFF</CategPremium>
        <CategSpecial>#FFFFFF</CategSpecial>
        <Single>#FFFFFF</Single>
        <TierNone>#FFFFFF</TierNone>
        <Tier1>#FFFFFF</Tier1>
        <Tier5>#FFFFFF</Tier5>
        <Tier10>#FFFFFF</Tier10>
      </FontColor>
      <Anchor>MidLeft</Anchor>
      <X>5</X>
      <Y>11</Y>
      <Width>70</Width>
      <Height>999</Height>
      <Baseline>True</Baseline>
      <Format null="1" />
      <isSeveralValue>False</isSeveralValue>
      <Property ref="0" />
    </item>
  </Layers>
  <ForumLink>http://forum.worldoftanks.ru/index.php?/topic/96805-075-aslains-icon-contour-mod-v176-upd-12072012/</ForumLink>
</item>