﻿<?xml version="1.0" encoding="utf-8"?>
<item>
  <Name>Black_Spy (Yasha Edition)</Name>
  <Author>Black_Spy</Author>
  <SavedByVersion>58</SavedByVersion>
  <PathTemplate></PathTemplate>
  <BattleAtlasPathTemplate null="1" />
  <VehicleMarkersAtlasPathTemplate null="1" />
  <CustomAtlasPathTemplate null="1" />
  <IconsBulkSaveEnabled>True</IconsBulkSaveEnabled>
  <BattleAtlasBulkSaveEnabled>False</BattleAtlasBulkSaveEnabled>
  <VehicleMarkersAtlasBulkSaveEnabled>False</VehicleMarkersAtlasBulkSaveEnabled>
  <CustomAtlasBulkSaveEnabled>False</CustomAtlasBulkSaveEnabled>
  <IconWidth>80</IconWidth>
  <IconHeight>24</IconHeight>
  <Centerable>False</Centerable>
  <Layers>
    <item type="TankIconMaker.Layers.BkgDarkAgentLayer">
      <Name></Name>
      <Effects />
      <Id null="1" />
      <Visible>True</Visible>
      <VisibleFor>
        <By>Single</By>
        <By2>Single</By2>
        <By3>Single</By3>
        <By4>Single</By4>
        <ClassLight>Yes</ClassLight>
        <ClassMedium>Yes</ClassMedium>
        <ClassHeavy>Yes</ClassHeavy>
        <ClassDestroyer>Yes</ClassDestroyer>
        <ClassArtillery>Yes</ClassArtillery>
        <ClassNone>Yes</ClassNone>
        <CountryUSSR>Yes</CountryUSSR>
        <CountryGermany>Yes</CountryGermany>
        <CountryUSA>Yes</CountryUSA>
        <CountryFrance>Yes</CountryFrance>
        <CountryChina>Yes</CountryChina>
        <CountryUK>Yes</CountryUK>
        <CountryJapan>Yes</CountryJapan>
        <CountryCzech>Yes</CountryCzech>
        <CountrySweden>Yes</CountrySweden>
        <CountryPoland>Yes</CountryPoland>
        <CountryItaly>Yes</CountryItaly>
        <CountryNone>Yes</CountryNone>
        <CategNormal>Yes</CategNormal>
        <CategPremium>Yes</CategPremium>
        <CategSpecial>Yes</CategSpecial>
        <Single>Yes</Single>
        <TierNone>Yes</TierNone>
        <Tier1>Yes</Tier1>
        <Tier2>Yes</Tier2>
        <Tier3>Yes</Tier3>
        <Tier4>Yes</Tier4>
        <Tier5>Yes</Tier5>
        <Tier6>Yes</Tier6>
        <Tier7>Yes</Tier7>
        <Tier8>Yes</Tier8>
        <Tier9>Yes</Tier9>
        <Tier10>Yes</Tier10>
      </VisibleFor>
      <SavedByVersion>1</SavedByVersion>
      <BackColor>
        <By>Class</By>
        <By2>Single</By2>
        <By3>Single</By3>
        <By4>Single</By4>
        <ClassLight>#B4238C23</ClassLight>
        <ClassMedium>#B4B1A700</ClassMedium>
        <ClassHeavy>#B4B52F31</ClassHeavy>
        <ClassDestroyer>#B42853A0</ClassDestroyer>
        <ClassArtillery>#B8BB56E2</ClassArtillery>
        <ClassNone>#B4FFFFFF</ClassNone>
        <CountryUSSR>#FFFFFF</CountryUSSR>
        <CountryGermany>#FFFFFF</CountryGermany>
        <CountryUSA>#FFFFFF</CountryUSA>
        <CountryFrance>#FFFFFF</CountryFrance>
        <CountryChina>#FFFFFF</CountryChina>
        <CountryUK>#FFFFFF</CountryUK>
        <CountryJapan>#FFFFFF</CountryJapan>
        <CountryCzech>#FFFFFF</CountryCzech>
        <CountrySweden>#FFFFFF</CountrySweden>
        <CountryPoland>#FFFFFF</CountryPoland>
        <CountryItaly>#FFFFFF</CountryItaly>
        <CountryNone>#FFFFFF</CountryNone>
        <CategNormal>#FFFFFF</CategNormal>
        <CategPremium>#FFFFFF</CategPremium>
        <CategSpecial>#B4B1A700</CategSpecial>
        <Single>#FFFFFF</Single>
        <TierNone>#FFFFFF</TierNone>
        <Tier1>#FFFFFF</Tier1>
        <Tier5>#FFFFFF</Tier5>
        <Tier10>#FFFFFF</Tier10>
      </BackColor>
    </item>
    <item type="TankIconMaker.Layers.TankImageLayer">
      <Name></Name>
      <Effects>
        <item type="TankIconMaker.Effects.SizePosEffect">
          <Name null="1" />
          <Visible>True</Visible>
          <VisibleFor>
            <By>Single</By>
            <By2>Single</By2>
            <By3>Single</By3>
            <By4>Single</By4>
            <ClassLight>Yes</ClassLight>
            <ClassMedium>Yes</ClassMedium>
            <ClassHeavy>Yes</ClassHeavy>
            <ClassDestroyer>Yes</ClassDestroyer>
            <ClassArtillery>Yes</ClassArtillery>
            <ClassNone>Yes</ClassNone>
            <CountryUSSR>Yes</CountryUSSR>
            <CountryGermany>Yes</CountryGermany>
            <CountryUSA>Yes</CountryUSA>
            <CountryFrance>Yes</CountryFrance>
            <CountryChina>Yes</CountryChina>
            <CountryUK>Yes</CountryUK>
            <CountryJapan>Yes</CountryJapan>
            <CountryCzech>Yes</CountryCzech>
            <CountrySweden>Yes</CountrySweden>
            <CountryPoland>Yes</CountryPoland>
            <CountryItaly>Yes</CountryItaly>
            <CountryNone>Yes</CountryNone>
            <CategNormal>Yes</CategNormal>
            <CategPremium>Yes</CategPremium>
            <CategSpecial>Yes</CategSpecial>
            <Single>Yes</Single>
            <TierNone>Yes</TierNone>
            <Tier1>Yes</Tier1>
            <Tier2>Yes</Tier2>
            <Tier3>Yes</Tier3>
            <Tier4>Yes</Tier4>
            <Tier5>Yes</Tier5>
            <Tier6>Yes</Tier6>
            <Tier7>Yes</Tier7>
            <Tier8>Yes</Tier8>
            <Tier9>Yes</Tier9>
            <Tier10>Yes</Tier10>
          </VisibleFor>
          <SavedByVersion>3</SavedByVersion>
          <PositionByPixels>True</PositionByPixels>
          <Anchor>MidCenter</Anchor>
          <X>36</X>
          <Y>11</Y>
          <SizeByPixels>True</SizeByPixels>
          <Percentage>50</Percentage>
          <Width>30</Width>
          <Height>18</Height>
          <SizeMode2>NoChange</SizeMode2>
          <GrowShrinkMode>GrowAndShrink</GrowShrinkMode>
          <Filter>Auto</Filter>
          <PixelAlphaThreshold>120</PixelAlphaThreshold>
          <ShowLayerBorders>False</ShowLayerBorders>
          <ShowPixelBorders>False</ShowPixelBorders>
          <ShowAnchor>False</ShowAnchor>
        </item>
        <item type="TankIconMaker.Effects.SizePosEffect">
          <Name null="1" />
          <Visible>False</Visible>
          <VisibleFor>
            <By>Single</By>
            <By2>Single</By2>
            <By3>Single</By3>
            <By4>Single</By4>
            <ClassLight>Yes</ClassLight>
            <ClassMedium>Yes</ClassMedium>
            <ClassHeavy>Yes</ClassHeavy>
            <ClassDestroyer>Yes</ClassDestroyer>
            <ClassArtillery>Yes</ClassArtillery>
            <ClassNone>Yes</ClassNone>
            <CountryUSSR>Yes</CountryUSSR>
            <CountryGermany>Yes</CountryGermany>
            <CountryUSA>Yes</CountryUSA>
            <CountryFrance>Yes</CountryFrance>
            <CountryChina>Yes</CountryChina>
            <CountryUK>Yes</CountryUK>
            <CountryJapan>Yes</CountryJapan>
            <CountryCzech>Yes</CountryCzech>
            <CountrySweden>Yes</CountrySweden>
            <CountryPoland>Yes</CountryPoland>
            <CountryItaly>Yes</CountryItaly>
            <CountryNone>Yes</CountryNone>
            <CategNormal>Yes</CategNormal>
            <CategPremium>Yes</CategPremium>
            <CategSpecial>Yes</CategSpecial>
            <Single>Yes</Single>
            <TierNone>Yes</TierNone>
            <Tier1>Yes</Tier1>
            <Tier2>Yes</Tier2>
            <Tier3>Yes</Tier3>
            <Tier4>Yes</Tier4>
            <Tier5>Yes</Tier5>
            <Tier6>Yes</Tier6>
            <Tier7>Yes</Tier7>
            <Tier8>Yes</Tier8>
            <Tier9>Yes</Tier9>
            <Tier10>Yes</Tier10>
          </VisibleFor>
          <SavedByVersion>3</SavedByVersion>
          <PositionByPixels>True</PositionByPixels>
          <Anchor>MidCenter</Anchor>
          <X>22</X>
          <Y>11</Y>
          <SizeByPixels>True</SizeByPixels>
          <Percentage>20</Percentage>
          <Width>30</Width>
          <Height>18</Height>
          <SizeMode2>ByPercentage</SizeMode2>
          <GrowShrinkMode>ShrinkOnly</GrowShrinkMode>
          <Filter>Auto</Filter>
          <PixelAlphaThreshold>120</PixelAlphaThreshold>
          <ShowLayerBorders>False</ShowLayerBorders>
          <ShowPixelBorders>False</ShowPixelBorders>
          <ShowAnchor>False</ShowAnchor>
        </item>
        <item type="TankIconMaker.Effects.ColorizeEffect">
          <Name null="1" />
          <Visible>False</Visible>
          <VisibleFor>
            <By>Single</By>
            <By2>Single</By2>
            <By3>Single</By3>
            <By4>Single</By4>
            <ClassLight>Yes</ClassLight>
            <ClassMedium>Yes</ClassMedium>
            <ClassHeavy>Yes</ClassHeavy>
            <ClassDestroyer>Yes</ClassDestroyer>
            <ClassArtillery>Yes</ClassArtillery>
            <ClassNone>Yes</ClassNone>
            <CountryUSSR>Yes</CountryUSSR>
            <CountryGermany>Yes</CountryGermany>
            <CountryUSA>Yes</CountryUSA>
            <CountryFrance>Yes</CountryFrance>
            <CountryChina>Yes</CountryChina>
            <CountryUK>Yes</CountryUK>
            <CountryJapan>Yes</CountryJapan>
            <CountryCzech>Yes</CountryCzech>
            <CountrySweden>Yes</CountrySweden>
            <CountryPoland>Yes</CountryPoland>
            <CountryItaly>Yes</CountryItaly>
            <CountryNone>Yes</CountryNone>
            <CategNormal>Yes</CategNormal>
            <CategPremium>Yes</CategPremium>
            <CategSpecial>Yes</CategSpecial>
            <Single>Yes</Single>
            <TierNone>Yes</TierNone>
            <Tier1>Yes</Tier1>
            <Tier2>Yes</Tier2>
            <Tier3>Yes</Tier3>
            <Tier4>Yes</Tier4>
            <Tier5>Yes</Tier5>
            <Tier6>Yes</Tier6>
            <Tier7>Yes</Tier7>
            <Tier8>Yes</Tier8>
            <Tier9>Yes</Tier9>
            <Tier10>Yes</Tier10>
          </VisibleFor>
          <SavedByVersion>1</SavedByVersion>
          <Color>
            <By>Class</By>
            <By2>Single</By2>
            <By3>Single</By3>
            <By4>Single</By4>
            <ClassLight>#00FFFFFF</ClassLight>
            <ClassMedium>#00FFFFFF</ClassMedium>
            <ClassHeavy>#00FFFFFF</ClassHeavy>
            <ClassDestroyer>#42172D6B</ClassDestroyer>
            <ClassArtillery>#42912325</ClassArtillery>
            <ClassNone>#FFFFFF</ClassNone>
            <CountryUSSR>#FFFFFF</CountryUSSR>
            <CountryGermany>#FFFFFF</CountryGermany>
            <CountryUSA>#FFFFFF</CountryUSA>
            <CountryFrance>#FFFFFF</CountryFrance>
            <CountryChina>#FFFFFF</CountryChina>
            <CountryUK>#FFFFFF</CountryUK>
            <CountryJapan>#FFFFFF</CountryJapan>
            <CountryCzech>#FFFFFF</CountryCzech>
            <CountrySweden>#FFFFFF</CountrySweden>
            <CountryPoland>#FFFFFF</CountryPoland>
            <CountryItaly>#FFFFFF</CountryItaly>
            <CountryNone>#FFFFFF</CountryNone>
            <CategNormal>#FFFFFF</CategNormal>
            <CategPremium>#FFFFFF</CategPremium>
            <CategSpecial>#FFFFFF</CategSpecial>
            <Single>#FFFFFF</Single>
            <TierNone>#FFFFFF</TierNone>
            <Tier1>#FFFFFF</Tier1>
            <Tier5>#FFFFFF</Tier5>
            <Tier10>#FFFFFF</Tier10>
          </Color>
        </item>
        <item type="TankIconMaker.Effects.ClipEffect">
          <Name null="1" />
          <Visible>True</Visible>
          <VisibleFor>
            <By>Single</By>
            <By2>Single</By2>
            <By3>Single</By3>
            <By4>Single</By4>
            <ClassLight>Yes</ClassLight>
            <ClassMedium>Yes</ClassMedium>
            <ClassHeavy>Yes</ClassHeavy>
            <ClassDestroyer>Yes</ClassDestroyer>
            <ClassArtillery>Yes</ClassArtillery>
            <ClassNone>Yes</ClassNone>
            <CountryUSSR>Yes</CountryUSSR>
            <CountryGermany>Yes</CountryGermany>
            <CountryUSA>Yes</CountryUSA>
            <CountryFrance>Yes</CountryFrance>
            <CountryChina>Yes</CountryChina>
            <CountryUK>Yes</CountryUK>
            <CountryJapan>Yes</CountryJapan>
            <CountryCzech>Yes</CountryCzech>
            <CountrySweden>Yes</CountrySweden>
            <CountryPoland>Yes</CountryPoland>
            <CountryItaly>Yes</CountryItaly>
            <CountryNone>Yes</CountryNone>
            <CategNormal>Yes</CategNormal>
            <CategPremium>Yes</CategPremium>
            <CategSpecial>Yes</CategSpecial>
            <Single>Yes</Single>
            <TierNone>Yes</TierNone>
            <Tier1>Yes</Tier1>
            <Tier2>Yes</Tier2>
            <Tier3>Yes</Tier3>
            <Tier4>Yes</Tier4>
            <Tier5>Yes</Tier5>
            <Tier6>Yes</Tier6>
            <Tier7>Yes</Tier7>
            <Tier8>Yes</Tier8>
            <Tier9>Yes</Tier9>
            <Tier10>Yes</Tier10>
          </VisibleFor>
          <SavedByVersion>1</SavedByVersion>
          <Mode>ByIconBounds</Mode>
          <PixelAlphaThreshold>120</PixelAlphaThreshold>
          <ClipLeft>0</ClipLeft>
          <ClipTop>2</ClipTop>
          <ClipRight>0</ClipRight>
          <ClipBottom>2</ClipBottom>
        </item>
      </Effects>
      <Id null="1" />
      <Visible>True</Visible>
      <VisibleFor>
        <By>Single</By>
        <By2>Single</By2>
        <By3>Single</By3>
        <By4>Single</By4>
        <ClassLight>Yes</ClassLight>
        <ClassMedium>Yes</ClassMedium>
        <ClassHeavy>Yes</ClassHeavy>
        <ClassDestroyer>Yes</ClassDestroyer>
        <ClassArtillery>Yes</ClassArtillery>
        <ClassNone>Yes</ClassNone>
        <CountryUSSR>Yes</CountryUSSR>
        <CountryGermany>Yes</CountryGermany>
        <CountryUSA>Yes</CountryUSA>
        <CountryFrance>Yes</CountryFrance>
        <CountryChina>Yes</CountryChina>
        <CountryUK>Yes</CountryUK>
        <CountryJapan>Yes</CountryJapan>
        <CountryCzech>Yes</CountryCzech>
        <CountrySweden>Yes</CountrySweden>
        <CountryPoland>Yes</CountryPoland>
        <CountryItaly>Yes</CountryItaly>
        <CountryNone>Yes</CountryNone>
        <CategNormal>Yes</CategNormal>
        <CategPremium>Yes</CategPremium>
        <CategSpecial>Yes</CategSpecial>
        <Single>Yes</Single>
        <TierNone>Yes</TierNone>
        <Tier1>Yes</Tier1>
        <Tier2>Yes</Tier2>
        <Tier3>Yes</Tier3>
        <Tier4>Yes</Tier4>
        <Tier5>Yes</Tier5>
        <Tier6>Yes</Tier6>
        <Tier7>Yes</Tier7>
        <Tier8>Yes</Tier8>
        <Tier9>Yes</Tier9>
        <Tier10>Yes</Tier10>
      </VisibleFor>
      <SavedByVersion>1</SavedByVersion>
      <Style>ThreeD</Style>
    </item>
    <item type="TankIconMaker.Layers.PropertyTextLayer">
      <Name>Tier</Name>
      <Effects>
        <item type="TankIconMaker.Effects.PixelOutlineEffect">
          <Name null="1" />
          <Visible>True</Visible>
          <VisibleFor>
            <By>Single</By>
            <By2>Single</By2>
            <By3>Single</By3>
            <By4>Single</By4>
            <ClassLight>Yes</ClassLight>
            <ClassMedium>Yes</ClassMedium>
            <ClassHeavy>Yes</ClassHeavy>
            <ClassDestroyer>Yes</ClassDestroyer>
            <ClassArtillery>Yes</ClassArtillery>
            <ClassNone>Yes</ClassNone>
            <CountryUSSR>Yes</CountryUSSR>
            <CountryGermany>Yes</CountryGermany>
            <CountryUSA>Yes</CountryUSA>
            <CountryFrance>Yes</CountryFrance>
            <CountryChina>Yes</CountryChina>
            <CountryUK>Yes</CountryUK>
            <CountryJapan>Yes</CountryJapan>
            <CountryCzech>Yes</CountryCzech>
            <CountrySweden>Yes</CountrySweden>
            <CountryPoland>Yes</CountryPoland>
            <CountryItaly>Yes</CountryItaly>
            <CountryNone>Yes</CountryNone>
            <CategNormal>Yes</CategNormal>
            <CategPremium>Yes</CategPremium>
            <CategSpecial>Yes</CategSpecial>
            <Single>Yes</Single>
            <TierNone>Yes</TierNone>
            <Tier1>Yes</Tier1>
            <Tier2>Yes</Tier2>
            <Tier3>Yes</Tier3>
            <Tier4>Yes</Tier4>
            <Tier5>Yes</Tier5>
            <Tier6>Yes</Tier6>
            <Tier7>Yes</Tier7>
            <Tier8>Yes</Tier8>
            <Tier9>Yes</Tier9>
            <Tier10>Yes</Tier10>
          </VisibleFor>
          <SavedByVersion>1</SavedByVersion>
          <Color>
            <By>Single</By>
            <By2>Single</By2>
            <By3>Single</By3>
            <By4>Single</By4>
            <ClassLight>#000000</ClassLight>
            <ClassMedium>#000000</ClassMedium>
            <ClassHeavy>#000000</ClassHeavy>
            <ClassDestroyer>#000000</ClassDestroyer>
            <ClassArtillery>#000000</ClassArtillery>
            <ClassNone>#000000</ClassNone>
            <CountryUSSR>#000000</CountryUSSR>
            <CountryGermany>#000000</CountryGermany>
            <CountryUSA>#000000</CountryUSA>
            <CountryFrance>#000000</CountryFrance>
            <CountryChina>#000000</CountryChina>
            <CountryUK>#000000</CountryUK>
            <CountryJapan>#000000</CountryJapan>
            <CountryCzech>#000000</CountryCzech>
            <CountrySweden>#000000</CountrySweden>
            <CountryPoland>#000000</CountryPoland>
            <CountryItaly>#000000</CountryItaly>
            <CountryNone>#000000</CountryNone>
            <CategNormal>#000000</CategNormal>
            <CategPremium>#000000</CategPremium>
            <CategSpecial>#000000</CategSpecial>
            <Single>#000000</Single>
            <TierNone>#000000</TierNone>
            <Tier1>#000000</Tier1>
            <Tier5>#000000</Tier5>
            <Tier10>#000000</Tier10>
          </Color>
          <Threshold>0</Threshold>
          <Inside>False</Inside>
          <KeepImage>True</KeepImage>
        </item>
        <item type="TankIconMaker.Effects.ShadowEffect">
          <Name null="1" />
          <Visible>True</Visible>
          <VisibleFor>
            <By>Single</By>
            <By2>Single</By2>
            <By3>Single</By3>
            <By4>Single</By4>
            <ClassLight>Yes</ClassLight>
            <ClassMedium>Yes</ClassMedium>
            <ClassHeavy>Yes</ClassHeavy>
            <ClassDestroyer>Yes</ClassDestroyer>
            <ClassArtillery>Yes</ClassArtillery>
            <ClassNone>Yes</ClassNone>
            <CountryUSSR>Yes</CountryUSSR>
            <CountryGermany>Yes</CountryGermany>
            <CountryUSA>Yes</CountryUSA>
            <CountryFrance>Yes</CountryFrance>
            <CountryChina>Yes</CountryChina>
            <CountryUK>Yes</CountryUK>
            <CountryJapan>Yes</CountryJapan>
            <CountryCzech>Yes</CountryCzech>
            <CountrySweden>Yes</CountrySweden>
            <CountryPoland>Yes</CountryPoland>
            <CountryItaly>Yes</CountryItaly>
            <CountryNone>Yes</CountryNone>
            <CategNormal>Yes</CategNormal>
            <CategPremium>Yes</CategPremium>
            <CategSpecial>Yes</CategSpecial>
            <Single>Yes</Single>
            <TierNone>Yes</TierNone>
            <Tier1>Yes</Tier1>
            <Tier2>Yes</Tier2>
            <Tier3>Yes</Tier3>
            <Tier4>Yes</Tier4>
            <Tier5>Yes</Tier5>
            <Tier6>Yes</Tier6>
            <Tier7>Yes</Tier7>
            <Tier8>Yes</Tier8>
            <Tier9>Yes</Tier9>
            <Tier10>Yes</Tier10>
          </VisibleFor>
          <SavedByVersion>1</SavedByVersion>
          <Radius>2</Radius>
          <Spread>0.3</Spread>
          <Color>
            <By>Single</By>
            <By2>Single</By2>
            <By3>Single</By3>
            <By4>Single</By4>
            <ClassLight>#000000</ClassLight>
            <ClassMedium>#000000</ClassMedium>
            <ClassHeavy>#000000</ClassHeavy>
            <ClassDestroyer>#000000</ClassDestroyer>
            <ClassArtillery>#000000</ClassArtillery>
            <ClassNone>#000000</ClassNone>
            <CountryUSSR>#000000</CountryUSSR>
            <CountryGermany>#000000</CountryGermany>
            <CountryUSA>#000000</CountryUSA>
            <CountryFrance>#000000</CountryFrance>
            <CountryChina>#000000</CountryChina>
            <CountryUK>#000000</CountryUK>
            <CountryJapan>#000000</CountryJapan>
            <CountryCzech>#000000</CountryCzech>
            <CountrySweden>#000000</CountrySweden>
            <CountryPoland>#000000</CountryPoland>
            <CountryItaly>#000000</CountryItaly>
            <CountryNone>#000000</CountryNone>
            <CategNormal>#000000</CategNormal>
            <CategPremium>#000000</CategPremium>
            <CategSpecial>#000000</CategSpecial>
            <Single>#000000</Single>
            <TierNone>#000000</TierNone>
            <Tier1>#000000</Tier1>
            <Tier5>#000000</Tier5>
            <Tier10>#000000</Tier10>
          </Color>
          <ShiftX>0</ShiftX>
          <ShiftY>0</ShiftY>
        </item>
      </Effects>
      <Id null="1" />
      <Visible>True</Visible>
      <VisibleFor>
        <By>Single</By>
        <By2>Single</By2>
        <By3>Single</By3>
        <By4>Single</By4>
        <ClassLight>Yes</ClassLight>
        <ClassMedium>Yes</ClassMedium>
        <ClassHeavy>Yes</ClassHeavy>
        <ClassDestroyer>Yes</ClassDestroyer>
        <ClassArtillery>Yes</ClassArtillery>
        <ClassNone>Yes</ClassNone>
        <CountryUSSR>Yes</CountryUSSR>
        <CountryGermany>Yes</CountryGermany>
        <CountryUSA>Yes</CountryUSA>
        <CountryFrance>Yes</CountryFrance>
        <CountryChina>Yes</CountryChina>
        <CountryUK>Yes</CountryUK>
        <CountryJapan>Yes</CountryJapan>
        <CountryCzech>Yes</CountryCzech>
        <CountrySweden>Yes</CountrySweden>
        <CountryPoland>Yes</CountryPoland>
        <CountryItaly>Yes</CountryItaly>
        <CountryNone>Yes</CountryNone>
        <CategNormal>Yes</CategNormal>
        <CategPremium>Yes</CategPremium>
        <CategSpecial>Yes</CategSpecial>
        <Single>Yes</Single>
        <TierNone>Yes</TierNone>
        <Tier1>Yes</Tier1>
        <Tier2>Yes</Tier2>
        <Tier3>Yes</Tier3>
        <Tier4>Yes</Tier4>
        <Tier5>Yes</Tier5>
        <Tier6>Yes</Tier6>
        <Tier7>Yes</Tier7>
        <Tier8>Yes</Tier8>
        <Tier9>Yes</Tier9>
        <Tier10>Yes</Tier10>
      </VisibleFor>
      <SavedByVersion>2</SavedByVersion>
      <FontSmoothing>Aliased</FontSmoothing>
      <FontFamily>Arial</FontFamily>
      <FontSize>8.5</FontSize>
      <FontBold>False</FontBold>
      <FontItalic>False</FontItalic>
      <FontColor>
        <By>Single</By>
        <By2>Single</By2>
        <By3>Single</By3>
        <By4>Single</By4>
        <ClassLight>#FFFFFF</ClassLight>
        <ClassMedium>#FFFFFF</ClassMedium>
        <ClassHeavy>#FFFFFF</ClassHeavy>
        <ClassDestroyer>#FFFFFF</ClassDestroyer>
        <ClassArtillery>#FFFFFF</ClassArtillery>
        <ClassNone>#FFFFFF</ClassNone>
        <CountryUSSR>#FFFFFF</CountryUSSR>
        <CountryGermany>#FFFFFF</CountryGermany>
        <CountryUSA>#FFFFFF</CountryUSA>
        <CountryFrance>#FFFFFF</CountryFrance>
        <CountryChina>#FFFFFF</CountryChina>
        <CountryUK>#FFFFFF</CountryUK>
        <CountryJapan>#FFFFFF</CountryJapan>
        <CountryCzech>#FFFFFF</CountryCzech>
        <CountrySweden>#FFFFFF</CountrySweden>
        <CountryPoland>#FFFFFF</CountryPoland>
        <CountryItaly>#FFFFFF</CountryItaly>
        <CountryNone>#FFFFFF</CountryNone>
        <CategNormal>#FFFFFF</CategNormal>
        <CategPremium>#FFFFFF</CategPremium>
        <CategSpecial>#FFFFFF</CategSpecial>
        <Single>#D2D2D2</Single>
        <TierNone>#FFFFFF</TierNone>
        <Tier1>#FFFFFF</Tier1>
        <Tier5>#FFFFFF</Tier5>
        <Tier10>#FFFFFF</Tier10>
      </FontColor>
      <Anchor>TopLeft</Anchor>
      <X>3</X>
      <Y>4</Y>
      <Width>999</Width>
      <Height>999</Height>
      <Baseline>False</Baseline>
      <Format null="1" />
      <isSeveralValue>False</isSeveralValue>
      <Property>
        <FileId>Tier (Arabic)</FileId>
        <ColumnId null="1" />
        <Author>(built-in)</Author>
      </Property>
    </item>
    <item type="TankIconMaker.Layers.PropertyTextLayer">
      <Name>Name</Name>
      <Effects>
        <item type="TankIconMaker.Effects.PixelOutlineEffect">
          <Name null="1" />
          <Visible>True</Visible>
          <VisibleFor>
            <By>Single</By>
            <By2>Single</By2>
            <By3>Single</By3>
            <By4>Single</By4>
            <ClassLight>Yes</ClassLight>
            <ClassMedium>Yes</ClassMedium>
            <ClassHeavy>Yes</ClassHeavy>
            <ClassDestroyer>Yes</ClassDestroyer>
            <ClassArtillery>Yes</ClassArtillery>
            <ClassNone>Yes</ClassNone>
            <CountryUSSR>Yes</CountryUSSR>
            <CountryGermany>Yes</CountryGermany>
            <CountryUSA>Yes</CountryUSA>
            <CountryFrance>Yes</CountryFrance>
            <CountryChina>Yes</CountryChina>
            <CountryUK>Yes</CountryUK>
            <CountryJapan>Yes</CountryJapan>
            <CountryCzech>Yes</CountryCzech>
            <CountrySweden>Yes</CountrySweden>
            <CountryPoland>Yes</CountryPoland>
            <CountryItaly>Yes</CountryItaly>
            <CountryNone>Yes</CountryNone>
            <CategNormal>Yes</CategNormal>
            <CategPremium>Yes</CategPremium>
            <CategSpecial>Yes</CategSpecial>
            <Single>Yes</Single>
            <TierNone>Yes</TierNone>
            <Tier1>Yes</Tier1>
            <Tier2>Yes</Tier2>
            <Tier3>Yes</Tier3>
            <Tier4>Yes</Tier4>
            <Tier5>Yes</Tier5>
            <Tier6>Yes</Tier6>
            <Tier7>Yes</Tier7>
            <Tier8>Yes</Tier8>
            <Tier9>Yes</Tier9>
            <Tier10>Yes</Tier10>
          </VisibleFor>
          <SavedByVersion>1</SavedByVersion>
          <Color>
            <By>Single</By>
            <By2>Single</By2>
            <By3>Single</By3>
            <By4>Single</By4>
            <ClassLight>#000000</ClassLight>
            <ClassMedium>#000000</ClassMedium>
            <ClassHeavy>#000000</ClassHeavy>
            <ClassDestroyer>#000000</ClassDestroyer>
            <ClassArtillery>#000000</ClassArtillery>
            <ClassNone>#000000</ClassNone>
            <CountryUSSR>#000000</CountryUSSR>
            <CountryGermany>#000000</CountryGermany>
            <CountryUSA>#000000</CountryUSA>
            <CountryFrance>#000000</CountryFrance>
            <CountryChina>#000000</CountryChina>
            <CountryUK>#000000</CountryUK>
            <CountryJapan>#000000</CountryJapan>
            <CountryCzech>#000000</CountryCzech>
            <CountrySweden>#000000</CountrySweden>
            <CountryPoland>#000000</CountryPoland>
            <CountryItaly>#000000</CountryItaly>
            <CountryNone>#000000</CountryNone>
            <CategNormal>#000000</CategNormal>
            <CategPremium>#000000</CategPremium>
            <CategSpecial>#000000</CategSpecial>
            <Single>#000000</Single>
            <TierNone>#000000</TierNone>
            <Tier1>#000000</Tier1>
            <Tier5>#000000</Tier5>
            <Tier10>#000000</Tier10>
          </Color>
          <Threshold>0</Threshold>
          <Inside>False</Inside>
          <KeepImage>True</KeepImage>
        </item>
        <item type="TankIconMaker.Effects.ShadowEffect">
          <Name null="1" />
          <Visible>True</Visible>
          <VisibleFor>
            <By>Single</By>
            <By2>Single</By2>
            <By3>Single</By3>
            <By4>Single</By4>
            <ClassLight>Yes</ClassLight>
            <ClassMedium>Yes</ClassMedium>
            <ClassHeavy>Yes</ClassHeavy>
            <ClassDestroyer>Yes</ClassDestroyer>
            <ClassArtillery>Yes</ClassArtillery>
            <ClassNone>Yes</ClassNone>
            <CountryUSSR>Yes</CountryUSSR>
            <CountryGermany>Yes</CountryGermany>
            <CountryUSA>Yes</CountryUSA>
            <CountryFrance>Yes</CountryFrance>
            <CountryChina>Yes</CountryChina>
            <CountryUK>Yes</CountryUK>
            <CountryJapan>Yes</CountryJapan>
            <CountryCzech>Yes</CountryCzech>
            <CountrySweden>Yes</CountrySweden>
            <CountryPoland>Yes</CountryPoland>
            <CountryItaly>Yes</CountryItaly>
            <CountryNone>Yes</CountryNone>
            <CategNormal>Yes</CategNormal>
            <CategPremium>Yes</CategPremium>
            <CategSpecial>Yes</CategSpecial>
            <Single>Yes</Single>
            <TierNone>Yes</TierNone>
            <Tier1>Yes</Tier1>
            <Tier2>Yes</Tier2>
            <Tier3>Yes</Tier3>
            <Tier4>Yes</Tier4>
            <Tier5>Yes</Tier5>
            <Tier6>Yes</Tier6>
            <Tier7>Yes</Tier7>
            <Tier8>Yes</Tier8>
            <Tier9>Yes</Tier9>
            <Tier10>Yes</Tier10>
          </VisibleFor>
          <SavedByVersion>1</SavedByVersion>
          <Radius>2</Radius>
          <Spread>0.3</Spread>
          <Color>
            <By>Single</By>
            <By2>Single</By2>
            <By3>Single</By3>
            <By4>Single</By4>
            <ClassLight>#000000</ClassLight>
            <ClassMedium>#000000</ClassMedium>
            <ClassHeavy>#000000</ClassHeavy>
            <ClassDestroyer>#000000</ClassDestroyer>
            <ClassArtillery>#000000</ClassArtillery>
            <ClassNone>#000000</ClassNone>
            <CountryUSSR>#000000</CountryUSSR>
            <CountryGermany>#000000</CountryGermany>
            <CountryUSA>#000000</CountryUSA>
            <CountryFrance>#000000</CountryFrance>
            <CountryChina>#000000</CountryChina>
            <CountryUK>#000000</CountryUK>
            <CountryJapan>#000000</CountryJapan>
            <CountryCzech>#000000</CountryCzech>
            <CountrySweden>#000000</CountrySweden>
            <CountryPoland>#000000</CountryPoland>
            <CountryItaly>#000000</CountryItaly>
            <CountryNone>#000000</CountryNone>
            <CategNormal>#000000</CategNormal>
            <CategPremium>#000000</CategPremium>
            <CategSpecial>#000000</CategSpecial>
            <Single>#000000</Single>
            <TierNone>#000000</TierNone>
            <Tier1>#000000</Tier1>
            <Tier5>#000000</Tier5>
            <Tier10>#000000</Tier10>
          </Color>
          <ShiftX>0</ShiftX>
          <ShiftY>0</ShiftY>
        </item>
      </Effects>
      <Id null="1" />
      <Visible>True</Visible>
      <VisibleFor>
        <By>Single</By>
        <By2>Single</By2>
        <By3>Single</By3>
        <By4>Single</By4>
        <ClassLight>Yes</ClassLight>
        <ClassMedium>Yes</ClassMedium>
        <ClassHeavy>Yes</ClassHeavy>
        <ClassDestroyer>Yes</ClassDestroyer>
        <ClassArtillery>Yes</ClassArtillery>
        <ClassNone>Yes</ClassNone>
        <CountryUSSR>Yes</CountryUSSR>
        <CountryGermany>Yes</CountryGermany>
        <CountryUSA>Yes</CountryUSA>
        <CountryFrance>Yes</CountryFrance>
        <CountryChina>Yes</CountryChina>
        <CountryUK>Yes</CountryUK>
        <CountryJapan>Yes</CountryJapan>
        <CountryCzech>Yes</CountryCzech>
        <CountrySweden>Yes</CountrySweden>
        <CountryPoland>Yes</CountryPoland>
        <CountryItaly>Yes</CountryItaly>
        <CountryNone>Yes</CountryNone>
        <CategNormal>Yes</CategNormal>
        <CategPremium>Yes</CategPremium>
        <CategSpecial>Yes</CategSpecial>
        <Single>Yes</Single>
        <TierNone>Yes</TierNone>
        <Tier1>Yes</Tier1>
        <Tier2>Yes</Tier2>
        <Tier3>Yes</Tier3>
        <Tier4>Yes</Tier4>
        <Tier5>Yes</Tier5>
        <Tier6>Yes</Tier6>
        <Tier7>Yes</Tier7>
        <Tier8>Yes</Tier8>
        <Tier9>Yes</Tier9>
        <Tier10>Yes</Tier10>
      </VisibleFor>
      <SavedByVersion>2</SavedByVersion>
      <FontSmoothing>Aliased</FontSmoothing>
      <FontFamily>Arial</FontFamily>
      <FontSize>8.5</FontSize>
      <FontBold>False</FontBold>
      <FontItalic>False</FontItalic>
      <FontColor>
        <By>Category</By>
        <By2>Single</By2>
        <By3>Single</By3>
        <By4>Single</By4>
        <ClassLight>#FFFFFF</ClassLight>
        <ClassMedium>#FFFFFF</ClassMedium>
        <ClassHeavy>#FFFFFF</ClassHeavy>
        <ClassDestroyer>#FFFFFF</ClassDestroyer>
        <ClassArtillery>#FFFFFF</ClassArtillery>
        <ClassNone>#FFFFFF</ClassNone>
        <CountryUSSR>#FFFFFF</CountryUSSR>
        <CountryGermany>#FFFFFF</CountryGermany>
        <CountryUSA>#FFFFFF</CountryUSA>
        <CountryFrance>#FFFFFF</CountryFrance>
        <CountryChina>#FFFFFF</CountryChina>
        <CountryUK>#FFFFFF</CountryUK>
        <CountryJapan>#FFFFFF</CountryJapan>
        <CountryCzech>#FFFFFF</CountryCzech>
        <CountrySweden>#FFFFFF</CountrySweden>
        <CountryPoland>#FFFFFF</CountryPoland>
        <CountryItaly>#FFFFFF</CountryItaly>
        <CountryNone>#FFFFFF</CountryNone>
        <CategNormal>#D2D2D2</CategNormal>
        <CategPremium>#FFFF00</CategPremium>
        <CategSpecial>#F26166</CategSpecial>
        <Single>#FFFFFF</Single>
        <TierNone>#FFFFFF</TierNone>
        <Tier1>#FFFFFF</Tier1>
        <Tier5>#FFFFFF</Tier5>
        <Tier10>#FFFFFF</Tier10>
      </FontColor>
      <Anchor>BottomRight</Anchor>
      <X>76</X>
      <Y>21</Y>
      <Width>70</Width>
      <Height>999</Height>
      <Baseline>True</Baseline>
      <Format null="1" />
      <isSeveralValue>False</isSeveralValue>
      <Property>
        <FileId>NameShort</FileId>
        <ColumnId null="1" />
        <Author>Wargaming</Author>
      </Property>
    </item>
    <item type="TankIconMaker.Layers.CustomImageLayer">
      <Name>Class</Name>
      <Effects>
        <item type="TankIconMaker.Effects.SizePosEffect">
          <Name null="1" />
          <Visible>True</Visible>
          <VisibleFor>
            <By>Single</By>
            <By2>Single</By2>
            <By3>Single</By3>
            <By4>Single</By4>
            <ClassLight>Yes</ClassLight>
            <ClassMedium>Yes</ClassMedium>
            <ClassHeavy>Yes</ClassHeavy>
            <ClassDestroyer>Yes</ClassDestroyer>
            <ClassArtillery>Yes</ClassArtillery>
            <ClassNone>Yes</ClassNone>
            <CountryUSSR>Yes</CountryUSSR>
            <CountryGermany>Yes</CountryGermany>
            <CountryUSA>Yes</CountryUSA>
            <CountryFrance>Yes</CountryFrance>
            <CountryChina>Yes</CountryChina>
            <CountryUK>Yes</CountryUK>
            <CountryJapan>Yes</CountryJapan>
            <CountryCzech>Yes</CountryCzech>
            <CountrySweden>Yes</CountrySweden>
            <CountryPoland>Yes</CountryPoland>
            <CountryItaly>Yes</CountryItaly>
            <CountryNone>Yes</CountryNone>
            <CategNormal>Yes</CategNormal>
            <CategPremium>Yes</CategPremium>
            <CategSpecial>Yes</CategSpecial>
            <Single>Yes</Single>
            <TierNone>Yes</TierNone>
            <Tier1>Yes</Tier1>
            <Tier2>Yes</Tier2>
            <Tier3>Yes</Tier3>
            <Tier4>Yes</Tier4>
            <Tier5>Yes</Tier5>
            <Tier6>Yes</Tier6>
            <Tier7>Yes</Tier7>
            <Tier8>Yes</Tier8>
            <Tier9>Yes</Tier9>
            <Tier10>Yes</Tier10>
          </VisibleFor>
          <SavedByVersion>3</SavedByVersion>
          <PositionByPixels>True</PositionByPixels>
          <Anchor>TopRight</Anchor>
          <X>76</X>
          <Y>2</Y>
          <SizeByPixels>True</SizeByPixels>
          <Percentage>50</Percentage>
          <Width>30</Width>
          <Height>18</Height>
          <SizeMode2>NoChange</SizeMode2>
          <GrowShrinkMode>GrowAndShrink</GrowShrinkMode>
          <Filter>Auto</Filter>
          <PixelAlphaThreshold>120</PixelAlphaThreshold>
          <ShowLayerBorders>False</ShowLayerBorders>
          <ShowPixelBorders>False</ShowPixelBorders>
          <ShowAnchor>False</ShowAnchor>
        </item>
        <item type="TankIconMaker.Effects.ColorizeEffect">
          <Name null="1" />
          <Visible>True</Visible>
          <VisibleFor>
            <By>Single</By>
            <By2>Single</By2>
            <By3>Single</By3>
            <By4>Single</By4>
            <ClassLight>Yes</ClassLight>
            <ClassMedium>Yes</ClassMedium>
            <ClassHeavy>Yes</ClassHeavy>
            <ClassDestroyer>Yes</ClassDestroyer>
            <ClassArtillery>Yes</ClassArtillery>
            <ClassNone>Yes</ClassNone>
            <CountryUSSR>Yes</CountryUSSR>
            <CountryGermany>Yes</CountryGermany>
            <CountryUSA>Yes</CountryUSA>
            <CountryFrance>Yes</CountryFrance>
            <CountryChina>Yes</CountryChina>
            <CountryUK>Yes</CountryUK>
            <CountryJapan>Yes</CountryJapan>
            <CountryCzech>Yes</CountryCzech>
            <CountrySweden>Yes</CountrySweden>
            <CountryPoland>Yes</CountryPoland>
            <CountryItaly>Yes</CountryItaly>
            <CountryNone>Yes</CountryNone>
            <CategNormal>Yes</CategNormal>
            <CategPremium>Yes</CategPremium>
            <CategSpecial>Yes</CategSpecial>
            <Single>Yes</Single>
            <TierNone>Yes</TierNone>
            <Tier1>Yes</Tier1>
            <Tier2>Yes</Tier2>
            <Tier3>Yes</Tier3>
            <Tier4>Yes</Tier4>
            <Tier5>Yes</Tier5>
            <Tier6>Yes</Tier6>
            <Tier7>Yes</Tier7>
            <Tier8>Yes</Tier8>
            <Tier9>Yes</Tier9>
            <Tier10>Yes</Tier10>
          </VisibleFor>
          <SavedByVersion>1</SavedByVersion>
          <Color>
            <By>Single</By>
            <By2>Single</By2>
            <By3>Single</By3>
            <By4>Single</By4>
            <ClassLight>#FFFFFF</ClassLight>
            <ClassMedium>#FFFFFF</ClassMedium>
            <ClassHeavy>#FFFFFF</ClassHeavy>
            <ClassDestroyer>#2749C6</ClassDestroyer>
            <ClassArtillery>#932C30</ClassArtillery>
            <ClassNone>#FFFFFF</ClassNone>
            <CountryUSSR>#FFFFFF</CountryUSSR>
            <CountryGermany>#FFFFFF</CountryGermany>
            <CountryUSA>#FFFFFF</CountryUSA>
            <CountryFrance>#FFFFFF</CountryFrance>
            <CountryChina>#FFFFFF</CountryChina>
            <CountryUK>#FFFFFF</CountryUK>
            <CountryJapan>#FFFFFF</CountryJapan>
            <CountryCzech>#FFFFFF</CountryCzech>
            <CountrySweden>#FFFFFF</CountrySweden>
            <CountryPoland>#FFFFFF</CountryPoland>
            <CountryItaly>#FFFFFF</CountryItaly>
            <CountryNone>#FFFFFF</CountryNone>
            <CategNormal>#FFFFFF</CategNormal>
            <CategPremium>#FFFFFF</CategPremium>
            <CategSpecial>#FFFFFF</CategSpecial>
            <Single>#EAEAEA</Single>
            <TierNone>#FFFFFF</TierNone>
            <Tier1>#FFFFFF</Tier1>
            <Tier5>#FFFFFF</Tier5>
            <Tier10>#FFFFFF</Tier10>
          </Color>
        </item>
        <item type="TankIconMaker.Effects.PixelOutlineEffect">
          <Name null="1" />
          <Visible>True</Visible>
          <VisibleFor>
            <By>Single</By>
            <By2>Single</By2>
            <By3>Single</By3>
            <By4>Single</By4>
            <ClassLight>Yes</ClassLight>
            <ClassMedium>Yes</ClassMedium>
            <ClassHeavy>Yes</ClassHeavy>
            <ClassDestroyer>Yes</ClassDestroyer>
            <ClassArtillery>Yes</ClassArtillery>
            <ClassNone>Yes</ClassNone>
            <CountryUSSR>Yes</CountryUSSR>
            <CountryGermany>Yes</CountryGermany>
            <CountryUSA>Yes</CountryUSA>
            <CountryFrance>Yes</CountryFrance>
            <CountryChina>Yes</CountryChina>
            <CountryUK>Yes</CountryUK>
            <CountryJapan>Yes</CountryJapan>
            <CountryCzech>Yes</CountryCzech>
            <CountrySweden>Yes</CountrySweden>
            <CountryPoland>Yes</CountryPoland>
            <CountryItaly>Yes</CountryItaly>
            <CountryNone>Yes</CountryNone>
            <CategNormal>Yes</CategNormal>
            <CategPremium>Yes</CategPremium>
            <CategSpecial>Yes</CategSpecial>
            <Single>Yes</Single>
            <TierNone>Yes</TierNone>
            <Tier1>Yes</Tier1>
            <Tier2>Yes</Tier2>
            <Tier3>Yes</Tier3>
            <Tier4>Yes</Tier4>
            <Tier5>Yes</Tier5>
            <Tier6>Yes</Tier6>
            <Tier7>Yes</Tier7>
            <Tier8>Yes</Tier8>
            <Tier9>Yes</Tier9>
            <Tier10>Yes</Tier10>
          </VisibleFor>
          <SavedByVersion>1</SavedByVersion>
          <Color>
            <By>Single</By>
            <By2>Single</By2>
            <By3>Single</By3>
            <By4>Single</By4>
            <ClassLight>#000000</ClassLight>
            <ClassMedium>#000000</ClassMedium>
            <ClassHeavy>#000000</ClassHeavy>
            <ClassDestroyer>#000000</ClassDestroyer>
            <ClassArtillery>#000000</ClassArtillery>
            <ClassNone>#000000</ClassNone>
            <CountryUSSR>#000000</CountryUSSR>
            <CountryGermany>#000000</CountryGermany>
            <CountryUSA>#000000</CountryUSA>
            <CountryFrance>#000000</CountryFrance>
            <CountryChina>#000000</CountryChina>
            <CountryUK>#000000</CountryUK>
            <CountryJapan>#000000</CountryJapan>
            <CountryCzech>#000000</CountryCzech>
            <CountrySweden>#000000</CountrySweden>
            <CountryPoland>#000000</CountryPoland>
            <CountryItaly>#000000</CountryItaly>
            <CountryNone>#000000</CountryNone>
            <CategNormal>#000000</CategNormal>
            <CategPremium>#000000</CategPremium>
            <CategSpecial>#000000</CategSpecial>
            <Single>#000000</Single>
            <TierNone>#000000</TierNone>
            <Tier1>#000000</Tier1>
            <Tier5>#000000</Tier5>
            <Tier10>#000000</Tier10>
          </Color>
          <Threshold>0</Threshold>
          <Inside>False</Inside>
          <KeepImage>True</KeepImage>
        </item>
        <item type="TankIconMaker.Effects.ShadowEffect">
          <Name null="1" />
          <Visible>True</Visible>
          <VisibleFor>
            <By>Single</By>
            <By2>Single</By2>
            <By3>Single</By3>
            <By4>Single</By4>
            <ClassLight>Yes</ClassLight>
            <ClassMedium>Yes</ClassMedium>
            <ClassHeavy>Yes</ClassHeavy>
            <ClassDestroyer>Yes</ClassDestroyer>
            <ClassArtillery>Yes</ClassArtillery>
            <ClassNone>Yes</ClassNone>
            <CountryUSSR>Yes</CountryUSSR>
            <CountryGermany>Yes</CountryGermany>
            <CountryUSA>Yes</CountryUSA>
            <CountryFrance>Yes</CountryFrance>
            <CountryChina>Yes</CountryChina>
            <CountryUK>Yes</CountryUK>
            <CountryJapan>Yes</CountryJapan>
            <CountryCzech>Yes</CountryCzech>
            <CountrySweden>Yes</CountrySweden>
            <CountryPoland>Yes</CountryPoland>
            <CountryItaly>Yes</CountryItaly>
            <CountryNone>Yes</CountryNone>
            <CategNormal>Yes</CategNormal>
            <CategPremium>Yes</CategPremium>
            <CategSpecial>Yes</CategSpecial>
            <Single>Yes</Single>
            <TierNone>Yes</TierNone>
            <Tier1>Yes</Tier1>
            <Tier2>Yes</Tier2>
            <Tier3>Yes</Tier3>
            <Tier4>Yes</Tier4>
            <Tier5>Yes</Tier5>
            <Tier6>Yes</Tier6>
            <Tier7>Yes</Tier7>
            <Tier8>Yes</Tier8>
            <Tier9>Yes</Tier9>
            <Tier10>Yes</Tier10>
          </VisibleFor>
          <SavedByVersion>1</SavedByVersion>
          <Radius>3.5</Radius>
          <Spread>0.5</Spread>
          <Color>
            <By>Single</By>
            <By2>Single</By2>
            <By3>Single</By3>
            <By4>Single</By4>
            <ClassLight>#000000</ClassLight>
            <ClassMedium>#000000</ClassMedium>
            <ClassHeavy>#000000</ClassHeavy>
            <ClassDestroyer>#000000</ClassDestroyer>
            <ClassArtillery>#000000</ClassArtillery>
            <ClassNone>#000000</ClassNone>
            <CountryUSSR>#000000</CountryUSSR>
            <CountryGermany>#000000</CountryGermany>
            <CountryUSA>#000000</CountryUSA>
            <CountryFrance>#000000</CountryFrance>
            <CountryChina>#000000</CountryChina>
            <CountryUK>#000000</CountryUK>
            <CountryJapan>#000000</CountryJapan>
            <CountryCzech>#000000</CountryCzech>
            <CountrySweden>#000000</CountrySweden>
            <CountryPoland>#000000</CountryPoland>
            <CountryItaly>#000000</CountryItaly>
            <CountryNone>#000000</CountryNone>
            <CategNormal>#000000</CategNormal>
            <CategPremium>#000000</CategPremium>
            <CategSpecial>#000000</CategSpecial>
            <Single>#000000</Single>
            <TierNone>#000000</TierNone>
            <Tier1>#000000</Tier1>
            <Tier5>#000000</Tier5>
            <Tier10>#000000</Tier10>
          </Color>
          <ShiftX>0</ShiftX>
          <ShiftY>0</ShiftY>
        </item>
      </Effects>
      <Id null="1" />
      <Visible>False</Visible>
      <VisibleFor>
        <By>Single</By>
        <By2>Single</By2>
        <By3>Single</By3>
        <By4>Single</By4>
        <ClassLight>Yes</ClassLight>
        <ClassMedium>Yes</ClassMedium>
        <ClassHeavy>Yes</ClassHeavy>
        <ClassDestroyer>Yes</ClassDestroyer>
        <ClassArtillery>Yes</ClassArtillery>
        <ClassNone>Yes</ClassNone>
        <CountryUSSR>Yes</CountryUSSR>
        <CountryGermany>Yes</CountryGermany>
        <CountryUSA>Yes</CountryUSA>
        <CountryFrance>Yes</CountryFrance>
        <CountryChina>Yes</CountryChina>
        <CountryUK>Yes</CountryUK>
        <CountryJapan>Yes</CountryJapan>
        <CountryCzech>Yes</CountryCzech>
        <CountrySweden>Yes</CountrySweden>
        <CountryPoland>Yes</CountryPoland>
        <CountryItaly>Yes</CountryItaly>
        <CountryNone>Yes</CountryNone>
        <CategNormal>Yes</CategNormal>
        <CategPremium>Yes</CategPremium>
        <CategSpecial>Yes</CategSpecial>
        <Single>Yes</Single>
        <TierNone>Yes</TierNone>
        <Tier1>Yes</Tier1>
        <Tier2>Yes</Tier2>
        <Tier3>Yes</Tier3>
        <Tier4>Yes</Tier4>
        <Tier5>Yes</Tier5>
        <Tier6>Yes</Tier6>
        <Tier7>Yes</Tier7>
        <Tier8>Yes</Tier8>
        <Tier9>Yes</Tier9>
        <Tier10>Yes</Tier10>
      </VisibleFor>
      <SavedByVersion>1</SavedByVersion>
      <ImageFile>
        <By>Class</By>
        <By2>Single</By2>
        <By3>Single</By3>
        <By4>Single</By4>
        <ClassLight>Images\class1-Light.png</ClassLight>
        <ClassMedium>Images\class1-Medium.png</ClassMedium>
        <ClassHeavy>Images\class1-Heavy.png</ClassHeavy>
        <ClassDestroyer>Images\class1-Destroyer.png</ClassDestroyer>
        <ClassArtillery>Images\class1-Artillery.png</ClassArtillery>
        <ClassNone></ClassNone>
        <CountryUSSR>Images\flag1-USSR.png</CountryUSSR>
        <CountryGermany>Images\flag1-Germany.png</CountryGermany>
        <CountryUSA>Images\flag1-USA.png</CountryUSA>
        <CountryFrance>Images\flag1-France.png</CountryFrance>
        <CountryChina>Images\flag de.png</CountryChina>
        <CountryUK>Images\flag gb.png</CountryUK>
        <CountryJapan></CountryJapan>
        <CountryCzech></CountryCzech>
        <CountrySweden></CountrySweden>
        <CountryPoland></CountryPoland>
        <CountryItaly></CountryItaly>
        <CountryNone></CountryNone>
        <CategNormal></CategNormal>
        <CategPremium></CategPremium>
        <CategSpecial></CategSpecial>
        <Single></Single>
        <TierNone></TierNone>
        <Tier1></Tier1>
        <Tier2></Tier2>
        <Tier3></Tier3>
        <Tier4></Tier4>
        <Tier5></Tier5>
        <Tier6></Tier6>
        <Tier7></Tier7>
        <Tier8></Tier8>
        <Tier9></Tier9>
        <Tier10></Tier10>
      </ImageFile>
    </item>
  </Layers>
  <ForumLink>http://forum.worldoftanks.ru/index.php?/topic/40161-3d-%D0%B8%D0%BA%D0%BE%D0%BD%D0%BA%D0%B8-%D1%81-%D0%BF%D0%BE%D0%B4%D0%BF%D0%B8%D1%81%D1%8F%D0%BC%D0%B8-%D0%B8-%D0%B1%D0%B5%D0%B7/</ForumLink>
</item>