﻿<?xml version="1.0" encoding="utf-8"?>
<item>
  <Name>HARDicons Colored (Kopie)</Name>
  <Author>Andrey_Hard</Author>
  <SavedByVersion>54</SavedByVersion>
  <PathTemplate>{IconPath}\{TankId}{Ext}</PathTemplate>
  <BattleAtlasPathTemplate null="1" />
  <VehicleMarkersAtlasPathTemplate null="1" />
  <CustomAtlasPathTemplate null="1" />
  <IconsBulkSaveEnabled>True</IconsBulkSaveEnabled>
  <BattleAtlasBulkSaveEnabled>False</BattleAtlasBulkSaveEnabled>
  <VehicleMarkersAtlasBulkSaveEnabled>False</VehicleMarkersAtlasBulkSaveEnabled>
  <CustomAtlasBulkSaveEnabled>False</CustomAtlasBulkSaveEnabled>
  <IconWidth>80</IconWidth>
  <IconHeight>24</IconHeight>
  <Centerable>False</Centerable>
  <Layers>
    <item type="TankIconMaker.Layers.TankImageLayer">
      <Name>Tank image</Name>
      <Effects>
        <item type="TankIconMaker.Effects.NormalizeEffect">
          <Name>Premium</Name>
          <Visible>True</Visible>
          <VisibleFor>
            <By>Category</By>
            <By2>Single</By2>
            <By3>Single</By3>
            <By4>Single</By4>
            <ClassLight>Yes</ClassLight>
            <ClassMedium>Yes</ClassMedium>
            <ClassHeavy>Yes</ClassHeavy>
            <ClassDestroyer>Yes</ClassDestroyer>
            <ClassArtillery>Yes</ClassArtillery>
            <ClassNone>Yes</ClassNone>
            <CountryUSSR>Yes</CountryUSSR>
            <CountryGermany>Yes</CountryGermany>
            <CountryUSA>Yes</CountryUSA>
            <CountryFrance>Yes</CountryFrance>
            <CountryChina>Yes</CountryChina>
            <CountryUK>Yes</CountryUK>
            <CountryJapan>Yes</CountryJapan>
            <CountryCzech>Yes</CountryCzech>
            <CountrySweden>Yes</CountrySweden>
            <CountryPoland>Yes</CountryPoland>
            <CountryItaly>Yes</CountryItaly>
            <CountryNone>Yes</CountryNone>
            <CategNormal>No</CategNormal>
            <CategPremium>Yes</CategPremium>
            <CategSpecial>Yes</CategSpecial>
            <Single>Yes</Single>
            <TierNone>Yes</TierNone>
            <Tier1>Yes</Tier1>
            <Tier2>Yes</Tier2>
            <Tier3>Yes</Tier3>
            <Tier4>Yes</Tier4>
            <Tier5>Yes</Tier5>
            <Tier6>Yes</Tier6>
            <Tier7>Yes</Tier7>
            <Tier8>Yes</Tier8>
            <Tier9>Yes</Tier9>
            <Tier10>Yes</Tier10>
          </VisibleFor>
          <SavedByVersion>1</SavedByVersion>
          <Grayscale>True</Grayscale>
          <NormalizeBrightness>True</NormalizeBrightness>
          <NormalizeAlpha>True</NormalizeAlpha>
          <MaxBrightness>242</MaxBrightness>
          <MaxAlpha>196</MaxAlpha>
        </item>
        <item type="TankIconMaker.Effects.ColorizeEffect">
          <Name>Premium</Name>
          <Visible>True</Visible>
          <VisibleFor>
            <By>Category</By>
            <By2>Single</By2>
            <By3>Single</By3>
            <By4>Single</By4>
            <ClassLight>Yes</ClassLight>
            <ClassMedium>Yes</ClassMedium>
            <ClassHeavy>Yes</ClassHeavy>
            <ClassDestroyer>Yes</ClassDestroyer>
            <ClassArtillery>Yes</ClassArtillery>
            <ClassNone>Yes</ClassNone>
            <CountryUSSR>Yes</CountryUSSR>
            <CountryGermany>Yes</CountryGermany>
            <CountryUSA>Yes</CountryUSA>
            <CountryFrance>Yes</CountryFrance>
            <CountryChina>Yes</CountryChina>
            <CountryUK>Yes</CountryUK>
            <CountryJapan>Yes</CountryJapan>
            <CountryCzech>Yes</CountryCzech>
            <CountrySweden>Yes</CountrySweden>
            <CountryPoland>Yes</CountryPoland>
            <CountryItaly>Yes</CountryItaly>
            <CountryNone>Yes</CountryNone>
            <CategNormal>No</CategNormal>
            <CategPremium>Yes</CategPremium>
            <CategSpecial>Yes</CategSpecial>
            <Single>Yes</Single>
            <TierNone>Yes</TierNone>
            <Tier1>Yes</Tier1>
            <Tier2>Yes</Tier2>
            <Tier3>Yes</Tier3>
            <Tier4>Yes</Tier4>
            <Tier5>Yes</Tier5>
            <Tier6>Yes</Tier6>
            <Tier7>Yes</Tier7>
            <Tier8>Yes</Tier8>
            <Tier9>Yes</Tier9>
            <Tier10>Yes</Tier10>
          </VisibleFor>
          <SavedByVersion>1</SavedByVersion>
          <Color>
            <By>Single</By>
            <By2>Single</By2>
            <By3>Single</By3>
            <By4>Single</By4>
            <ClassLight>#FFFFFF</ClassLight>
            <ClassMedium>#FFFFFF</ClassMedium>
            <ClassHeavy>#FFFFFF</ClassHeavy>
            <ClassDestroyer>#FFFFFF</ClassDestroyer>
            <ClassArtillery>#FFFFFF</ClassArtillery>
            <ClassNone>#FFFFFF</ClassNone>
            <CountryUSSR>#FFFFFF</CountryUSSR>
            <CountryGermany>#FFFFFF</CountryGermany>
            <CountryUSA>#FFFFFF</CountryUSA>
            <CountryFrance>#FFFFFF</CountryFrance>
            <CountryChina>#FFFFFF</CountryChina>
            <CountryUK>#FFFFFF</CountryUK>
            <CountryJapan>#FFFFFF</CountryJapan>
            <CountryCzech>#FFFFFF</CountryCzech>
            <CountrySweden>#FFFFFF</CountrySweden>
            <CountryPoland>#FFFFFF</CountryPoland>
            <CountryItaly>#FFFFFF</CountryItaly>
            <CountryNone>#FFFFFF</CountryNone>
            <CategNormal>#FFFFFF</CategNormal>
            <CategPremium>#FFFFFF</CategPremium>
            <CategSpecial>#FFFFFF</CategSpecial>
            <Single>#E65E4810</Single>
            <TierNone>#FFFFFF</TierNone>
            <Tier1>#FFFFFF</Tier1>
            <Tier5>#FFFFFF</Tier5>
            <Tier10>#FFFFFF</Tier10>
          </Color>
        </item>
        <item type="TankIconMaker.Effects.ColorizeEffect">
          <Name>LT green</Name>
          <Visible>True</Visible>
          <VisibleFor>
            <By>Category</By>
            <By2>Class</By2>
            <By3>Single</By3>
            <By4>Single</By4>
            <ClassLight>Yes</ClassLight>
            <ClassMedium>No</ClassMedium>
            <ClassHeavy>No</ClassHeavy>
            <ClassDestroyer>No</ClassDestroyer>
            <ClassArtillery>No</ClassArtillery>
            <ClassNone>Yes</ClassNone>
            <CountryUSSR>Yes</CountryUSSR>
            <CountryGermany>Yes</CountryGermany>
            <CountryUSA>Yes</CountryUSA>
            <CountryFrance>Yes</CountryFrance>
            <CountryChina>Yes</CountryChina>
            <CountryUK>Yes</CountryUK>
            <CountryJapan>Yes</CountryJapan>
            <CountryCzech>Yes</CountryCzech>
            <CountrySweden>Yes</CountrySweden>
            <CountryPoland>Yes</CountryPoland>
            <CountryItaly>Yes</CountryItaly>
            <CountryNone>Yes</CountryNone>
            <CategNormal>Passthrough</CategNormal>
            <CategPremium>No</CategPremium>
            <CategSpecial>No</CategSpecial>
            <Single>Yes</Single>
            <TierNone>Yes</TierNone>
            <Tier1>Yes</Tier1>
            <Tier2>Yes</Tier2>
            <Tier3>Yes</Tier3>
            <Tier4>Yes</Tier4>
            <Tier5>Yes</Tier5>
            <Tier6>Yes</Tier6>
            <Tier7>Yes</Tier7>
            <Tier8>Yes</Tier8>
            <Tier9>Yes</Tier9>
            <Tier10>Yes</Tier10>
          </VisibleFor>
          <SavedByVersion>1</SavedByVersion>
          <Color>
            <By>Single</By>
            <By2>Single</By2>
            <By3>Single</By3>
            <By4>Single</By4>
            <ClassLight>#FFFFFF</ClassLight>
            <ClassMedium>#FFFFFF</ClassMedium>
            <ClassHeavy>#FFFFFF</ClassHeavy>
            <ClassDestroyer>#FFFFFF</ClassDestroyer>
            <ClassArtillery>#FFFFFF</ClassArtillery>
            <ClassNone>#FFFFFF</ClassNone>
            <CountryUSSR>#FFFFFF</CountryUSSR>
            <CountryGermany>#FFFFFF</CountryGermany>
            <CountryUSA>#FFFFFF</CountryUSA>
            <CountryFrance>#FFFFFF</CountryFrance>
            <CountryChina>#FFFFFF</CountryChina>
            <CountryUK>#FFFFFF</CountryUK>
            <CountryJapan>#FFFFFF</CountryJapan>
            <CountryCzech>#FFFFFF</CountryCzech>
            <CountrySweden>#FFFFFF</CountrySweden>
            <CountryPoland>#FFFFFF</CountryPoland>
            <CountryItaly>#FFFFFF</CountryItaly>
            <CountryNone>#FFFFFF</CountryNone>
            <CategNormal>#FFFFFF</CategNormal>
            <CategPremium>#FFFFFF</CategPremium>
            <CategSpecial>#FFFFFF</CategSpecial>
            <Single>#976B885F</Single>
            <TierNone>#FFFFFF</TierNone>
            <Tier1>#FFFFFF</Tier1>
            <Tier5>#FFFFFF</Tier5>
            <Tier10>#FFFFFF</Tier10>
          </Color>
        </item>
        <item type="TankIconMaker.Effects.ColorizeEffect">
          <Name>ST yellow v2</Name>
          <Visible>True</Visible>
          <VisibleFor>
            <By>Category</By>
            <By2>Class</By2>
            <By3>Single</By3>
            <By4>Single</By4>
            <ClassLight>No</ClassLight>
            <ClassMedium>Yes</ClassMedium>
            <ClassHeavy>No</ClassHeavy>
            <ClassDestroyer>No</ClassDestroyer>
            <ClassArtillery>No</ClassArtillery>
            <ClassNone>Yes</ClassNone>
            <CountryUSSR>Yes</CountryUSSR>
            <CountryGermany>Yes</CountryGermany>
            <CountryUSA>Yes</CountryUSA>
            <CountryFrance>Yes</CountryFrance>
            <CountryChina>Yes</CountryChina>
            <CountryUK>Yes</CountryUK>
            <CountryJapan>Yes</CountryJapan>
            <CountryCzech>Yes</CountryCzech>
            <CountrySweden>Yes</CountrySweden>
            <CountryPoland>Yes</CountryPoland>
            <CountryItaly>Yes</CountryItaly>
            <CountryNone>Yes</CountryNone>
            <CategNormal>Passthrough</CategNormal>
            <CategPremium>No</CategPremium>
            <CategSpecial>No</CategSpecial>
            <Single>Yes</Single>
            <TierNone>Yes</TierNone>
            <Tier1>Yes</Tier1>
            <Tier2>Yes</Tier2>
            <Tier3>Yes</Tier3>
            <Tier4>Yes</Tier4>
            <Tier5>Yes</Tier5>
            <Tier6>Yes</Tier6>
            <Tier7>Yes</Tier7>
            <Tier8>Yes</Tier8>
            <Tier9>Yes</Tier9>
            <Tier10>Yes</Tier10>
          </VisibleFor>
          <SavedByVersion>1</SavedByVersion>
          <Color>
            <By>Single</By>
            <By2>Single</By2>
            <By3>Single</By3>
            <By4>Single</By4>
            <ClassLight>#FFFFFF</ClassLight>
            <ClassMedium>#FFFFFF</ClassMedium>
            <ClassHeavy>#FFFFFF</ClassHeavy>
            <ClassDestroyer>#FFFFFF</ClassDestroyer>
            <ClassArtillery>#FFFFFF</ClassArtillery>
            <ClassNone>#FFFFFF</ClassNone>
            <CountryUSSR>#FFFFFF</CountryUSSR>
            <CountryGermany>#FFFFFF</CountryGermany>
            <CountryUSA>#FFFFFF</CountryUSA>
            <CountryFrance>#FFFFFF</CountryFrance>
            <CountryChina>#FFFFFF</CountryChina>
            <CountryUK>#FFFFFF</CountryUK>
            <CountryJapan>#FFFFFF</CountryJapan>
            <CountryCzech>#FFFFFF</CountryCzech>
            <CountrySweden>#FFFFFF</CountrySweden>
            <CountryPoland>#FFFFFF</CountryPoland>
            <CountryItaly>#FFFFFF</CountryItaly>
            <CountryNone>#FFFFFF</CountryNone>
            <CategNormal>#FFFFFF</CategNormal>
            <CategPremium>#FFFFFF</CategPremium>
            <CategSpecial>#FFFFFF</CategSpecial>
            <Single>#C96D6135</Single>
            <TierNone>#FFFFFF</TierNone>
            <Tier1>#FFFFFF</Tier1>
            <Tier5>#FFFFFF</Tier5>
            <Tier10>#FFFFFF</Tier10>
          </Color>
        </item>
        <item type="TankIconMaker.Effects.ColorizeEffect">
          <Name>MT red</Name>
          <Visible>True</Visible>
          <VisibleFor>
            <By>Class</By>
            <By2>Single</By2>
            <By3>Single</By3>
            <By4>Single</By4>
            <ClassLight>No</ClassLight>
            <ClassMedium>Yes</ClassMedium>
            <ClassHeavy>No</ClassHeavy>
            <ClassDestroyer>No</ClassDestroyer>
            <ClassArtillery>No</ClassArtillery>
            <ClassNone>Yes</ClassNone>
            <CountryUSSR>Yes</CountryUSSR>
            <CountryGermany>Yes</CountryGermany>
            <CountryUSA>Yes</CountryUSA>
            <CountryFrance>Yes</CountryFrance>
            <CountryChina>Yes</CountryChina>
            <CountryUK>Yes</CountryUK>
            <CountryJapan>Yes</CountryJapan>
            <CountryCzech>Yes</CountryCzech>
            <CountrySweden>Yes</CountrySweden>
            <CountryPoland>Yes</CountryPoland>
            <CountryItaly>Yes</CountryItaly>
            <CountryNone>Yes</CountryNone>
            <CategNormal>Yes</CategNormal>
            <CategPremium>Yes</CategPremium>
            <CategSpecial>Yes</CategSpecial>
            <Single>Yes</Single>
            <TierNone>Yes</TierNone>
            <Tier1>Yes</Tier1>
            <Tier2>Yes</Tier2>
            <Tier3>Yes</Tier3>
            <Tier4>Yes</Tier4>
            <Tier5>Yes</Tier5>
            <Tier6>Yes</Tier6>
            <Tier7>Yes</Tier7>
            <Tier8>Yes</Tier8>
            <Tier9>Yes</Tier9>
            <Tier10>Yes</Tier10>
          </VisibleFor>
          <SavedByVersion>1</SavedByVersion>
          <Color>
            <By>Single</By>
            <By2>Single</By2>
            <By3>Single</By3>
            <By4>Single</By4>
            <ClassLight>#FFFFFF</ClassLight>
            <ClassMedium>#FFFFFF</ClassMedium>
            <ClassHeavy>#FFFFFF</ClassHeavy>
            <ClassDestroyer>#FFFFFF</ClassDestroyer>
            <ClassArtillery>#FFFFFF</ClassArtillery>
            <ClassNone>#FFFFFF</ClassNone>
            <CountryUSSR>#FFFFFF</CountryUSSR>
            <CountryGermany>#FFFFFF</CountryGermany>
            <CountryUSA>#FFFFFF</CountryUSA>
            <CountryFrance>#FFFFFF</CountryFrance>
            <CountryChina>#FFFFFF</CountryChina>
            <CountryUK>#FFFFFF</CountryUK>
            <CountryJapan>#FFFFFF</CountryJapan>
            <CountryCzech>#FFFFFF</CountryCzech>
            <CountrySweden>#FFFFFF</CountrySweden>
            <CountryPoland>#FFFFFF</CountryPoland>
            <CountryItaly>#FFFFFF</CountryItaly>
            <CountryNone>#FFFFFF</CountryNone>
            <CategNormal>#FFFFFF</CategNormal>
            <CategPremium>#FFFFFF</CategPremium>
            <CategSpecial>#FFFFFF</CategSpecial>
            <Single>#B51116</Single>
            <TierNone>#FFFFFF</TierNone>
            <Tier1>#FFFFFF</Tier1>
            <Tier5>#FFFFFF</Tier5>
            <Tier10>#FFFFFF</Tier10>
          </Color>
        </item>
        <item type="TankIconMaker.Effects.ColorizeEffect">
          <Name>TD blau</Name>
          <Visible>True</Visible>
          <VisibleFor>
            <By>Class</By>
            <By2>Single</By2>
            <By3>Single</By3>
            <By4>Single</By4>
            <ClassLight>No</ClassLight>
            <ClassMedium>No</ClassMedium>
            <ClassHeavy>No</ClassHeavy>
            <ClassDestroyer>Yes</ClassDestroyer>
            <ClassArtillery>No</ClassArtillery>
            <ClassNone>No</ClassNone>
            <CountryUSSR>Yes</CountryUSSR>
            <CountryGermany>Yes</CountryGermany>
            <CountryUSA>Yes</CountryUSA>
            <CountryFrance>Yes</CountryFrance>
            <CountryChina>Yes</CountryChina>
            <CountryUK>Yes</CountryUK>
            <CountryJapan>Yes</CountryJapan>
            <CountryCzech>Yes</CountryCzech>
            <CountrySweden>Yes</CountrySweden>
            <CountryPoland>Yes</CountryPoland>
            <CountryItaly>Yes</CountryItaly>
            <CountryNone>Yes</CountryNone>
            <CategNormal>Yes</CategNormal>
            <CategPremium>Yes</CategPremium>
            <CategSpecial>Yes</CategSpecial>
            <Single>Yes</Single>
            <TierNone>Yes</TierNone>
            <Tier1>Yes</Tier1>
            <Tier2>Yes</Tier2>
            <Tier3>Yes</Tier3>
            <Tier4>Yes</Tier4>
            <Tier5>Yes</Tier5>
            <Tier6>Yes</Tier6>
            <Tier7>Yes</Tier7>
            <Tier8>Yes</Tier8>
            <Tier9>Yes</Tier9>
            <Tier10>Yes</Tier10>
          </VisibleFor>
          <SavedByVersion>1</SavedByVersion>
          <Color>
            <By>Single</By>
            <By2>Single</By2>
            <By3>Single</By3>
            <By4>Single</By4>
            <ClassLight>#FFFFFF</ClassLight>
            <ClassMedium>#FFFFFF</ClassMedium>
            <ClassHeavy>#FFFFFF</ClassHeavy>
            <ClassDestroyer>#FFFFFF</ClassDestroyer>
            <ClassArtillery>#FFFFFF</ClassArtillery>
            <ClassNone>#FFFFFF</ClassNone>
            <CountryUSSR>#FFFFFF</CountryUSSR>
            <CountryGermany>#FFFFFF</CountryGermany>
            <CountryUSA>#FFFFFF</CountryUSA>
            <CountryFrance>#FFFFFF</CountryFrance>
            <CountryChina>#FFFFFF</CountryChina>
            <CountryUK>#FFFFFF</CountryUK>
            <CountryJapan>#FFFFFF</CountryJapan>
            <CountryCzech>#FFFFFF</CountryCzech>
            <CountrySweden>#FFFFFF</CountrySweden>
            <CountryPoland>#FFFFFF</CountryPoland>
            <CountryItaly>#FFFFFF</CountryItaly>
            <CountryNone>#FFFFFF</CountryNone>
            <CategNormal>#FFFFFF</CategNormal>
            <CategPremium>#FFFFFF</CategPremium>
            <CategSpecial>#FFFFFF</CategSpecial>
            <Single>#8787EF</Single>
            <TierNone>#FFFFFF</TierNone>
            <Tier1>#FFFFFF</Tier1>
            <Tier5>#FFFFFF</Tier5>
            <Tier10>#FFFFFF</Tier10>
          </Color>
        </item>
      </Effects>
      <Id>Medium</Id>
      <Visible>True</Visible>
      <VisibleFor>
        <By>Single</By>
        <By2>Single</By2>
        <By3>Single</By3>
        <By4>Single</By4>
        <ClassLight>Yes</ClassLight>
        <ClassMedium>Passthrough</ClassMedium>
        <ClassHeavy>Yes</ClassHeavy>
        <ClassDestroyer>Yes</ClassDestroyer>
        <ClassArtillery>Yes</ClassArtillery>
        <ClassNone>Yes</ClassNone>
        <CountryUSSR>Yes</CountryUSSR>
        <CountryGermany>Yes</CountryGermany>
        <CountryUSA>Yes</CountryUSA>
        <CountryFrance>Yes</CountryFrance>
        <CountryChina>Yes</CountryChina>
        <CountryUK>Yes</CountryUK>
        <CountryJapan>Yes</CountryJapan>
        <CountryCzech>Yes</CountryCzech>
        <CountrySweden>Yes</CountrySweden>
        <CountryPoland>Yes</CountryPoland>
        <CountryItaly>Yes</CountryItaly>
        <CountryNone>Yes</CountryNone>
        <CategNormal>Yes</CategNormal>
        <CategPremium>Yes</CategPremium>
        <CategSpecial>Yes</CategSpecial>
        <Single>Yes</Single>
        <TierNone>Yes</TierNone>
        <Tier1>Yes</Tier1>
        <Tier2>Yes</Tier2>
        <Tier3>Yes</Tier3>
        <Tier4>Yes</Tier4>
        <Tier5>Yes</Tier5>
        <Tier6>Yes</Tier6>
        <Tier7>Yes</Tier7>
        <Tier8>Yes</Tier8>
        <Tier9>Yes</Tier9>
        <Tier10>Yes</Tier10>
      </VisibleFor>
      <SavedByVersion>1</SavedByVersion>
      <Style>Contour</Style>
    </item>
    <item type="TankIconMaker.Layers.PropertyTextLayer">
      <Name>Name</Name>
      <Effects>
        <item type="TankIconMaker.Effects.ShadowEffect">
          <Name null="1" />
          <Visible>True</Visible>
          <VisibleFor>
            <By>Single</By>
            <By2>Single</By2>
            <By3>Single</By3>
            <By4>Single</By4>
            <ClassLight>Yes</ClassLight>
            <ClassMedium>Yes</ClassMedium>
            <ClassHeavy>Yes</ClassHeavy>
            <ClassDestroyer>Yes</ClassDestroyer>
            <ClassArtillery>Yes</ClassArtillery>
            <ClassNone>Yes</ClassNone>
            <CountryUSSR>Yes</CountryUSSR>
            <CountryGermany>Yes</CountryGermany>
            <CountryUSA>Yes</CountryUSA>
            <CountryFrance>Yes</CountryFrance>
            <CountryChina>Yes</CountryChina>
            <CountryUK>Yes</CountryUK>
            <CountryJapan>Yes</CountryJapan>
            <CountryCzech>Yes</CountryCzech>
            <CountrySweden>Yes</CountrySweden>
            <CountryPoland>Yes</CountryPoland>
            <CountryItaly>Yes</CountryItaly>
            <CountryNone>Yes</CountryNone>
            <CategNormal>Yes</CategNormal>
            <CategPremium>Yes</CategPremium>
            <CategSpecial>Yes</CategSpecial>
            <Single>Yes</Single>
            <TierNone>Yes</TierNone>
            <Tier1>Yes</Tier1>
            <Tier2>Yes</Tier2>
            <Tier3>Yes</Tier3>
            <Tier4>Yes</Tier4>
            <Tier5>Yes</Tier5>
            <Tier6>Yes</Tier6>
            <Tier7>Yes</Tier7>
            <Tier8>Yes</Tier8>
            <Tier9>Yes</Tier9>
            <Tier10>Yes</Tier10>
          </VisibleFor>
          <SavedByVersion>1</SavedByVersion>
          <Radius>1.5</Radius>
          <Spread>5</Spread>
          <Color>
            <By>Single</By>
            <By2>Class</By2>
            <By3>Class</By3>
            <By4>Class</By4>
            <ClassLight>#000000</ClassLight>
            <ClassMedium>#000000</ClassMedium>
            <ClassHeavy>#000000</ClassHeavy>
            <ClassDestroyer>#000000</ClassDestroyer>
            <ClassArtillery>#000000</ClassArtillery>
            <ClassNone>#000000</ClassNone>
            <CountryUSSR>#000000</CountryUSSR>
            <CountryGermany>#000000</CountryGermany>
            <CountryUSA>#000000</CountryUSA>
            <CountryFrance>#000000</CountryFrance>
            <CountryChina>#000000</CountryChina>
            <CountryUK>#000000</CountryUK>
            <CountryJapan>#000000</CountryJapan>
            <CountryCzech>#000000</CountryCzech>
            <CountrySweden>#000000</CountrySweden>
            <CountryPoland>#000000</CountryPoland>
            <CountryItaly>#000000</CountryItaly>
            <CountryNone>#000000</CountryNone>
            <CategNormal>#000000</CategNormal>
            <CategPremium>#000000</CategPremium>
            <CategSpecial>#000000</CategSpecial>
            <Single>#000000</Single>
            <TierNone>#000000</TierNone>
            <Tier1>#000000</Tier1>
            <Tier5>#000000</Tier5>
            <Tier10>#000000</Tier10>
          </Color>
          <ShiftX>0</ShiftX>
          <ShiftY>0</ShiftY>
        </item>
      </Effects>
      <Id null="1" />
      <Visible>True</Visible>
      <VisibleFor>
        <By>Single</By>
        <By2>Single</By2>
        <By3>Single</By3>
        <By4>Single</By4>
        <ClassLight>Yes</ClassLight>
        <ClassMedium>Yes</ClassMedium>
        <ClassHeavy>Yes</ClassHeavy>
        <ClassDestroyer>Yes</ClassDestroyer>
        <ClassArtillery>Yes</ClassArtillery>
        <ClassNone>Yes</ClassNone>
        <CountryUSSR>Yes</CountryUSSR>
        <CountryGermany>Yes</CountryGermany>
        <CountryUSA>Yes</CountryUSA>
        <CountryFrance>Yes</CountryFrance>
        <CountryChina>Yes</CountryChina>
        <CountryUK>Yes</CountryUK>
        <CountryJapan>Yes</CountryJapan>
        <CountryCzech>Yes</CountryCzech>
        <CountrySweden>Yes</CountrySweden>
        <CountryPoland>Yes</CountryPoland>
        <CountryItaly>Yes</CountryItaly>
        <CountryNone>Yes</CountryNone>
        <CategNormal>Yes</CategNormal>
        <CategPremium>Yes</CategPremium>
        <CategSpecial>Yes</CategSpecial>
        <Single>Yes</Single>
        <TierNone>Yes</TierNone>
        <Tier1>Yes</Tier1>
        <Tier2>Yes</Tier2>
        <Tier3>Yes</Tier3>
        <Tier4>Yes</Tier4>
        <Tier5>Yes</Tier5>
        <Tier6>Yes</Tier6>
        <Tier7>Yes</Tier7>
        <Tier8>Yes</Tier8>
        <Tier9>Yes</Tier9>
        <Tier10>Yes</Tier10>
      </VisibleFor>
      <SavedByVersion>2</SavedByVersion>
      <FontSmoothing>ClearType</FontSmoothing>
      <FontFamily>Tahoma</FontFamily>
      <FontSize>8.5</FontSize>
      <FontBold>False</FontBold>
      <FontItalic>False</FontItalic>
      <FontColor>
        <By>Category</By>
        <By2>Class</By2>
        <By3>Single</By3>
        <By4>Single</By4>
        <ClassLight>#B4C69E</ClassLight>
        <ClassMedium>#E3C6B571</ClassMedium>
        <ClassHeavy>#E3CCC3B0</ClassHeavy>
        <ClassDestroyer>#AEAEBF</ClassDestroyer>
        <ClassArtillery>#AD947E</ClassArtillery>
        <ClassNone>#FFFFFF</ClassNone>
        <CountryUSSR>#FFFFFF</CountryUSSR>
        <CountryGermany>#FFFFFF</CountryGermany>
        <CountryUSA>#FFFFFF</CountryUSA>
        <CountryFrance>#FFFFFF</CountryFrance>
        <CountryChina>#FFFFFF</CountryChina>
        <CountryUK>#FFFFFF</CountryUK>
        <CountryJapan>#FFFFFF</CountryJapan>
        <CountryCzech>#FFFFFF</CountryCzech>
        <CountrySweden>#FFFFFF</CountrySweden>
        <CountryPoland>#FFFFFF</CountryPoland>
        <CountryItaly>#FFFFFF</CountryItaly>
        <CountryNone>#FFFFFF</CountryNone>
        <CategNormal>#00000000</CategNormal>
        <CategPremium>#D5E5C554</CategPremium>
        <CategSpecial>#D5E5C554</CategSpecial>
        <Single>#FFFFFF</Single>
        <TierNone>#FFFFFF</TierNone>
        <Tier1>#FFFFFF</Tier1>
        <Tier5>#FFFFFF</Tier5>
        <Tier10>#FFFFFF</Tier10>
      </FontColor>
      <Anchor>BottomLeft</Anchor>
      <X>25</X>
      <Y>22</Y>
      <Width>54</Width>
      <Height>999</Height>
      <Baseline>False</Baseline>
      <Format null="1" />
      <Property>
        <FileId>NameShort</FileId>
        <ColumnId null="1" />
        <Author>Wargaming</Author>
      </Property>
    </item>
    <item type="TankIconMaker.Layers.PropertyTextLayer">
      <Name>Tier</Name>
      <Effects>
        <item type="TankIconMaker.Effects.ShadowEffect">
          <Name null="1" />
          <Visible>True</Visible>
          <VisibleFor>
            <By>Single</By>
            <By2>Single</By2>
            <By3>Single</By3>
            <By4>Single</By4>
            <ClassLight>Yes</ClassLight>
            <ClassMedium>Yes</ClassMedium>
            <ClassHeavy>Yes</ClassHeavy>
            <ClassDestroyer>Yes</ClassDestroyer>
            <ClassArtillery>Yes</ClassArtillery>
            <ClassNone>Yes</ClassNone>
            <CountryUSSR>Yes</CountryUSSR>
            <CountryGermany>Yes</CountryGermany>
            <CountryUSA>Yes</CountryUSA>
            <CountryFrance>Yes</CountryFrance>
            <CountryChina>Yes</CountryChina>
            <CountryUK>Yes</CountryUK>
            <CountryJapan>Yes</CountryJapan>
            <CountryCzech>Yes</CountryCzech>
            <CountrySweden>Yes</CountrySweden>
            <CountryPoland>Yes</CountryPoland>
            <CountryItaly>Yes</CountryItaly>
            <CountryNone>Yes</CountryNone>
            <CategNormal>Yes</CategNormal>
            <CategPremium>Yes</CategPremium>
            <CategSpecial>Yes</CategSpecial>
            <Single>Yes</Single>
            <TierNone>Yes</TierNone>
            <Tier1>Yes</Tier1>
            <Tier2>Yes</Tier2>
            <Tier3>Yes</Tier3>
            <Tier4>Yes</Tier4>
            <Tier5>Yes</Tier5>
            <Tier6>Yes</Tier6>
            <Tier7>Yes</Tier7>
            <Tier8>Yes</Tier8>
            <Tier9>Yes</Tier9>
            <Tier10>Yes</Tier10>
          </VisibleFor>
          <SavedByVersion>1</SavedByVersion>
          <Radius>1.5</Radius>
          <Spread>5</Spread>
          <Color>
            <By>Single</By>
            <By2>Class</By2>
            <By3>Class</By3>
            <By4>Class</By4>
            <ClassLight>#000000</ClassLight>
            <ClassMedium>#000000</ClassMedium>
            <ClassHeavy>#000000</ClassHeavy>
            <ClassDestroyer>#000000</ClassDestroyer>
            <ClassArtillery>#000000</ClassArtillery>
            <ClassNone>#000000</ClassNone>
            <CountryUSSR>#000000</CountryUSSR>
            <CountryGermany>#000000</CountryGermany>
            <CountryUSA>#000000</CountryUSA>
            <CountryFrance>#000000</CountryFrance>
            <CountryChina>#000000</CountryChina>
            <CountryUK>#000000</CountryUK>
            <CountryJapan>#000000</CountryJapan>
            <CountryCzech>#000000</CountryCzech>
            <CountrySweden>#000000</CountrySweden>
            <CountryPoland>#000000</CountryPoland>
            <CountryItaly>#000000</CountryItaly>
            <CountryNone>#000000</CountryNone>
            <CategNormal>#000000</CategNormal>
            <CategPremium>#000000</CategPremium>
            <CategSpecial>#000000</CategSpecial>
            <Single>#000000</Single>
            <TierNone>#000000</TierNone>
            <Tier1>#000000</Tier1>
            <Tier5>#000000</Tier5>
            <Tier10>#000000</Tier10>
          </Color>
          <ShiftX>0</ShiftX>
          <ShiftY>0</ShiftY>
        </item>
      </Effects>
      <Id null="1" />
      <Visible>True</Visible>
      <VisibleFor>
        <By>Single</By>
        <By2>Single</By2>
        <By3>Single</By3>
        <By4>Single</By4>
        <ClassLight>Yes</ClassLight>
        <ClassMedium>Yes</ClassMedium>
        <ClassHeavy>Yes</ClassHeavy>
        <ClassDestroyer>Yes</ClassDestroyer>
        <ClassArtillery>Yes</ClassArtillery>
        <ClassNone>Yes</ClassNone>
        <CountryUSSR>Yes</CountryUSSR>
        <CountryGermany>Yes</CountryGermany>
        <CountryUSA>Yes</CountryUSA>
        <CountryFrance>Yes</CountryFrance>
        <CountryChina>Yes</CountryChina>
        <CountryUK>Yes</CountryUK>
        <CountryJapan>Yes</CountryJapan>
        <CountryCzech>Yes</CountryCzech>
        <CountrySweden>Yes</CountrySweden>
        <CountryPoland>Yes</CountryPoland>
        <CountryItaly>Yes</CountryItaly>
        <CountryNone>Yes</CountryNone>
        <CategNormal>Yes</CategNormal>
        <CategPremium>Yes</CategPremium>
        <CategSpecial>Yes</CategSpecial>
        <Single>Yes</Single>
        <TierNone>Yes</TierNone>
        <Tier1>Yes</Tier1>
        <Tier2>Yes</Tier2>
        <Tier3>Yes</Tier3>
        <Tier4>Yes</Tier4>
        <Tier5>Yes</Tier5>
        <Tier6>Yes</Tier6>
        <Tier7>Yes</Tier7>
        <Tier8>Yes</Tier8>
        <Tier9>Yes</Tier9>
        <Tier10>Yes</Tier10>
      </VisibleFor>
      <SavedByVersion>2</SavedByVersion>
      <FontSmoothing>ClearType</FontSmoothing>
      <FontFamily>Tahoma</FontFamily>
      <FontSize>7.5</FontSize>
      <FontBold>False</FontBold>
      <FontItalic>False</FontItalic>
      <FontColor>
        <By>Category</By>
        <By2>Class</By2>
        <By3>Single</By3>
        <By4>Single</By4>
        <ClassLight>#B4C69E</ClassLight>
        <ClassMedium>#E3C6B571</ClassMedium>
        <ClassHeavy>#E3CCC3B0</ClassHeavy>
        <ClassDestroyer>#AEAEBF</ClassDestroyer>
        <ClassArtillery>#AD947E</ClassArtillery>
        <ClassNone>#FFFFFF</ClassNone>
        <CountryUSSR>#FFFFFF</CountryUSSR>
        <CountryGermany>#FFFFFF</CountryGermany>
        <CountryUSA>#FFFFFF</CountryUSA>
        <CountryFrance>#FFFFFF</CountryFrance>
        <CountryChina>#FFFFFF</CountryChina>
        <CountryUK>#FFFFFF</CountryUK>
        <CountryJapan>#FFFFFF</CountryJapan>
        <CountryCzech>#FFFFFF</CountryCzech>
        <CountrySweden>#FFFFFF</CountrySweden>
        <CountryPoland>#FFFFFF</CountryPoland>
        <CountryItaly>#FFFFFF</CountryItaly>
        <CountryNone>#FFFFFF</CountryNone>
        <CategNormal>#00000000</CategNormal>
        <CategPremium>#D5E5C554</CategPremium>
        <CategSpecial>#D5E5C554</CategSpecial>
        <Single>#FFFFFF</Single>
        <TierNone>#FFFFFF</TierNone>
        <Tier1>#FFFFFF</Tier1>
        <Tier5>#FFFFFF</Tier5>
        <Tier10>#FFFFFF</Tier10>
      </FontColor>
      <Anchor>TopLeft</Anchor>
      <X>1</X>
      <Y>1</Y>
      <Width>999</Width>
      <Height>999</Height>
      <Baseline>False</Baseline>
      <Format null="1" />
      <Property>
        <FileId>Tier (Roman)</FileId>
        <ColumnId null="1" />
        <Author>(built-in)</Author>
      </Property>
    </item>
  </Layers>
  <ForumLink>http://forum.worldoftanks.ru/index.php?/topic/374544-hardicons-v074-%D0%B8%D0%BA%D0%BE%D0%BD%D0%BA%D0%B8-%D0%B8%D0%B3%D1%80%D0%BE%D0%B2%D0%BE%D0%B3%D0%BE-%D0%B8%D0%BD%D1%82%D0%B5%D1%80%D1%84%D0%B5%D0%B9%D1%81%D0%B0/</ForumLink>
</item>