﻿<?xml version="1.0" encoding="utf-8"?>
<item>
  <Name>man1aq_ revived (premalt)</Name>
  <Author>Wojtus11</Author>
  <SavedByVersion>56</SavedByVersion>
  <PathTemplate></PathTemplate>
  <BattleAtlasPathTemplate null="1" />
  <VehicleMarkersAtlasPathTemplate null="1" />
  <CustomAtlasPathTemplate null="1" />
  <IconsBulkSaveEnabled>True</IconsBulkSaveEnabled>
  <BattleAtlasBulkSaveEnabled>False</BattleAtlasBulkSaveEnabled>
  <VehicleMarkersAtlasBulkSaveEnabled>False</VehicleMarkersAtlasBulkSaveEnabled>
  <CustomAtlasBulkSaveEnabled>False</CustomAtlasBulkSaveEnabled>
  <IconWidth>80</IconWidth>
  <IconHeight>24</IconHeight>
  <Centerable>True</Centerable>
  <Layers>
    <item type="TankIconMaker.Layers.CustomImageLayer">
      <Name>background</Name>
      <Effects />
      <Id null="1" />
      <Visible>True</Visible>
      <VisibleFor>
        <By>Single</By>
        <By2>Single</By2>
        <By3>Single</By3>
        <By4>Single</By4>
        <ClassLight>Yes</ClassLight>
        <ClassMedium>Yes</ClassMedium>
        <ClassHeavy>Yes</ClassHeavy>
        <ClassDestroyer>Yes</ClassDestroyer>
        <ClassArtillery>Yes</ClassArtillery>
        <ClassNone>Yes</ClassNone>
        <CountryUSSR>Yes</CountryUSSR>
        <CountryGermany>Yes</CountryGermany>
        <CountryUSA>Yes</CountryUSA>
        <CountryFrance>Yes</CountryFrance>
        <CountryChina>Yes</CountryChina>
        <CountryUK>Yes</CountryUK>
        <CountryJapan>Yes</CountryJapan>
        <CountryCzech>Yes</CountryCzech>
        <CountrySweden>Yes</CountrySweden>
        <CountryPoland>Yes</CountryPoland>
        <CountryItaly>Yes</CountryItaly>
        <CountryNone>Yes</CountryNone>
        <CategNormal>Yes</CategNormal>
        <CategPremium>Yes</CategPremium>
        <CategSpecial>Yes</CategSpecial>
        <Single>Yes</Single>
        <TierNone>Yes</TierNone>
        <Tier1>Yes</Tier1>
        <Tier2>Yes</Tier2>
        <Tier3>Yes</Tier3>
        <Tier4>Yes</Tier4>
        <Tier5>Yes</Tier5>
        <Tier6>Yes</Tier6>
        <Tier7>Yes</Tier7>
        <Tier8>Yes</Tier8>
        <Tier9>Yes</Tier9>
        <Tier10>Yes</Tier10>
      </VisibleFor>
      <SavedByVersion>1</SavedByVersion>
      <ImageFile>
        <By>Class</By>
        <By2>Single</By2>
        <By3>Single</By3>
        <By4>Single</By4>
        <ClassLight>mr\tpl\border-light.png</ClassLight>
        <ClassMedium>mr\tpl\border-medium.png</ClassMedium>
        <ClassHeavy>mr\tpl\border-heavy.png</ClassHeavy>
        <ClassDestroyer>mr\tpl\border-destroyer.png</ClassDestroyer>
        <ClassArtillery>mr\tpl\border-artillery.png</ClassArtillery>
        <ClassNone></ClassNone>
        <CountryUSSR></CountryUSSR>
        <CountryGermany></CountryGermany>
        <CountryUSA></CountryUSA>
        <CountryFrance></CountryFrance>
        <CountryChina></CountryChina>
        <CountryUK></CountryUK>
        <CountryJapan></CountryJapan>
        <CountryCzech></CountryCzech>
        <CountrySweden></CountrySweden>
        <CountryPoland></CountryPoland>
        <CountryItaly></CountryItaly>
        <CountryNone></CountryNone>
        <CategNormal></CategNormal>
        <CategPremium></CategPremium>
        <CategSpecial></CategSpecial>
        <Single></Single>
        <TierNone>mr\tpl\border-purple.png</TierNone>
        <Tier1></Tier1>
        <Tier2></Tier2>
        <Tier3></Tier3>
        <Tier4></Tier4>
        <Tier5></Tier5>
        <Tier6></Tier6>
        <Tier7></Tier7>
        <Tier8></Tier8>
        <Tier9></Tier9>
        <Tier10></Tier10>
      </ImageFile>
    </item>
    <item type="TankIconMaker.Layers.FilenamePatternImageLayer">
      <Name>1. PLAIN</Name>
      <Effects />
      <Id null="1" />
      <Visible>False</Visible>
      <VisibleFor>
        <By>Single</By>
        <By2>Single</By2>
        <By3>Single</By3>
        <By4>Single</By4>
        <ClassLight>Yes</ClassLight>
        <ClassMedium>Yes</ClassMedium>
        <ClassHeavy>Yes</ClassHeavy>
        <ClassDestroyer>Yes</ClassDestroyer>
        <ClassArtillery>Yes</ClassArtillery>
        <ClassNone>Yes</ClassNone>
        <CountryUSSR>Yes</CountryUSSR>
        <CountryGermany>Yes</CountryGermany>
        <CountryUSA>Yes</CountryUSA>
        <CountryFrance>Yes</CountryFrance>
        <CountryChina>Yes</CountryChina>
        <CountryUK>Yes</CountryUK>
        <CountryJapan>Yes</CountryJapan>
        <CountryCzech>Yes</CountryCzech>
        <CountrySweden>Yes</CountrySweden>
        <CountryPoland>Yes</CountryPoland>
        <CountryItaly>Yes</CountryItaly>
        <CountryNone>Yes</CountryNone>
        <CategNormal>Yes</CategNormal>
        <CategPremium>Yes</CategPremium>
        <CategSpecial>Yes</CategSpecial>
        <Single>Yes</Single>
        <TierNone>Yes</TierNone>
        <Tier1>Yes</Tier1>
        <Tier2>Yes</Tier2>
        <Tier3>Yes</Tier3>
        <Tier4>Yes</Tier4>
        <Tier5>Yes</Tier5>
        <Tier6>Yes</Tier6>
        <Tier7>Yes</Tier7>
        <Tier8>Yes</Tier8>
        <Tier9>Yes</Tier9>
        <Tier10>Yes</Tier10>
      </VisibleFor>
      <SavedByVersion>1</SavedByVersion>
      <Pattern>mr/tpl/plain/{category}-{tier}.png</Pattern>
    </item>
    <item type="TankIconMaker.Layers.FilenamePatternImageLayer">
      <Name>2. PREMALT border</Name>
      <Effects />
      <Id null="1" />
      <Visible>True</Visible>
      <VisibleFor>
        <By>Single</By>
        <By2>Single</By2>
        <By3>Single</By3>
        <By4>Single</By4>
        <ClassLight>Yes</ClassLight>
        <ClassMedium>Yes</ClassMedium>
        <ClassHeavy>Yes</ClassHeavy>
        <ClassDestroyer>Yes</ClassDestroyer>
        <ClassArtillery>Yes</ClassArtillery>
        <ClassNone>Yes</ClassNone>
        <CountryUSSR>Yes</CountryUSSR>
        <CountryGermany>Yes</CountryGermany>
        <CountryUSA>Yes</CountryUSA>
        <CountryFrance>Yes</CountryFrance>
        <CountryChina>Yes</CountryChina>
        <CountryUK>Yes</CountryUK>
        <CountryJapan>Yes</CountryJapan>
        <CountryCzech>Yes</CountryCzech>
        <CountrySweden>Yes</CountrySweden>
        <CountryPoland>Yes</CountryPoland>
        <CountryItaly>Yes</CountryItaly>
        <CountryNone>Yes</CountryNone>
        <CategNormal>Yes</CategNormal>
        <CategPremium>Yes</CategPremium>
        <CategSpecial>Yes</CategSpecial>
        <Single>Yes</Single>
        <TierNone>Yes</TierNone>
        <Tier1>Yes</Tier1>
        <Tier2>Yes</Tier2>
        <Tier3>Yes</Tier3>
        <Tier4>Yes</Tier4>
        <Tier5>Yes</Tier5>
        <Tier6>Yes</Tier6>
        <Tier7>Yes</Tier7>
        <Tier8>Yes</Tier8>
        <Tier9>Yes</Tier9>
        <Tier10>Yes</Tier10>
      </VisibleFor>
      <SavedByVersion>1</SavedByVersion>
      <Pattern>mr/tpl/premalt/border-{class}-{category}.png</Pattern>
    </item>
    <item type="TankIconMaker.Layers.FilenamePatternImageLayer">
      <Name>2. PREMALT</Name>
      <Effects />
      <Id null="1" />
      <Visible>True</Visible>
      <VisibleFor>
        <By>Single</By>
        <By2>Single</By2>
        <By3>Single</By3>
        <By4>Single</By4>
        <ClassLight>Yes</ClassLight>
        <ClassMedium>Yes</ClassMedium>
        <ClassHeavy>Yes</ClassHeavy>
        <ClassDestroyer>Yes</ClassDestroyer>
        <ClassArtillery>Yes</ClassArtillery>
        <ClassNone>Yes</ClassNone>
        <CountryUSSR>Yes</CountryUSSR>
        <CountryGermany>Yes</CountryGermany>
        <CountryUSA>Yes</CountryUSA>
        <CountryFrance>Yes</CountryFrance>
        <CountryChina>Yes</CountryChina>
        <CountryUK>Yes</CountryUK>
        <CountryJapan>Yes</CountryJapan>
        <CountryCzech>Yes</CountryCzech>
        <CountrySweden>Yes</CountrySweden>
        <CountryPoland>Yes</CountryPoland>
        <CountryItaly>Yes</CountryItaly>
        <CountryNone>Yes</CountryNone>
        <CategNormal>Yes</CategNormal>
        <CategPremium>Yes</CategPremium>
        <CategSpecial>Yes</CategSpecial>
        <Single>Yes</Single>
        <TierNone>Yes</TierNone>
        <Tier1>Yes</Tier1>
        <Tier2>Yes</Tier2>
        <Tier3>Yes</Tier3>
        <Tier4>Yes</Tier4>
        <Tier5>Yes</Tier5>
        <Tier6>Yes</Tier6>
        <Tier7>Yes</Tier7>
        <Tier8>Yes</Tier8>
        <Tier9>Yes</Tier9>
        <Tier10>Yes</Tier10>
      </VisibleFor>
      <SavedByVersion>1</SavedByVersion>
      <Pattern>mr/tpl/premalt/{category}-{tier}.png</Pattern>
    </item>
    <item type="TankIconMaker.Layers.FilenamePatternImageLayer">
      <Name>3. UniqPREM</Name>
      <Effects />
      <Id null="1" />
      <Visible>True</Visible>
      <VisibleFor>
        <By>Single</By>
        <By2>Single</By2>
        <By3>Single</By3>
        <By4>Single</By4>
        <ClassLight>Yes</ClassLight>
        <ClassMedium>Yes</ClassMedium>
        <ClassHeavy>Yes</ClassHeavy>
        <ClassDestroyer>Yes</ClassDestroyer>
        <ClassArtillery>Yes</ClassArtillery>
        <ClassNone>Yes</ClassNone>
        <CountryUSSR>Yes</CountryUSSR>
        <CountryGermany>Yes</CountryGermany>
        <CountryUSA>Yes</CountryUSA>
        <CountryFrance>Yes</CountryFrance>
        <CountryChina>Yes</CountryChina>
        <CountryUK>Yes</CountryUK>
        <CountryJapan>Yes</CountryJapan>
        <CountryCzech>Yes</CountryCzech>
        <CountrySweden>Yes</CountrySweden>
        <CountryPoland>Yes</CountryPoland>
        <CountryItaly>Yes</CountryItaly>
        <CountryNone>Yes</CountryNone>
        <CategNormal>Yes</CategNormal>
        <CategPremium>Yes</CategPremium>
        <CategSpecial>Yes</CategSpecial>
        <Single>Yes</Single>
        <TierNone>Yes</TierNone>
        <Tier1>Yes</Tier1>
        <Tier2>Yes</Tier2>
        <Tier3>Yes</Tier3>
        <Tier4>Yes</Tier4>
        <Tier5>Yes</Tier5>
        <Tier6>Yes</Tier6>
        <Tier7>Yes</Tier7>
        <Tier8>Yes</Tier8>
        <Tier9>Yes</Tier9>
        <Tier10>Yes</Tier10>
      </VisibleFor>
      <SavedByVersion>1</SavedByVersion>
      <Pattern>mr/tpl/uniqprem/{category}-{tier}.png</Pattern>
    </item>
    <item type="TankIconMaker.Layers.FilenamePatternImageLayer">
      <Name>[OFF] 4. UniqPREMALT border</Name>
      <Effects />
      <Id null="1" />
      <Visible>False</Visible>
      <VisibleFor>
        <By>Single</By>
        <By2>Single</By2>
        <By3>Single</By3>
        <By4>Single</By4>
        <ClassLight>Yes</ClassLight>
        <ClassMedium>Yes</ClassMedium>
        <ClassHeavy>Yes</ClassHeavy>
        <ClassDestroyer>Yes</ClassDestroyer>
        <ClassArtillery>Yes</ClassArtillery>
        <ClassNone>Yes</ClassNone>
        <CountryUSSR>Yes</CountryUSSR>
        <CountryGermany>Yes</CountryGermany>
        <CountryUSA>Yes</CountryUSA>
        <CountryFrance>Yes</CountryFrance>
        <CountryChina>Yes</CountryChina>
        <CountryUK>Yes</CountryUK>
        <CountryJapan>Yes</CountryJapan>
        <CountryCzech>Yes</CountryCzech>
        <CountrySweden>Yes</CountrySweden>
        <CountryPoland>Yes</CountryPoland>
        <CountryItaly>Yes</CountryItaly>
        <CountryNone>Yes</CountryNone>
        <CategNormal>Yes</CategNormal>
        <CategPremium>Yes</CategPremium>
        <CategSpecial>Yes</CategSpecial>
        <Single>Yes</Single>
        <TierNone>Yes</TierNone>
        <Tier1>Yes</Tier1>
        <Tier2>Yes</Tier2>
        <Tier3>Yes</Tier3>
        <Tier4>Yes</Tier4>
        <Tier5>Yes</Tier5>
        <Tier6>Yes</Tier6>
        <Tier7>Yes</Tier7>
        <Tier8>Yes</Tier8>
        <Tier9>Yes</Tier9>
        <Tier10>Yes</Tier10>
      </VisibleFor>
      <SavedByVersion>1</SavedByVersion>
      <Pattern>mr/tpl/uniqpremalt/border-{class}-{category}.png</Pattern>
    </item>
    <item type="TankIconMaker.Layers.FilenamePatternImageLayer">
      <Name>[OFF] 4. UniqPREMALT</Name>
      <Effects />
      <Id null="1" />
      <Visible>False</Visible>
      <VisibleFor>
        <By>Single</By>
        <By2>Single</By2>
        <By3>Single</By3>
        <By4>Single</By4>
        <ClassLight>Yes</ClassLight>
        <ClassMedium>Yes</ClassMedium>
        <ClassHeavy>Yes</ClassHeavy>
        <ClassDestroyer>Yes</ClassDestroyer>
        <ClassArtillery>Yes</ClassArtillery>
        <ClassNone>Yes</ClassNone>
        <CountryUSSR>Yes</CountryUSSR>
        <CountryGermany>Yes</CountryGermany>
        <CountryUSA>Yes</CountryUSA>
        <CountryFrance>Yes</CountryFrance>
        <CountryChina>Yes</CountryChina>
        <CountryUK>Yes</CountryUK>
        <CountryJapan>Yes</CountryJapan>
        <CountryCzech>Yes</CountryCzech>
        <CountrySweden>Yes</CountrySweden>
        <CountryPoland>Yes</CountryPoland>
        <CountryItaly>Yes</CountryItaly>
        <CountryNone>Yes</CountryNone>
        <CategNormal>Yes</CategNormal>
        <CategPremium>Yes</CategPremium>
        <CategSpecial>Yes</CategSpecial>
        <Single>Yes</Single>
        <TierNone>Yes</TierNone>
        <Tier1>Yes</Tier1>
        <Tier2>Yes</Tier2>
        <Tier3>Yes</Tier3>
        <Tier4>Yes</Tier4>
        <Tier5>Yes</Tier5>
        <Tier6>Yes</Tier6>
        <Tier7>Yes</Tier7>
        <Tier8>Yes</Tier8>
        <Tier9>Yes</Tier9>
        <Tier10>Yes</Tier10>
      </VisibleFor>
      <SavedByVersion>1</SavedByVersion>
      <Pattern>mr/tpl/uniqpremalt/{category}-{tier}.png</Pattern>
    </item>
    <item type="TankIconMaker.Layers.FilenamePatternImageLayer">
      <Name>[OFF] 5. BLUEGLOW</Name>
      <Effects />
      <Id null="1" />
      <Visible>False</Visible>
      <VisibleFor>
        <By>Single</By>
        <By2>Single</By2>
        <By3>Single</By3>
        <By4>Single</By4>
        <ClassLight>Yes</ClassLight>
        <ClassMedium>Yes</ClassMedium>
        <ClassHeavy>Yes</ClassHeavy>
        <ClassDestroyer>Yes</ClassDestroyer>
        <ClassArtillery>Yes</ClassArtillery>
        <ClassNone>Yes</ClassNone>
        <CountryUSSR>Yes</CountryUSSR>
        <CountryGermany>Yes</CountryGermany>
        <CountryUSA>Yes</CountryUSA>
        <CountryFrance>Yes</CountryFrance>
        <CountryChina>Yes</CountryChina>
        <CountryUK>Yes</CountryUK>
        <CountryJapan>Yes</CountryJapan>
        <CountryCzech>Yes</CountryCzech>
        <CountrySweden>Yes</CountrySweden>
        <CountryPoland>Yes</CountryPoland>
        <CountryItaly>Yes</CountryItaly>
        <CountryNone>Yes</CountryNone>
        <CategNormal>Yes</CategNormal>
        <CategPremium>Yes</CategPremium>
        <CategSpecial>Yes</CategSpecial>
        <Single>Yes</Single>
        <TierNone>Yes</TierNone>
        <Tier1>Yes</Tier1>
        <Tier2>Yes</Tier2>
        <Tier3>Yes</Tier3>
        <Tier4>Yes</Tier4>
        <Tier5>Yes</Tier5>
        <Tier6>Yes</Tier6>
        <Tier7>Yes</Tier7>
        <Tier8>Yes</Tier8>
        <Tier9>Yes</Tier9>
        <Tier10>Yes</Tier10>
      </VisibleFor>
      <SavedByVersion>1</SavedByVersion>
      <Pattern>mr/tpl/blueglow/{category}-{tier}.png</Pattern>
    </item>
    <item type="TankIconMaker.Layers.FilenamePatternImageLayer">
      <Name>[OFF} 6. GREEN</Name>
      <Effects />
      <Id null="1" />
      <Visible>False</Visible>
      <VisibleFor>
        <By>Single</By>
        <By2>Single</By2>
        <By3>Single</By3>
        <By4>Single</By4>
        <ClassLight>Yes</ClassLight>
        <ClassMedium>Yes</ClassMedium>
        <ClassHeavy>Yes</ClassHeavy>
        <ClassDestroyer>Yes</ClassDestroyer>
        <ClassArtillery>Yes</ClassArtillery>
        <ClassNone>Yes</ClassNone>
        <CountryUSSR>Yes</CountryUSSR>
        <CountryGermany>Yes</CountryGermany>
        <CountryUSA>Yes</CountryUSA>
        <CountryFrance>Yes</CountryFrance>
        <CountryChina>Yes</CountryChina>
        <CountryUK>Yes</CountryUK>
        <CountryJapan>Yes</CountryJapan>
        <CountryCzech>Yes</CountryCzech>
        <CountrySweden>Yes</CountrySweden>
        <CountryPoland>Yes</CountryPoland>
        <CountryItaly>Yes</CountryItaly>
        <CountryNone>Yes</CountryNone>
        <CategNormal>Yes</CategNormal>
        <CategPremium>Yes</CategPremium>
        <CategSpecial>Yes</CategSpecial>
        <Single>Yes</Single>
        <TierNone>Yes</TierNone>
        <Tier1>Yes</Tier1>
        <Tier2>Yes</Tier2>
        <Tier3>Yes</Tier3>
        <Tier4>Yes</Tier4>
        <Tier5>Yes</Tier5>
        <Tier6>Yes</Tier6>
        <Tier7>Yes</Tier7>
        <Tier8>Yes</Tier8>
        <Tier9>Yes</Tier9>
        <Tier10>Yes</Tier10>
      </VisibleFor>
      <SavedByVersion>1</SavedByVersion>
      <Pattern>mr/tpl/green/{category}-{tier}.png</Pattern>
    </item>
    <item type="TankIconMaker.Layers.FilenamePatternImageLayer">
      <Name>7. VIOLET</Name>
      <Effects />
      <Id null="1" />
      <Visible>False</Visible>
      <VisibleFor>
        <By>Single</By>
        <By2>Single</By2>
        <By3>Single</By3>
        <By4>Single</By4>
        <ClassLight>Yes</ClassLight>
        <ClassMedium>Yes</ClassMedium>
        <ClassHeavy>Yes</ClassHeavy>
        <ClassDestroyer>Yes</ClassDestroyer>
        <ClassArtillery>Yes</ClassArtillery>
        <ClassNone>Yes</ClassNone>
        <CountryUSSR>Yes</CountryUSSR>
        <CountryGermany>Yes</CountryGermany>
        <CountryUSA>Yes</CountryUSA>
        <CountryFrance>Yes</CountryFrance>
        <CountryChina>Yes</CountryChina>
        <CountryUK>Yes</CountryUK>
        <CountryJapan>Yes</CountryJapan>
        <CountryCzech>Yes</CountryCzech>
        <CountrySweden>Yes</CountrySweden>
        <CountryPoland>Yes</CountryPoland>
        <CountryItaly>Yes</CountryItaly>
        <CountryNone>Yes</CountryNone>
        <CategNormal>Yes</CategNormal>
        <CategPremium>Yes</CategPremium>
        <CategSpecial>Yes</CategSpecial>
        <Single>Yes</Single>
        <TierNone>Yes</TierNone>
        <Tier1>Yes</Tier1>
        <Tier2>Yes</Tier2>
        <Tier3>Yes</Tier3>
        <Tier4>Yes</Tier4>
        <Tier5>Yes</Tier5>
        <Tier6>Yes</Tier6>
        <Tier7>Yes</Tier7>
        <Tier8>Yes</Tier8>
        <Tier9>Yes</Tier9>
        <Tier10>Yes</Tier10>
      </VisibleFor>
      <SavedByVersion>1</SavedByVersion>
      <Pattern>mr/tpl/violet/{category}-{tier}.png</Pattern>
    </item>
    <item type="TankIconMaker.Layers.PropertyTextLayer">
      <Name>default text</Name>
      <Effects>
        <item type="TankIconMaker.Effects.ClipEffect">
          <Name></Name>
          <Visible>True</Visible>
          <VisibleFor>
            <By>Single</By>
            <By2>Single</By2>
            <By3>Single</By3>
            <By4>Single</By4>
            <ClassLight>Yes</ClassLight>
            <ClassMedium>Yes</ClassMedium>
            <ClassHeavy>Yes</ClassHeavy>
            <ClassDestroyer>Yes</ClassDestroyer>
            <ClassArtillery>Yes</ClassArtillery>
            <ClassNone>Yes</ClassNone>
            <CountryUSSR>Yes</CountryUSSR>
            <CountryGermany>Yes</CountryGermany>
            <CountryUSA>Yes</CountryUSA>
            <CountryFrance>Yes</CountryFrance>
            <CountryChina>Yes</CountryChina>
            <CountryUK>Yes</CountryUK>
            <CountryJapan>Yes</CountryJapan>
            <CountryCzech>Yes</CountryCzech>
            <CountrySweden>Yes</CountrySweden>
            <CountryPoland>Yes</CountryPoland>
            <CountryItaly>Yes</CountryItaly>
            <CountryNone>Yes</CountryNone>
            <CategNormal>Yes</CategNormal>
            <CategPremium>Yes</CategPremium>
            <CategSpecial>Yes</CategSpecial>
            <Single>Yes</Single>
            <TierNone>Yes</TierNone>
            <Tier1>Yes</Tier1>
            <Tier2>Yes</Tier2>
            <Tier3>Yes</Tier3>
            <Tier4>Yes</Tier4>
            <Tier5>Yes</Tier5>
            <Tier6>Yes</Tier6>
            <Tier7>Yes</Tier7>
            <Tier8>Yes</Tier8>
            <Tier9>Yes</Tier9>
            <Tier10>Yes</Tier10>
          </VisibleFor>
          <SavedByVersion>1</SavedByVersion>
          <Mode>ByPixels</Mode>
          <PixelAlphaThreshold>130</PixelAlphaThreshold>
          <ClipLeft>0</ClipLeft>
          <ClipTop>0</ClipTop>
          <ClipRight>0</ClipRight>
          <ClipBottom>0</ClipBottom>
        </item>
      </Effects>
      <Id null="1" />
      <Visible>True</Visible>
      <VisibleFor>
        <By>Single</By>
        <By2>Single</By2>
        <By3>Single</By3>
        <By4>Single</By4>
        <ClassLight>Yes</ClassLight>
        <ClassMedium>Yes</ClassMedium>
        <ClassHeavy>Yes</ClassHeavy>
        <ClassDestroyer>Yes</ClassDestroyer>
        <ClassArtillery>Yes</ClassArtillery>
        <ClassNone>Yes</ClassNone>
        <CountryUSSR>Yes</CountryUSSR>
        <CountryGermany>Yes</CountryGermany>
        <CountryUSA>Yes</CountryUSA>
        <CountryFrance>Yes</CountryFrance>
        <CountryChina>Yes</CountryChina>
        <CountryUK>Yes</CountryUK>
        <CountryJapan>Yes</CountryJapan>
        <CountryCzech>Yes</CountryCzech>
        <CountrySweden>Yes</CountrySweden>
        <CountryPoland>Yes</CountryPoland>
        <CountryItaly>Yes</CountryItaly>
        <CountryNone>Yes</CountryNone>
        <CategNormal>Yes</CategNormal>
        <CategPremium>Yes</CategPremium>
        <CategSpecial>Yes</CategSpecial>
        <Single>Yes</Single>
        <TierNone>Yes</TierNone>
        <Tier1>Yes</Tier1>
        <Tier2>Yes</Tier2>
        <Tier3>Yes</Tier3>
        <Tier4>Yes</Tier4>
        <Tier5>Yes</Tier5>
        <Tier6>Yes</Tier6>
        <Tier7>Yes</Tier7>
        <Tier8>Yes</Tier8>
        <Tier9>Yes</Tier9>
        <Tier10>Yes</Tier10>
      </VisibleFor>
      <SavedByVersion>2</SavedByVersion>
      <FontSmoothing>AntiAliasGDI</FontSmoothing>
      <FontFamily>Microsoft PhagsPa</FontFamily>
      <FontSize>14</FontSize>
      <FontBold>True</FontBold>
      <FontItalic>True</FontItalic>
      <FontColor>
        <By>Single</By>
        <By2>Single</By2>
        <By3>Single</By3>
        <By4>Single</By4>
        <ClassLight>#FFFFFF</ClassLight>
        <ClassMedium>#FFFFFF</ClassMedium>
        <ClassHeavy>#FFFFFF</ClassHeavy>
        <ClassDestroyer>#FFFFFF</ClassDestroyer>
        <ClassArtillery>#FFFFFF</ClassArtillery>
        <ClassNone>#FFFFFF</ClassNone>
        <CountryUSSR>#FFFFFF</CountryUSSR>
        <CountryGermany>#FFFFFF</CountryGermany>
        <CountryUSA>#FFFFFF</CountryUSA>
        <CountryFrance>#FFFFFF</CountryFrance>
        <CountryChina>#FFFFFF</CountryChina>
        <CountryUK>#FFFFFF</CountryUK>
        <CountryJapan>#FFFFFF</CountryJapan>
        <CountryCzech>#FFFFFF</CountryCzech>
        <CountrySweden>#FFFFFF</CountrySweden>
        <CountryPoland>#FFFFFF</CountryPoland>
        <CountryItaly>#FFFFFF</CountryItaly>
        <CountryNone>#FFFFFF</CountryNone>
        <CategNormal>#FFFFFF</CategNormal>
        <CategPremium>#FFFFFF</CategPremium>
        <CategSpecial>#FFFFFF</CategSpecial>
        <Single>#000000</Single>
        <TierNone>#FFFFFF</TierNone>
        <Tier1>#FFFFFF</Tier1>
        <Tier5>#FFFFFF</Tier5>
        <Tier10>#FFFFFF</Tier10>
      </FontColor>
      <Anchor>MidLeft</Anchor>
      <X>2</X>
      <Y>11</Y>
      <Width>56</Width>
      <Height>19</Height>
      <Baseline>False</Baseline>
      <Format null="1" />
      <Property>
        <FileId>NameShort</FileId>
        <ColumnId null="1" />
        <Author>Wargaming</Author>
      </Property>
    </item>
    <item type="TankIconMaker.Layers.FilenamePatternImageLayer">
      <Name>handcrafted text file</Name>
      <Effects />
      <Id>handcraft_text</Id>
      <Visible>True</Visible>
      <VisibleFor>
        <By>Single</By>
        <By2>Single</By2>
        <By3>Single</By3>
        <By4>Single</By4>
        <ClassLight>Yes</ClassLight>
        <ClassMedium>Yes</ClassMedium>
        <ClassHeavy>Yes</ClassHeavy>
        <ClassDestroyer>Yes</ClassDestroyer>
        <ClassArtillery>Yes</ClassArtillery>
        <ClassNone>Yes</ClassNone>
        <CountryUSSR>Yes</CountryUSSR>
        <CountryGermany>Yes</CountryGermany>
        <CountryUSA>Yes</CountryUSA>
        <CountryFrance>Yes</CountryFrance>
        <CountryChina>Yes</CountryChina>
        <CountryUK>Yes</CountryUK>
        <CountryJapan>Yes</CountryJapan>
        <CountryCzech>Yes</CountryCzech>
        <CountrySweden>Yes</CountrySweden>
        <CountryPoland>Yes</CountryPoland>
        <CountryItaly>Yes</CountryItaly>
        <CountryNone>Yes</CountryNone>
        <CategNormal>Yes</CategNormal>
        <CategPremium>Yes</CategPremium>
        <CategSpecial>Yes</CategSpecial>
        <Single>Yes</Single>
        <TierNone>Yes</TierNone>
        <Tier1>Yes</Tier1>
        <Tier2>Yes</Tier2>
        <Tier3>Yes</Tier3>
        <Tier4>Yes</Tier4>
        <Tier5>Yes</Tier5>
        <Tier6>Yes</Tier6>
        <Tier7>Yes</Tier7>
        <Tier8>Yes</Tier8>
        <Tier9>Yes</Tier9>
        <Tier10>Yes</Tier10>
      </VisibleFor>
      <SavedByVersion>1</SavedByVersion>
      <Pattern>mr/per_tank/text/{id}.png</Pattern>
    </item>
    <item type="TankIconMaker.Layers.FilenamePatternImageLayer">
      <Name>1+8. FUN text file</Name>
      <Effects />
      <Id null="1" />
      <Visible>False</Visible>
      <VisibleFor>
        <By>Single</By>
        <By2>Single</By2>
        <By3>Single</By3>
        <By4>Single</By4>
        <ClassLight>Yes</ClassLight>
        <ClassMedium>Yes</ClassMedium>
        <ClassHeavy>Yes</ClassHeavy>
        <ClassDestroyer>Yes</ClassDestroyer>
        <ClassArtillery>Yes</ClassArtillery>
        <ClassNone>Yes</ClassNone>
        <CountryUSSR>Yes</CountryUSSR>
        <CountryGermany>Yes</CountryGermany>
        <CountryUSA>Yes</CountryUSA>
        <CountryFrance>Yes</CountryFrance>
        <CountryChina>Yes</CountryChina>
        <CountryUK>Yes</CountryUK>
        <CountryJapan>Yes</CountryJapan>
        <CountryCzech>Yes</CountryCzech>
        <CountrySweden>Yes</CountrySweden>
        <CountryPoland>Yes</CountryPoland>
        <CountryItaly>Yes</CountryItaly>
        <CountryNone>Yes</CountryNone>
        <CategNormal>Yes</CategNormal>
        <CategPremium>Yes</CategPremium>
        <CategSpecial>Yes</CategSpecial>
        <Single>Yes</Single>
        <TierNone>Yes</TierNone>
        <Tier1>Yes</Tier1>
        <Tier2>Yes</Tier2>
        <Tier3>Yes</Tier3>
        <Tier4>Yes</Tier4>
        <Tier5>Yes</Tier5>
        <Tier6>Yes</Tier6>
        <Tier7>Yes</Tier7>
        <Tier8>Yes</Tier8>
        <Tier9>Yes</Tier9>
        <Tier10>Yes</Tier10>
      </VisibleFor>
      <SavedByVersion>1</SavedByVersion>
      <Pattern>mr/per_tank/fun/{id}.png</Pattern>
    </item>
    <item type="TankIconMaker.Layers.FilenamePatternImageLayer">
      <Name>special files</Name>
      <Effects />
      <Id null="1" />
      <Visible>True</Visible>
      <VisibleFor>
        <By>Class</By>
        <By2>Tier</By2>
        <By3>Country</By3>
        <By4>Category</By4>
        <ClassLight>No</ClassLight>
        <ClassMedium>No</ClassMedium>
        <ClassHeavy>No</ClassHeavy>
        <ClassDestroyer>No</ClassDestroyer>
        <ClassArtillery>No</ClassArtillery>
        <ClassNone>Yes</ClassNone>
        <CountryUSSR>No</CountryUSSR>
        <CountryGermany>No</CountryGermany>
        <CountryUSA>No</CountryUSA>
        <CountryFrance>No</CountryFrance>
        <CountryChina>No</CountryChina>
        <CountryUK>No</CountryUK>
        <CountryJapan>No</CountryJapan>
        <CountryCzech>No</CountryCzech>
        <CountrySweden>No</CountrySweden>
        <CountryPoland>Yes</CountryPoland>
        <CountryItaly>Yes</CountryItaly>
        <CountryNone>Yes</CountryNone>
        <CategNormal>Yes</CategNormal>
        <CategPremium>Yes</CategPremium>
        <CategSpecial>Yes</CategSpecial>
        <Single>Yes</Single>
        <TierNone>Yes</TierNone>
        <Tier1>No</Tier1>
        <Tier2>No</Tier2>
        <Tier3>No</Tier3>
        <Tier4>No</Tier4>
        <Tier5>No</Tier5>
        <Tier6>No</Tier6>
        <Tier7>No</Tier7>
        <Tier8>No</Tier8>
        <Tier9>No</Tier9>
        <Tier10>No</Tier10>
      </VisibleFor>
      <SavedByVersion>1</SavedByVersion>
      <Pattern>mr/per_tank/specials/{id}.png</Pattern>
    </item>
    <item type="TankIconMaker.Layers.CustomImageLayer">
      <Name>TEST type/colors</Name>
      <Effects>
        <item type="TankIconMaker.Effects.ClipEffect">
          <Name></Name>
          <Visible>True</Visible>
          <VisibleFor>
            <By>Single</By>
            <By2>Single</By2>
            <By3>Single</By3>
            <By4>Single</By4>
            <ClassLight>Yes</ClassLight>
            <ClassMedium>Yes</ClassMedium>
            <ClassHeavy>Yes</ClassHeavy>
            <ClassDestroyer>Yes</ClassDestroyer>
            <ClassArtillery>Yes</ClassArtillery>
            <ClassNone>Yes</ClassNone>
            <CountryUSSR>Yes</CountryUSSR>
            <CountryGermany>Yes</CountryGermany>
            <CountryUSA>Yes</CountryUSA>
            <CountryFrance>Yes</CountryFrance>
            <CountryChina>Yes</CountryChina>
            <CountryUK>Yes</CountryUK>
            <CountryJapan>Yes</CountryJapan>
            <CountryCzech>Yes</CountryCzech>
            <CountrySweden>Yes</CountrySweden>
            <CountryPoland>Yes</CountryPoland>
            <CountryItaly>Yes</CountryItaly>
            <CountryNone>Yes</CountryNone>
            <CategNormal>Yes</CategNormal>
            <CategPremium>Yes</CategPremium>
            <CategSpecial>Yes</CategSpecial>
            <Single>Yes</Single>
            <TierNone>Yes</TierNone>
            <Tier1>Yes</Tier1>
            <Tier2>Yes</Tier2>
            <Tier3>Yes</Tier3>
            <Tier4>Yes</Tier4>
            <Tier5>Yes</Tier5>
            <Tier6>Yes</Tier6>
            <Tier7>Yes</Tier7>
            <Tier8>Yes</Tier8>
            <Tier9>Yes</Tier9>
            <Tier10>Yes</Tier10>
          </VisibleFor>
          <SavedByVersion>1</SavedByVersion>
          <Mode>ByIconBounds</Mode>
          <PixelAlphaThreshold>120</PixelAlphaThreshold>
          <ClipLeft>1</ClipLeft>
          <ClipTop>1</ClipTop>
          <ClipRight>20</ClipRight>
          <ClipBottom>1</ClipBottom>
        </item>
        <item type="TankIconMaker.Effects.SizePosEffect">
          <Name></Name>
          <Visible>True</Visible>
          <VisibleFor>
            <By>Single</By>
            <By2>Single</By2>
            <By3>Single</By3>
            <By4>Single</By4>
            <ClassLight>Yes</ClassLight>
            <ClassMedium>Yes</ClassMedium>
            <ClassHeavy>Yes</ClassHeavy>
            <ClassDestroyer>Yes</ClassDestroyer>
            <ClassArtillery>Yes</ClassArtillery>
            <ClassNone>Yes</ClassNone>
            <CountryUSSR>Yes</CountryUSSR>
            <CountryGermany>Yes</CountryGermany>
            <CountryUSA>Yes</CountryUSA>
            <CountryFrance>Yes</CountryFrance>
            <CountryChina>Yes</CountryChina>
            <CountryUK>Yes</CountryUK>
            <CountryJapan>Yes</CountryJapan>
            <CountryCzech>Yes</CountryCzech>
            <CountrySweden>Yes</CountrySweden>
            <CountryPoland>Yes</CountryPoland>
            <CountryItaly>Yes</CountryItaly>
            <CountryNone>Yes</CountryNone>
            <CategNormal>Yes</CategNormal>
            <CategPremium>Yes</CategPremium>
            <CategSpecial>Yes</CategSpecial>
            <Single>Yes</Single>
            <TierNone>Yes</TierNone>
            <Tier1>Yes</Tier1>
            <Tier2>Yes</Tier2>
            <Tier3>Yes</Tier3>
            <Tier4>Yes</Tier4>
            <Tier5>Yes</Tier5>
            <Tier6>Yes</Tier6>
            <Tier7>Yes</Tier7>
            <Tier8>Yes</Tier8>
            <Tier9>Yes</Tier9>
            <Tier10>Yes</Tier10>
          </VisibleFor>
          <SavedByVersion>3</SavedByVersion>
          <PositionByPixels>True</PositionByPixels>
          <Anchor>MidLeft</Anchor>
          <X>0</X>
          <Y>22</Y>
          <SizeByPixels>True</SizeByPixels>
          <Percentage>200</Percentage>
          <Width>60</Width>
          <Height>15</Height>
          <SizeMode2>BySizeWidthOnly</SizeMode2>
          <GrowShrinkMode>GrowAndShrink</GrowShrinkMode>
          <Filter>Auto</Filter>
          <PixelAlphaThreshold>120</PixelAlphaThreshold>
          <ShowLayerBorders>False</ShowLayerBorders>
          <ShowPixelBorders>False</ShowPixelBorders>
          <ShowAnchor>False</ShowAnchor>
        </item>
      </Effects>
      <Id null="1" />
      <Visible>False</Visible>
      <VisibleFor>
        <By>Single</By>
        <By2>Single</By2>
        <By3>Single</By3>
        <By4>Single</By4>
        <ClassLight>Yes</ClassLight>
        <ClassMedium>Yes</ClassMedium>
        <ClassHeavy>Yes</ClassHeavy>
        <ClassDestroyer>Yes</ClassDestroyer>
        <ClassArtillery>Yes</ClassArtillery>
        <ClassNone>Yes</ClassNone>
        <CountryUSSR>Yes</CountryUSSR>
        <CountryGermany>Yes</CountryGermany>
        <CountryUSA>Yes</CountryUSA>
        <CountryFrance>Yes</CountryFrance>
        <CountryChina>Yes</CountryChina>
        <CountryUK>Yes</CountryUK>
        <CountryJapan>Yes</CountryJapan>
        <CountryCzech>Yes</CountryCzech>
        <CountrySweden>Yes</CountrySweden>
        <CountryPoland>Yes</CountryPoland>
        <CountryItaly>Yes</CountryItaly>
        <CountryNone>Yes</CountryNone>
        <CategNormal>Yes</CategNormal>
        <CategPremium>Yes</CategPremium>
        <CategSpecial>Yes</CategSpecial>
        <Single>Yes</Single>
        <TierNone>Yes</TierNone>
        <Tier1>Yes</Tier1>
        <Tier2>Yes</Tier2>
        <Tier3>Yes</Tier3>
        <Tier4>Yes</Tier4>
        <Tier5>Yes</Tier5>
        <Tier6>Yes</Tier6>
        <Tier7>Yes</Tier7>
        <Tier8>Yes</Tier8>
        <Tier9>Yes</Tier9>
        <Tier10>Yes</Tier10>
      </VisibleFor>
      <SavedByVersion>1</SavedByVersion>
      <ImageFile>
        <By>Class</By>
        <By2>Single</By2>
        <By3>Single</By3>
        <By4>Single</By4>
        <ClassLight>mr\tpl\border-light.png</ClassLight>
        <ClassMedium>mr\tpl\border-medium.png</ClassMedium>
        <ClassHeavy>mr\tpl\border-heavy.png</ClassHeavy>
        <ClassDestroyer>mr\tpl\border-destroyer.png</ClassDestroyer>
        <ClassArtillery>mr\tpl\border-artillery.png</ClassArtillery>
        <ClassNone></ClassNone>
        <CountryUSSR></CountryUSSR>
        <CountryGermany></CountryGermany>
        <CountryUSA></CountryUSA>
        <CountryFrance></CountryFrance>
        <CountryChina></CountryChina>
        <CountryUK></CountryUK>
        <CountryJapan></CountryJapan>
        <CountryCzech></CountryCzech>
        <CountrySweden></CountrySweden>
        <CountryPoland></CountryPoland>
        <CountryItaly></CountryItaly>
        <CountryNone></CountryNone>
        <CategNormal></CategNormal>
        <CategPremium></CategPremium>
        <CategSpecial></CategSpecial>
        <Single></Single>
        <TierNone>mr\tpl\border-purple.png</TierNone>
        <Tier1></Tier1>
        <Tier2></Tier2>
        <Tier3></Tier3>
        <Tier4></Tier4>
        <Tier5></Tier5>
        <Tier6></Tier6>
        <Tier7></Tier7>
        <Tier8></Tier8>
        <Tier9></Tier9>
        <Tier10></Tier10>
      </ImageFile>
    </item>
  </Layers>
  <ForumLink null="1" />
</item>