﻿<?xml version="1.0" encoding="utf-8"?>
<item>
  <Name>The Illusion</Name>
  <Author>me</Author>
  <SavedByVersion>56</SavedByVersion>
  <PathTemplate></PathTemplate>
  <BattleAtlasPathTemplate null="1" />
  <VehicleMarkersAtlasPathTemplate null="1" />
  <CustomAtlasPathTemplate null="1" />
  <IconsBulkSaveEnabled>True</IconsBulkSaveEnabled>
  <BattleAtlasBulkSaveEnabled>True</BattleAtlasBulkSaveEnabled>
  <VehicleMarkersAtlasBulkSaveEnabled>True</VehicleMarkersAtlasBulkSaveEnabled>
  <CustomAtlasBulkSaveEnabled>False</CustomAtlasBulkSaveEnabled>
  <IconWidth>80</IconWidth>
  <IconHeight>24</IconHeight>
  <Centerable>True</Centerable>
  <Layers>
    <item type="TankIconMaker.Layers.CustomImageLayer">
      <Name></Name>
      <Effects />
      <Id null="1" />
      <Visible>True</Visible>
      <VisibleFor>
        <By>Single</By>
        <By2>Single</By2>
        <By3>Single</By3>
        <By4>Single</By4>
        <ClassLight>Yes</ClassLight>
        <ClassMedium>Yes</ClassMedium>
        <ClassHeavy>Yes</ClassHeavy>
        <ClassDestroyer>Yes</ClassDestroyer>
        <ClassArtillery>Yes</ClassArtillery>
        <ClassNone>Yes</ClassNone>
        <CountryUSSR>Yes</CountryUSSR>
        <CountryGermany>Yes</CountryGermany>
        <CountryUSA>Yes</CountryUSA>
        <CountryFrance>Yes</CountryFrance>
        <CountryChina>Yes</CountryChina>
        <CountryUK>Yes</CountryUK>
        <CountryJapan>Yes</CountryJapan>
        <CountryCzech>Yes</CountryCzech>
        <CountrySweden>Yes</CountrySweden>
        <CountryPoland>Yes</CountryPoland>
        <CountryItaly>Yes</CountryItaly>
        <CountryNone>Yes</CountryNone>
        <CategNormal>Yes</CategNormal>
        <CategPremium>Yes</CategPremium>
        <CategSpecial>Yes</CategSpecial>
        <Single>Yes</Single>
        <TierNone>Yes</TierNone>
        <Tier1>Yes</Tier1>
        <Tier2>Yes</Tier2>
        <Tier3>Yes</Tier3>
        <Tier4>Yes</Tier4>
        <Tier5>Yes</Tier5>
        <Tier6>Yes</Tier6>
        <Tier7>Yes</Tier7>
        <Tier8>Yes</Tier8>
        <Tier9>Yes</Tier9>
        <Tier10>Yes</Tier10>
      </VisibleFor>
      <SavedByVersion>1</SavedByVersion>
      <ImageFile>
        <By>Country</By>
        <By2>Single</By2>
        <By3>Single</By3>
        <By4>Single</By4>
        <ClassLight></ClassLight>
        <ClassMedium></ClassMedium>
        <ClassHeavy></ClassHeavy>
        <ClassDestroyer></ClassDestroyer>
        <ClassArtillery></ClassArtillery>
        <ClassNone></ClassNone>
        <CountryUSSR>Images\country3-ussr.png</CountryUSSR>
        <CountryGermany>Images\country3-germany.png</CountryGermany>
        <CountryUSA>Images\country3-usa.png</CountryUSA>
        <CountryFrance>Images\country3-france.png</CountryFrance>
        <CountryChina>Images\country3-china.png</CountryChina>
        <CountryUK>Images\country3-uk.png</CountryUK>
        <CountryJapan>Images\country3-japan.png</CountryJapan>
        <CountryCzech>Images\country3-czech.png</CountryCzech>
        <CountrySweden>Images\country3-sweden.png</CountrySweden>
        <CountryPoland>Images\country3-poland.png</CountryPoland>
        <CountryItaly>Images\country3-italy.png</CountryItaly>
        <CountryNone></CountryNone>
        <CategNormal>Images\background-octagon-1.png</CategNormal>
        <CategPremium>Images\background-octagon-1.png</CategPremium>
        <CategSpecial>Images\background-octagon-1.png</CategSpecial>
        <Single></Single>
        <TierNone></TierNone>
        <Tier1></Tier1>
        <Tier2></Tier2>
        <Tier3></Tier3>
        <Tier4></Tier4>
        <Tier5></Tier5>
        <Tier6></Tier6>
        <Tier7></Tier7>
        <Tier8></Tier8>
        <Tier9></Tier9>
        <Tier10></Tier10>
      </ImageFile>
    </item>
    <item type="TankIconMaker.Layers.PropertyTextLayer">
      <Name></Name>
      <Effects />
      <Id null="1" />
      <Visible>True</Visible>
      <VisibleFor>
        <By>Single</By>
        <By2>Single</By2>
        <By3>Single</By3>
        <By4>Single</By4>
        <ClassLight>Yes</ClassLight>
        <ClassMedium>Yes</ClassMedium>
        <ClassHeavy>Yes</ClassHeavy>
        <ClassDestroyer>Yes</ClassDestroyer>
        <ClassArtillery>Yes</ClassArtillery>
        <ClassNone>Yes</ClassNone>
        <CountryUSSR>Yes</CountryUSSR>
        <CountryGermany>Yes</CountryGermany>
        <CountryUSA>Yes</CountryUSA>
        <CountryFrance>Yes</CountryFrance>
        <CountryChina>Yes</CountryChina>
        <CountryUK>Yes</CountryUK>
        <CountryJapan>Yes</CountryJapan>
        <CountryCzech>Yes</CountryCzech>
        <CountrySweden>Yes</CountrySweden>
        <CountryPoland>Yes</CountryPoland>
        <CountryItaly>Yes</CountryItaly>
        <CountryNone>Yes</CountryNone>
        <CategNormal>Yes</CategNormal>
        <CategPremium>Yes</CategPremium>
        <CategSpecial>Yes</CategSpecial>
        <Single>Yes</Single>
        <TierNone>Yes</TierNone>
        <Tier1>Yes</Tier1>
        <Tier2>Yes</Tier2>
        <Tier3>Yes</Tier3>
        <Tier4>Yes</Tier4>
        <Tier5>Yes</Tier5>
        <Tier6>Yes</Tier6>
        <Tier7>Yes</Tier7>
        <Tier8>Yes</Tier8>
        <Tier9>Yes</Tier9>
        <Tier10>Yes</Tier10>
      </VisibleFor>
      <SavedByVersion>2</SavedByVersion>
      <FontSmoothing>UnhintedGDI</FontSmoothing>
      <FontFamily>Arial</FontFamily>
      <FontSize>8.5</FontSize>
      <FontBold>True</FontBold>
      <FontItalic>False</FontItalic>
      <FontColor>
        <By>Category</By>
        <By2>Single</By2>
        <By3>Single</By3>
        <By4>Single</By4>
        <ClassLight>#FFFFFF</ClassLight>
        <ClassMedium>#FFFFFF</ClassMedium>
        <ClassHeavy>#FFFFFF</ClassHeavy>
        <ClassDestroyer>#FFFFFF</ClassDestroyer>
        <ClassArtillery>#FFFFFF</ClassArtillery>
        <ClassNone>#FFFFFF</ClassNone>
        <CountryUSSR>#FFFFFF</CountryUSSR>
        <CountryGermany>#FFFFFF</CountryGermany>
        <CountryUSA>#FFFFFF</CountryUSA>
        <CountryFrance>#FFFFFF</CountryFrance>
        <CountryChina>#FFFFFF</CountryChina>
        <CountryUK>#FFFFFF</CountryUK>
        <CountryJapan>#FFFFFF</CountryJapan>
        <CountryCzech>#FFFFFF</CountryCzech>
        <CountrySweden>#FFFFFF</CountrySweden>
        <CountryPoland>#FFFFFF</CountryPoland>
        <CountryItaly>#FFFFFF</CountryItaly>
        <CountryNone>#FFFFFF</CountryNone>
        <CategNormal>#FFFF00</CategNormal>
        <CategPremium>#FFD600</CategPremium>
        <CategSpecial>#FFFF00</CategSpecial>
        <Single>#FFFFFF</Single>
        <TierNone>#FFFFFF</TierNone>
        <Tier1>#FFFFFF</Tier1>
        <Tier5>#FFFFFF</Tier5>
        <Tier10>#FFFFFF</Tier10>
      </FontColor>
      <Anchor>BottomRight</Anchor>
      <X>78</X>
      <Y>13</Y>
      <Width>999</Width>
      <Height>999</Height>
      <Baseline>False</Baseline>
      <Format null="1" />
      <Property>
        <FileId>NameSlang</FileId>
        <ColumnId>En</ColumnId>
        <Author>Romkyns</Author>
      </Property>
    </item>
  </Layers>
  <ForumLink null="1" />
</item>