﻿<?xml version="1.0" encoding="utf-8"?>
<item>
  <Name>WIZARD'S roman</Name>
  <Author>yaya070</Author>
  <SavedByVersion>58</SavedByVersion>
  <PathTemplate></PathTemplate>
  <BattleAtlasPathTemplate></BattleAtlasPathTemplate>
  <VehicleMarkersAtlasPathTemplate></VehicleMarkersAtlasPathTemplate>
  <CustomAtlasPathTemplate null="1" />
  <IconsBulkSaveEnabled>True</IconsBulkSaveEnabled>
  <BattleAtlasBulkSaveEnabled>True</BattleAtlasBulkSaveEnabled>
  <VehicleMarkersAtlasBulkSaveEnabled>True</VehicleMarkersAtlasBulkSaveEnabled>
  <CustomAtlasBulkSaveEnabled>False</CustomAtlasBulkSaveEnabled>
  <IconWidth>80</IconWidth>
  <IconHeight>24</IconHeight>
  <Centerable>True</Centerable>
  <Layers>
    <item type="TankIconMaker.Layers.CustomImageLayer">
      <Name>background</Name>
      <Effects />
      <Id null="1" />
      <Visible>True</Visible>
      <VisibleFor>
        <By>Single</By>
        <By2>Single</By2>
        <By3>Single</By3>
        <By4>Single</By4>
        <ClassLight>Yes</ClassLight>
        <ClassMedium>Yes</ClassMedium>
        <ClassHeavy>Yes</ClassHeavy>
        <ClassDestroyer>Yes</ClassDestroyer>
        <ClassArtillery>Yes</ClassArtillery>
        <ClassNone>Yes</ClassNone>
        <CountryUSSR>Yes</CountryUSSR>
        <CountryGermany>Yes</CountryGermany>
        <CountryUSA>Yes</CountryUSA>
        <CountryFrance>Yes</CountryFrance>
        <CountryChina>Yes</CountryChina>
        <CountryUK>Yes</CountryUK>
        <CountryJapan>Yes</CountryJapan>
        <CountryCzech>Yes</CountryCzech>
        <CountrySweden>Yes</CountrySweden>
        <CountryPoland>Yes</CountryPoland>
        <CountryItaly>Yes</CountryItaly>
        <CountryNone>Yes</CountryNone>
        <CategNormal>Yes</CategNormal>
        <CategPremium>Yes</CategPremium>
        <CategSpecial>Yes</CategSpecial>
        <Single>Yes</Single>
        <TierNone>Yes</TierNone>
        <Tier1>Yes</Tier1>
        <Tier2>Yes</Tier2>
        <Tier3>Yes</Tier3>
        <Tier4>Yes</Tier4>
        <Tier5>Yes</Tier5>
        <Tier6>Yes</Tier6>
        <Tier7>Yes</Tier7>
        <Tier8>Yes</Tier8>
        <Tier9>Yes</Tier9>
        <Tier10>Yes</Tier10>
      </VisibleFor>
      <SavedByVersion>1</SavedByVersion>
      <ImageFile>
        <By>Class</By>
        <By2>Country</By2>
        <By3>Single</By3>
        <By4>Single</By4>
        <ClassLight>Images\light.png</ClassLight>
        <ClassMedium>Images\medium.png</ClassMedium>
        <ClassHeavy>Images\heavy.png</ClassHeavy>
        <ClassDestroyer>Images\destroyer.png</ClassDestroyer>
        <ClassArtillery>Images\artillery.png</ClassArtillery>
        <ClassNone></ClassNone>
        <CountryUSSR></CountryUSSR>
        <CountryGermany></CountryGermany>
        <CountryUSA></CountryUSA>
        <CountryFrance></CountryFrance>
        <CountryChina></CountryChina>
        <CountryUK></CountryUK>
        <CountryJapan></CountryJapan>
        <CountryCzech></CountryCzech>
        <CountrySweden></CountrySweden>
        <CountryPoland></CountryPoland>
        <CountryItaly></CountryItaly>
        <CountryNone></CountryNone>
        <CategNormal></CategNormal>
        <CategPremium></CategPremium>
        <CategSpecial></CategSpecial>
        <Single></Single>
        <TierNone></TierNone>
        <Tier1></Tier1>
        <Tier2></Tier2>
        <Tier3></Tier3>
        <Tier4></Tier4>
        <Tier5></Tier5>
        <Tier6></Tier6>
        <Tier7></Tier7>
        <Tier8></Tier8>
        <Tier9></Tier9>
        <Tier10></Tier10>
      </ImageFile>
    </item>
    <item type="TankIconMaker.Layers.CustomImageLayer">
      <Name>medium premium</Name>
      <Effects />
      <Id></Id>
      <Visible>True</Visible>
      <VisibleFor>
        <By>Class</By>
        <By2>Single</By2>
        <By3>Single</By3>
        <By4>Single</By4>
        <ClassLight>Yes</ClassLight>
        <ClassMedium>Yes</ClassMedium>
        <ClassHeavy>Yes</ClassHeavy>
        <ClassDestroyer>Yes</ClassDestroyer>
        <ClassArtillery>Yes</ClassArtillery>
        <ClassNone>Yes</ClassNone>
        <CountryUSSR>Yes</CountryUSSR>
        <CountryGermany>Yes</CountryGermany>
        <CountryUSA>Yes</CountryUSA>
        <CountryFrance>Yes</CountryFrance>
        <CountryChina>Yes</CountryChina>
        <CountryUK>Yes</CountryUK>
        <CountryJapan>Yes</CountryJapan>
        <CountryCzech>Yes</CountryCzech>
        <CountrySweden>Yes</CountrySweden>
        <CountryPoland>Yes</CountryPoland>
        <CountryItaly>Yes</CountryItaly>
        <CountryNone>Yes</CountryNone>
        <CategNormal>Yes</CategNormal>
        <CategPremium>Yes</CategPremium>
        <CategSpecial>Yes</CategSpecial>
        <Single>Yes</Single>
        <TierNone>Yes</TierNone>
        <Tier1>Yes</Tier1>
        <Tier2>Yes</Tier2>
        <Tier3>Yes</Tier3>
        <Tier4>Yes</Tier4>
        <Tier5>Yes</Tier5>
        <Tier6>Yes</Tier6>
        <Tier7>Yes</Tier7>
        <Tier8>Yes</Tier8>
        <Tier9>Yes</Tier9>
        <Tier10>Yes</Tier10>
      </VisibleFor>
      <SavedByVersion>1</SavedByVersion>
      <ImageFile>
        <By>Category</By>
        <By2>Single</By2>
        <By3>Single</By3>
        <By4>Single</By4>
        <ClassLight></ClassLight>
        <ClassMedium></ClassMedium>
        <ClassHeavy></ClassHeavy>
        <ClassDestroyer></ClassDestroyer>
        <ClassArtillery></ClassArtillery>
        <ClassNone></ClassNone>
        <CountryUSSR></CountryUSSR>
        <CountryGermany></CountryGermany>
        <CountryUSA></CountryUSA>
        <CountryFrance></CountryFrance>
        <CountryChina></CountryChina>
        <CountryUK></CountryUK>
        <CountryJapan></CountryJapan>
        <CountryCzech></CountryCzech>
        <CountrySweden></CountrySweden>
        <CountryPoland></CountryPoland>
        <CountryItaly></CountryItaly>
        <CountryNone></CountryNone>
        <CategNormal></CategNormal>
        <CategPremium>Images\medium premium.png</CategPremium>
        <CategSpecial>Images\medium premium.png</CategSpecial>
        <Single></Single>
        <TierNone></TierNone>
        <Tier1></Tier1>
        <Tier2></Tier2>
        <Tier3></Tier3>
        <Tier4></Tier4>
        <Tier5></Tier5>
        <Tier6></Tier6>
        <Tier7></Tier7>
        <Tier8></Tier8>
        <Tier9></Tier9>
        <Tier10></Tier10>
      </ImageFile>
    </item>
    <item type="TankIconMaker.Layers.CustomImageLayer">
      <Name>artillery premium</Name>
      <Effects />
      <Id></Id>
      <Visible>True</Visible>
      <VisibleFor>
        <By>Class</By>
        <By2>Single</By2>
        <By3>Single</By3>
        <By4>Single</By4>
        <ClassLight>Yes</ClassLight>
        <ClassMedium>Yes</ClassMedium>
        <ClassHeavy>Yes</ClassHeavy>
        <ClassDestroyer>Yes</ClassDestroyer>
        <ClassArtillery>Yes</ClassArtillery>
        <ClassNone>Yes</ClassNone>
        <CountryUSSR>Yes</CountryUSSR>
        <CountryGermany>Yes</CountryGermany>
        <CountryUSA>Yes</CountryUSA>
        <CountryFrance>Yes</CountryFrance>
        <CountryChina>Yes</CountryChina>
        <CountryUK>Yes</CountryUK>
        <CountryJapan>Yes</CountryJapan>
        <CountryCzech>Yes</CountryCzech>
        <CountrySweden>Yes</CountrySweden>
        <CountryPoland>Yes</CountryPoland>
        <CountryItaly>Yes</CountryItaly>
        <CountryNone>Yes</CountryNone>
        <CategNormal>Yes</CategNormal>
        <CategPremium>Yes</CategPremium>
        <CategSpecial>Yes</CategSpecial>
        <Single>Yes</Single>
        <TierNone>Yes</TierNone>
        <Tier1>Yes</Tier1>
        <Tier2>Yes</Tier2>
        <Tier3>Yes</Tier3>
        <Tier4>Yes</Tier4>
        <Tier5>Yes</Tier5>
        <Tier6>Yes</Tier6>
        <Tier7>Yes</Tier7>
        <Tier8>Yes</Tier8>
        <Tier9>Yes</Tier9>
        <Tier10>Yes</Tier10>
      </VisibleFor>
      <SavedByVersion>1</SavedByVersion>
      <ImageFile>
        <By>Category</By>
        <By2>Single</By2>
        <By3>Single</By3>
        <By4>Single</By4>
        <ClassLight></ClassLight>
        <ClassMedium></ClassMedium>
        <ClassHeavy></ClassHeavy>
        <ClassDestroyer></ClassDestroyer>
        <ClassArtillery></ClassArtillery>
        <ClassNone></ClassNone>
        <CountryUSSR></CountryUSSR>
        <CountryGermany></CountryGermany>
        <CountryUSA></CountryUSA>
        <CountryFrance></CountryFrance>
        <CountryChina></CountryChina>
        <CountryUK></CountryUK>
        <CountryJapan></CountryJapan>
        <CountryCzech></CountryCzech>
        <CountrySweden></CountrySweden>
        <CountryPoland></CountryPoland>
        <CountryItaly></CountryItaly>
        <CountryNone></CountryNone>
        <CategNormal></CategNormal>
        <CategPremium>Images\artillery premium.png</CategPremium>
        <CategSpecial>Images\artillery premium.png</CategSpecial>
        <Single></Single>
        <TierNone></TierNone>
        <Tier1></Tier1>
        <Tier2></Tier2>
        <Tier3></Tier3>
        <Tier4></Tier4>
        <Tier5></Tier5>
        <Tier6></Tier6>
        <Tier7></Tier7>
        <Tier8></Tier8>
        <Tier9></Tier9>
        <Tier10></Tier10>
      </ImageFile>
    </item>
    <item type="TankIconMaker.Layers.CustomImageLayer">
      <Name>heavy premium</Name>
      <Effects />
      <Id></Id>
      <Visible>True</Visible>
      <VisibleFor>
        <By>Class</By>
        <By2>Single</By2>
        <By3>Single</By3>
        <By4>Single</By4>
        <ClassLight>Yes</ClassLight>
        <ClassMedium>Yes</ClassMedium>
        <ClassHeavy>Yes</ClassHeavy>
        <ClassDestroyer>Yes</ClassDestroyer>
        <ClassArtillery>Yes</ClassArtillery>
        <ClassNone>Yes</ClassNone>
        <CountryUSSR>Yes</CountryUSSR>
        <CountryGermany>Yes</CountryGermany>
        <CountryUSA>Yes</CountryUSA>
        <CountryFrance>Yes</CountryFrance>
        <CountryChina>Yes</CountryChina>
        <CountryUK>Yes</CountryUK>
        <CountryJapan>Yes</CountryJapan>
        <CountryCzech>Yes</CountryCzech>
        <CountrySweden>Yes</CountrySweden>
        <CountryPoland>Yes</CountryPoland>
        <CountryItaly>Yes</CountryItaly>
        <CountryNone>Yes</CountryNone>
        <CategNormal>Yes</CategNormal>
        <CategPremium>Yes</CategPremium>
        <CategSpecial>Yes</CategSpecial>
        <Single>Yes</Single>
        <TierNone>Yes</TierNone>
        <Tier1>Yes</Tier1>
        <Tier2>Yes</Tier2>
        <Tier3>Yes</Tier3>
        <Tier4>Yes</Tier4>
        <Tier5>Yes</Tier5>
        <Tier6>Yes</Tier6>
        <Tier7>Yes</Tier7>
        <Tier8>Yes</Tier8>
        <Tier9>Yes</Tier9>
        <Tier10>Yes</Tier10>
      </VisibleFor>
      <SavedByVersion>1</SavedByVersion>
      <ImageFile>
        <By>Category</By>
        <By2>Single</By2>
        <By3>Single</By3>
        <By4>Single</By4>
        <ClassLight></ClassLight>
        <ClassMedium></ClassMedium>
        <ClassHeavy></ClassHeavy>
        <ClassDestroyer></ClassDestroyer>
        <ClassArtillery></ClassArtillery>
        <ClassNone></ClassNone>
        <CountryUSSR></CountryUSSR>
        <CountryGermany></CountryGermany>
        <CountryUSA></CountryUSA>
        <CountryFrance></CountryFrance>
        <CountryChina></CountryChina>
        <CountryUK></CountryUK>
        <CountryJapan></CountryJapan>
        <CountryCzech></CountryCzech>
        <CountrySweden></CountrySweden>
        <CountryPoland></CountryPoland>
        <CountryItaly></CountryItaly>
        <CountryNone></CountryNone>
        <CategNormal></CategNormal>
        <CategPremium>Images\heavy premium.png</CategPremium>
        <CategSpecial>Images\heavy premium.png</CategSpecial>
        <Single></Single>
        <TierNone></TierNone>
        <Tier1></Tier1>
        <Tier2></Tier2>
        <Tier3></Tier3>
        <Tier4></Tier4>
        <Tier5></Tier5>
        <Tier6></Tier6>
        <Tier7></Tier7>
        <Tier8></Tier8>
        <Tier9></Tier9>
        <Tier10></Tier10>
      </ImageFile>
    </item>
    <item type="TankIconMaker.Layers.CustomImageLayer">
      <Name>destroyer premium</Name>
      <Effects />
      <Id></Id>
      <Visible>True</Visible>
      <VisibleFor>
        <By>Class</By>
        <By2>Single</By2>
        <By3>Single</By3>
        <By4>Single</By4>
        <ClassLight>Yes</ClassLight>
        <ClassMedium>Yes</ClassMedium>
        <ClassHeavy>Yes</ClassHeavy>
        <ClassDestroyer>Yes</ClassDestroyer>
        <ClassArtillery>Yes</ClassArtillery>
        <ClassNone>Yes</ClassNone>
        <CountryUSSR>Yes</CountryUSSR>
        <CountryGermany>Yes</CountryGermany>
        <CountryUSA>Yes</CountryUSA>
        <CountryFrance>Yes</CountryFrance>
        <CountryChina>Yes</CountryChina>
        <CountryUK>Yes</CountryUK>
        <CountryJapan>Yes</CountryJapan>
        <CountryCzech>Yes</CountryCzech>
        <CountrySweden>Yes</CountrySweden>
        <CountryPoland>Yes</CountryPoland>
        <CountryItaly>Yes</CountryItaly>
        <CountryNone>Yes</CountryNone>
        <CategNormal>Yes</CategNormal>
        <CategPremium>Yes</CategPremium>
        <CategSpecial>Yes</CategSpecial>
        <Single>Yes</Single>
        <TierNone>Yes</TierNone>
        <Tier1>Yes</Tier1>
        <Tier2>Yes</Tier2>
        <Tier3>Yes</Tier3>
        <Tier4>Yes</Tier4>
        <Tier5>Yes</Tier5>
        <Tier6>Yes</Tier6>
        <Tier7>Yes</Tier7>
        <Tier8>Yes</Tier8>
        <Tier9>Yes</Tier9>
        <Tier10>Yes</Tier10>
      </VisibleFor>
      <SavedByVersion>1</SavedByVersion>
      <ImageFile>
        <By>Category</By>
        <By2>Class</By2>
        <By3>Single</By3>
        <By4>Single</By4>
        <ClassLight></ClassLight>
        <ClassMedium></ClassMedium>
        <ClassHeavy></ClassHeavy>
        <ClassDestroyer></ClassDestroyer>
        <ClassArtillery></ClassArtillery>
        <ClassNone></ClassNone>
        <CountryUSSR></CountryUSSR>
        <CountryGermany></CountryGermany>
        <CountryUSA></CountryUSA>
        <CountryFrance></CountryFrance>
        <CountryChina></CountryChina>
        <CountryUK></CountryUK>
        <CountryJapan></CountryJapan>
        <CountryCzech></CountryCzech>
        <CountrySweden></CountrySweden>
        <CountryPoland></CountryPoland>
        <CountryItaly></CountryItaly>
        <CountryNone></CountryNone>
        <CategNormal></CategNormal>
        <CategPremium>Images\destroyer premium.png</CategPremium>
        <CategSpecial>Images\destroyer premium.png</CategSpecial>
        <Single></Single>
        <TierNone></TierNone>
        <Tier1></Tier1>
        <Tier2></Tier2>
        <Tier3></Tier3>
        <Tier4></Tier4>
        <Tier5></Tier5>
        <Tier6></Tier6>
        <Tier7></Tier7>
        <Tier8></Tier8>
        <Tier9></Tier9>
        <Tier10></Tier10>
      </ImageFile>
    </item>
    <item type="TankIconMaker.Layers.CustomImageLayer">
      <Name>light premium</Name>
      <Effects />
      <Id></Id>
      <Visible>True</Visible>
      <VisibleFor>
        <By>Class</By>
        <By2>Single</By2>
        <By3>Single</By3>
        <By4>Single</By4>
        <ClassLight>Yes</ClassLight>
        <ClassMedium>Yes</ClassMedium>
        <ClassHeavy>Yes</ClassHeavy>
        <ClassDestroyer>Yes</ClassDestroyer>
        <ClassArtillery>Yes</ClassArtillery>
        <ClassNone>Yes</ClassNone>
        <CountryUSSR>Yes</CountryUSSR>
        <CountryGermany>Yes</CountryGermany>
        <CountryUSA>Yes</CountryUSA>
        <CountryFrance>Yes</CountryFrance>
        <CountryChina>Yes</CountryChina>
        <CountryUK>Yes</CountryUK>
        <CountryJapan>Yes</CountryJapan>
        <CountryCzech>Yes</CountryCzech>
        <CountrySweden>Yes</CountrySweden>
        <CountryPoland>Yes</CountryPoland>
        <CountryItaly>Yes</CountryItaly>
        <CountryNone>Yes</CountryNone>
        <CategNormal>Yes</CategNormal>
        <CategPremium>Yes</CategPremium>
        <CategSpecial>Yes</CategSpecial>
        <Single>Yes</Single>
        <TierNone>Yes</TierNone>
        <Tier1>Yes</Tier1>
        <Tier2>Yes</Tier2>
        <Tier3>Yes</Tier3>
        <Tier4>Yes</Tier4>
        <Tier5>Yes</Tier5>
        <Tier6>Yes</Tier6>
        <Tier7>Yes</Tier7>
        <Tier8>Yes</Tier8>
        <Tier9>Yes</Tier9>
        <Tier10>Yes</Tier10>
      </VisibleFor>
      <SavedByVersion>1</SavedByVersion>
      <ImageFile>
        <By>Category</By>
        <By2>Class</By2>
        <By3>Single</By3>
        <By4>Single</By4>
        <ClassLight></ClassLight>
        <ClassMedium></ClassMedium>
        <ClassHeavy></ClassHeavy>
        <ClassDestroyer></ClassDestroyer>
        <ClassArtillery></ClassArtillery>
        <ClassNone></ClassNone>
        <CountryUSSR></CountryUSSR>
        <CountryGermany></CountryGermany>
        <CountryUSA></CountryUSA>
        <CountryFrance></CountryFrance>
        <CountryChina></CountryChina>
        <CountryUK></CountryUK>
        <CountryJapan></CountryJapan>
        <CountryCzech></CountryCzech>
        <CountrySweden></CountrySweden>
        <CountryPoland></CountryPoland>
        <CountryItaly></CountryItaly>
        <CountryNone></CountryNone>
        <CategNormal></CategNormal>
        <CategPremium>Images\light premium.png</CategPremium>
        <CategSpecial>Images\light premium.png</CategSpecial>
        <Single></Single>
        <TierNone></TierNone>
        <Tier1></Tier1>
        <Tier2></Tier2>
        <Tier3></Tier3>
        <Tier4></Tier4>
        <Tier5></Tier5>
        <Tier6></Tier6>
        <Tier7></Tier7>
        <Tier8></Tier8>
        <Tier9></Tier9>
        <Tier10></Tier10>
      </ImageFile>
    </item>
    <item type="TankIconMaker.Layers.FilenamePatternImageLayer">
      <Name>Auto-Loader</Name>
      <Effects />
      <Id null="1" />
      <Visible>True</Visible>
      <VisibleFor>
        <By>Single</By>
        <By2>Single</By2>
        <By3>Single</By3>
        <By4>Single</By4>
        <ClassLight>Yes</ClassLight>
        <ClassMedium>Yes</ClassMedium>
        <ClassHeavy>Yes</ClassHeavy>
        <ClassDestroyer>Yes</ClassDestroyer>
        <ClassArtillery>Yes</ClassArtillery>
        <ClassNone>Yes</ClassNone>
        <CountryUSSR>Yes</CountryUSSR>
        <CountryGermany>Yes</CountryGermany>
        <CountryUSA>Yes</CountryUSA>
        <CountryFrance>Yes</CountryFrance>
        <CountryChina>Yes</CountryChina>
        <CountryUK>Yes</CountryUK>
        <CountryJapan>Yes</CountryJapan>
        <CountryCzech>Yes</CountryCzech>
        <CountrySweden>Yes</CountrySweden>
        <CountryPoland>Yes</CountryPoland>
        <CountryItaly>Yes</CountryItaly>
        <CountryNone>Yes</CountryNone>
        <CategNormal>Yes</CategNormal>
        <CategPremium>Yes</CategPremium>
        <CategSpecial>Yes</CategSpecial>
        <Single>Yes</Single>
        <TierNone>Yes</TierNone>
        <Tier1>Yes</Tier1>
        <Tier2>Yes</Tier2>
        <Tier3>Yes</Tier3>
        <Tier4>Yes</Tier4>
        <Tier5>Yes</Tier5>
        <Tier6>Yes</Tier6>
        <Tier7>Yes</Tier7>
        <Tier8>Yes</Tier8>
        <Tier9>Yes</Tier9>
        <Tier10>Yes</Tier10>
      </VisibleFor>
      <SavedByVersion>1</SavedByVersion>
      <Pattern>Images/{ClassIcons}.png</Pattern>
    </item>
    <item type="TankIconMaker.Layers.PropertyTextLayer">
      <Name>noms</Name>
      <Effects>
        <item type="TankIconMaker.Effects.ShadowEffect">
          <Name></Name>
          <Visible>True</Visible>
          <VisibleFor>
            <By>Single</By>
            <By2>Single</By2>
            <By3>Single</By3>
            <By4>Single</By4>
            <ClassLight>Yes</ClassLight>
            <ClassMedium>Yes</ClassMedium>
            <ClassHeavy>Yes</ClassHeavy>
            <ClassDestroyer>Yes</ClassDestroyer>
            <ClassArtillery>Yes</ClassArtillery>
            <ClassNone>Yes</ClassNone>
            <CountryUSSR>Yes</CountryUSSR>
            <CountryGermany>Yes</CountryGermany>
            <CountryUSA>Yes</CountryUSA>
            <CountryFrance>Yes</CountryFrance>
            <CountryChina>Yes</CountryChina>
            <CountryUK>Yes</CountryUK>
            <CountryJapan>Yes</CountryJapan>
            <CountryCzech>Yes</CountryCzech>
            <CountrySweden>Yes</CountrySweden>
            <CountryPoland>Yes</CountryPoland>
            <CountryItaly>Yes</CountryItaly>
            <CountryNone>Yes</CountryNone>
            <CategNormal>Yes</CategNormal>
            <CategPremium>Yes</CategPremium>
            <CategSpecial>Yes</CategSpecial>
            <Single>Yes</Single>
            <TierNone>Yes</TierNone>
            <Tier1>Yes</Tier1>
            <Tier2>Yes</Tier2>
            <Tier3>Yes</Tier3>
            <Tier4>Yes</Tier4>
            <Tier5>Yes</Tier5>
            <Tier6>Yes</Tier6>
            <Tier7>Yes</Tier7>
            <Tier8>Yes</Tier8>
            <Tier9>Yes</Tier9>
            <Tier10>Yes</Tier10>
          </VisibleFor>
          <SavedByVersion>1</SavedByVersion>
          <Radius>1.5</Radius>
          <Spread>5</Spread>
          <Color>
            <By>Single</By>
            <By2>Single</By2>
            <By3>Single</By3>
            <By4>Single</By4>
            <ClassLight>#000000</ClassLight>
            <ClassMedium>#000000</ClassMedium>
            <ClassHeavy>#000000</ClassHeavy>
            <ClassDestroyer>#000000</ClassDestroyer>
            <ClassArtillery>#000000</ClassArtillery>
            <ClassNone>#000000</ClassNone>
            <CountryUSSR>#000000</CountryUSSR>
            <CountryGermany>#000000</CountryGermany>
            <CountryUSA>#000000</CountryUSA>
            <CountryFrance>#000000</CountryFrance>
            <CountryChina>#000000</CountryChina>
            <CountryUK>#000000</CountryUK>
            <CountryJapan>#000000</CountryJapan>
            <CountryCzech>#000000</CountryCzech>
            <CountrySweden>#000000</CountrySweden>
            <CountryPoland>#000000</CountryPoland>
            <CountryItaly>#000000</CountryItaly>
            <CountryNone>#000000</CountryNone>
            <CategNormal>#000000</CategNormal>
            <CategPremium>#000000</CategPremium>
            <CategSpecial>#000000</CategSpecial>
            <Single>#000000</Single>
            <TierNone>#000000</TierNone>
            <Tier1>#000000</Tier1>
            <Tier5>#000000</Tier5>
            <Tier10>#000000</Tier10>
          </Color>
          <ShiftX>0</ShiftX>
          <ShiftY>0</ShiftY>
        </item>
      </Effects>
      <Id null="1" />
      <Visible>True</Visible>
      <VisibleFor>
        <By>Single</By>
        <By2>Single</By2>
        <By3>Single</By3>
        <By4>Single</By4>
        <ClassLight>Yes</ClassLight>
        <ClassMedium>Yes</ClassMedium>
        <ClassHeavy>Yes</ClassHeavy>
        <ClassDestroyer>Yes</ClassDestroyer>
        <ClassArtillery>Yes</ClassArtillery>
        <ClassNone>Yes</ClassNone>
        <CountryUSSR>Yes</CountryUSSR>
        <CountryGermany>Yes</CountryGermany>
        <CountryUSA>Yes</CountryUSA>
        <CountryFrance>Yes</CountryFrance>
        <CountryChina>Yes</CountryChina>
        <CountryUK>Yes</CountryUK>
        <CountryJapan>Yes</CountryJapan>
        <CountryCzech>Yes</CountryCzech>
        <CountrySweden>Yes</CountrySweden>
        <CountryPoland>Yes</CountryPoland>
        <CountryItaly>Yes</CountryItaly>
        <CountryNone>Yes</CountryNone>
        <CategNormal>Yes</CategNormal>
        <CategPremium>Yes</CategPremium>
        <CategSpecial>Yes</CategSpecial>
        <Single>Yes</Single>
        <TierNone>Yes</TierNone>
        <Tier1>Yes</Tier1>
        <Tier2>Yes</Tier2>
        <Tier3>Yes</Tier3>
        <Tier4>Yes</Tier4>
        <Tier5>Yes</Tier5>
        <Tier6>Yes</Tier6>
        <Tier7>Yes</Tier7>
        <Tier8>Yes</Tier8>
        <Tier9>Yes</Tier9>
        <Tier10>Yes</Tier10>
      </VisibleFor>
      <SavedByVersion>2</SavedByVersion>
      <FontSmoothing>ClearType</FontSmoothing>
      <FontFamily>Eras Demi ITC</FontFamily>
      <FontSize>7.5</FontSize>
      <FontBold>True</FontBold>
      <FontItalic>False</FontItalic>
      <FontColor>
        <By>Category</By>
        <By2>Single</By2>
        <By3>Single</By3>
        <By4>Single</By4>
        <ClassLight>#FFFFFF</ClassLight>
        <ClassMedium>#FFFFFF</ClassMedium>
        <ClassHeavy>#FFFFFF</ClassHeavy>
        <ClassDestroyer>#FFFFFF</ClassDestroyer>
        <ClassArtillery>#FFFFFF</ClassArtillery>
        <ClassNone>#FFFFFF</ClassNone>
        <CountryUSSR>#FFFFFF</CountryUSSR>
        <CountryGermany>#FFFFFF</CountryGermany>
        <CountryUSA>#FFFFFF</CountryUSA>
        <CountryFrance>#FFFFFF</CountryFrance>
        <CountryChina>#FFFFFF</CountryChina>
        <CountryUK>#FFFFFF</CountryUK>
        <CountryJapan>#FFFFFF</CountryJapan>
        <CountryCzech>#FFFFFF</CountryCzech>
        <CountrySweden>#FFFFFF</CountrySweden>
        <CountryPoland>#FFFFFF</CountryPoland>
        <CountryItaly>#FFFFFF</CountryItaly>
        <CountryNone>#FFFFFF</CountryNone>
        <CategNormal>#FFFFFF</CategNormal>
        <CategPremium>#FFFFFF</CategPremium>
        <CategSpecial>#FFFFFF</CategSpecial>
        <Single>#FFFFFF</Single>
        <TierNone>#FFFFFF</TierNone>
        <Tier1>#FFFFFF</Tier1>
        <Tier5>#FFFFFF</Tier5>
        <Tier10>#FFFFFF</Tier10>
      </FontColor>
      <Anchor>BottomRight</Anchor>
      <X>76</X>
      <Y>21</Y>
      <Width>70</Width>
      <Height>999</Height>
      <Baseline>True</Baseline>
      <Format null="1" />
      <isSeveralValue>False</isSeveralValue>
      <Property>
        <FileId>NameShort</FileId>
        <ColumnId null="1" />
        <Author>Wargaming</Author>
      </Property>
    </item>
    <item type="TankIconMaker.Layers.PropertyTextLayer">
      <Name>tier</Name>
      <Effects>
        <item type="TankIconMaker.Effects.ShadowEffect">
          <Name></Name>
          <Visible>True</Visible>
          <VisibleFor>
            <By>Single</By>
            <By2>Single</By2>
            <By3>Single</By3>
            <By4>Single</By4>
            <ClassLight>Yes</ClassLight>
            <ClassMedium>Yes</ClassMedium>
            <ClassHeavy>Yes</ClassHeavy>
            <ClassDestroyer>Yes</ClassDestroyer>
            <ClassArtillery>Yes</ClassArtillery>
            <ClassNone>Yes</ClassNone>
            <CountryUSSR>Yes</CountryUSSR>
            <CountryGermany>Yes</CountryGermany>
            <CountryUSA>Yes</CountryUSA>
            <CountryFrance>Yes</CountryFrance>
            <CountryChina>Yes</CountryChina>
            <CountryUK>Yes</CountryUK>
            <CountryJapan>Yes</CountryJapan>
            <CountryCzech>Yes</CountryCzech>
            <CountrySweden>Yes</CountrySweden>
            <CountryPoland>Yes</CountryPoland>
            <CountryItaly>Yes</CountryItaly>
            <CountryNone>Yes</CountryNone>
            <CategNormal>Yes</CategNormal>
            <CategPremium>Yes</CategPremium>
            <CategSpecial>Yes</CategSpecial>
            <Single>Yes</Single>
            <TierNone>Yes</TierNone>
            <Tier1>Yes</Tier1>
            <Tier2>Yes</Tier2>
            <Tier3>Yes</Tier3>
            <Tier4>Yes</Tier4>
            <Tier5>Yes</Tier5>
            <Tier6>Yes</Tier6>
            <Tier7>Yes</Tier7>
            <Tier8>Yes</Tier8>
            <Tier9>Yes</Tier9>
            <Tier10>Yes</Tier10>
          </VisibleFor>
          <SavedByVersion>1</SavedByVersion>
          <Radius>1.5</Radius>
          <Spread>5</Spread>
          <Color>
            <By>Single</By>
            <By2>Single</By2>
            <By3>Single</By3>
            <By4>Single</By4>
            <ClassLight>#000000</ClassLight>
            <ClassMedium>#000000</ClassMedium>
            <ClassHeavy>#000000</ClassHeavy>
            <ClassDestroyer>#000000</ClassDestroyer>
            <ClassArtillery>#000000</ClassArtillery>
            <ClassNone>#000000</ClassNone>
            <CountryUSSR>#000000</CountryUSSR>
            <CountryGermany>#000000</CountryGermany>
            <CountryUSA>#000000</CountryUSA>
            <CountryFrance>#000000</CountryFrance>
            <CountryChina>#000000</CountryChina>
            <CountryUK>#000000</CountryUK>
            <CountryJapan>#000000</CountryJapan>
            <CountryCzech>#000000</CountryCzech>
            <CountrySweden>#000000</CountrySweden>
            <CountryPoland>#000000</CountryPoland>
            <CountryItaly>#000000</CountryItaly>
            <CountryNone>#000000</CountryNone>
            <CategNormal>#000000</CategNormal>
            <CategPremium>#000000</CategPremium>
            <CategSpecial>#000000</CategSpecial>
            <Single>#000000</Single>
            <TierNone>#000000</TierNone>
            <Tier1>#000000</Tier1>
            <Tier5>#000000</Tier5>
            <Tier10>#000000</Tier10>
          </Color>
          <ShiftX>0</ShiftX>
          <ShiftY>0</ShiftY>
        </item>
      </Effects>
      <Id null="1" />
      <Visible>True</Visible>
      <VisibleFor>
        <By>Single</By>
        <By2>Single</By2>
        <By3>Single</By3>
        <By4>Single</By4>
        <ClassLight>Yes</ClassLight>
        <ClassMedium>Yes</ClassMedium>
        <ClassHeavy>Yes</ClassHeavy>
        <ClassDestroyer>Yes</ClassDestroyer>
        <ClassArtillery>Yes</ClassArtillery>
        <ClassNone>Yes</ClassNone>
        <CountryUSSR>Yes</CountryUSSR>
        <CountryGermany>Yes</CountryGermany>
        <CountryUSA>Yes</CountryUSA>
        <CountryFrance>Yes</CountryFrance>
        <CountryChina>Yes</CountryChina>
        <CountryUK>Yes</CountryUK>
        <CountryJapan>Yes</CountryJapan>
        <CountryCzech>Yes</CountryCzech>
        <CountrySweden>Yes</CountrySweden>
        <CountryPoland>Yes</CountryPoland>
        <CountryItaly>Yes</CountryItaly>
        <CountryNone>Yes</CountryNone>
        <CategNormal>Yes</CategNormal>
        <CategPremium>Yes</CategPremium>
        <CategSpecial>Yes</CategSpecial>
        <Single>Yes</Single>
        <TierNone>Yes</TierNone>
        <Tier1>Yes</Tier1>
        <Tier2>Yes</Tier2>
        <Tier3>Yes</Tier3>
        <Tier4>Yes</Tier4>
        <Tier5>Yes</Tier5>
        <Tier6>Yes</Tier6>
        <Tier7>Yes</Tier7>
        <Tier8>Yes</Tier8>
        <Tier9>Yes</Tier9>
        <Tier10>Yes</Tier10>
      </VisibleFor>
      <SavedByVersion>2</SavedByVersion>
      <FontSmoothing>ClearType</FontSmoothing>
      <FontFamily>Eras Demi ITC</FontFamily>
      <FontSize>7</FontSize>
      <FontBold>True</FontBold>
      <FontItalic>False</FontItalic>
      <FontColor>
        <By>Single</By>
        <By2>Single</By2>
        <By3>Single</By3>
        <By4>Single</By4>
        <ClassLight>#FFFFFF</ClassLight>
        <ClassMedium>#FFFFFF</ClassMedium>
        <ClassHeavy>#FFFFFF</ClassHeavy>
        <ClassDestroyer>#FFFFFF</ClassDestroyer>
        <ClassArtillery>#FFFFFF</ClassArtillery>
        <ClassNone>#FFFFFF</ClassNone>
        <CountryUSSR>#FFFFFF</CountryUSSR>
        <CountryGermany>#FFFFFF</CountryGermany>
        <CountryUSA>#FFFFFF</CountryUSA>
        <CountryFrance>#FFFFFF</CountryFrance>
        <CountryChina>#FFFFFF</CountryChina>
        <CountryUK>#FFFFFF</CountryUK>
        <CountryJapan>#FFFFFF</CountryJapan>
        <CountryCzech>#FFFFFF</CountryCzech>
        <CountrySweden>#FFFFFF</CountrySweden>
        <CountryPoland>#FFFFFF</CountryPoland>
        <CountryItaly>#FFFFFF</CountryItaly>
        <CountryNone>#FFFFFF</CountryNone>
        <CategNormal>#FFFFFF</CategNormal>
        <CategPremium>#FFFFFF</CategPremium>
        <CategSpecial>#FFFFFF</CategSpecial>
        <Single>#FFFFFF</Single>
        <TierNone>#FFFFFF</TierNone>
        <Tier1>#FFFFFF</Tier1>
        <Tier5>#FFFFFF</Tier5>
        <Tier10>#FFFFFF</Tier10>
      </FontColor>
      <Anchor>TopRight</Anchor>
      <X>76</X>
      <Y>3</Y>
      <Width>999</Width>
      <Height>999</Height>
      <Baseline>False</Baseline>
      <Format null="1" />
      <isSeveralValue>False</isSeveralValue>
      <Property>
        <FileId>Tier (Roman)</FileId>
        <ColumnId null="1" />
        <Author>(built-in)</Author>
      </Property>
    </item>
    <item type="TankIconMaker.Layers.CustomImageLayer">
      <Name>Flag</Name>
      <Effects>
        <item type="TankIconMaker.Effects.SizePosEffect">
          <Name></Name>
          <Visible>True</Visible>
          <VisibleFor>
            <By>Single</By>
            <By2>Single</By2>
            <By3>Single</By3>
            <By4>Single</By4>
            <ClassLight>Yes</ClassLight>
            <ClassMedium>Yes</ClassMedium>
            <ClassHeavy>Yes</ClassHeavy>
            <ClassDestroyer>Yes</ClassDestroyer>
            <ClassArtillery>Yes</ClassArtillery>
            <ClassNone>Yes</ClassNone>
            <CountryUSSR>Yes</CountryUSSR>
            <CountryGermany>Yes</CountryGermany>
            <CountryUSA>Yes</CountryUSA>
            <CountryFrance>Yes</CountryFrance>
            <CountryChina>Yes</CountryChina>
            <CountryUK>Yes</CountryUK>
            <CountryJapan>Yes</CountryJapan>
            <CountryCzech>Yes</CountryCzech>
            <CountrySweden>Yes</CountrySweden>
            <CountryPoland>Yes</CountryPoland>
            <CountryItaly>Yes</CountryItaly>
            <CountryNone>Yes</CountryNone>
            <CategNormal>Yes</CategNormal>
            <CategPremium>Yes</CategPremium>
            <CategSpecial>Yes</CategSpecial>
            <Single>Yes</Single>
            <TierNone>Yes</TierNone>
            <Tier1>Yes</Tier1>
            <Tier2>Yes</Tier2>
            <Tier3>Yes</Tier3>
            <Tier4>Yes</Tier4>
            <Tier5>Yes</Tier5>
            <Tier6>Yes</Tier6>
            <Tier7>Yes</Tier7>
            <Tier8>Yes</Tier8>
            <Tier9>Yes</Tier9>
            <Tier10>Yes</Tier10>
          </VisibleFor>
          <SavedByVersion>3</SavedByVersion>
          <PositionByPixels>True</PositionByPixels>
          <Anchor>TopLeft</Anchor>
          <X>3</X>
          <Y>3</Y>
          <SizeByPixels>True</SizeByPixels>
          <Percentage>70</Percentage>
          <Width>30</Width>
          <Height>18</Height>
          <SizeMode2>ByPercentage</SizeMode2>
          <GrowShrinkMode>GrowAndShrink</GrowShrinkMode>
          <Filter>Auto</Filter>
          <PixelAlphaThreshold>0</PixelAlphaThreshold>
          <ShowLayerBorders>False</ShowLayerBorders>
          <ShowPixelBorders>False</ShowPixelBorders>
          <ShowAnchor>False</ShowAnchor>
        </item>
      </Effects>
      <Id null="1" />
      <Visible>True</Visible>
      <VisibleFor>
        <By>Single</By>
        <By2>Single</By2>
        <By3>Single</By3>
        <By4>Single</By4>
        <ClassLight>Yes</ClassLight>
        <ClassMedium>Yes</ClassMedium>
        <ClassHeavy>Yes</ClassHeavy>
        <ClassDestroyer>Yes</ClassDestroyer>
        <ClassArtillery>Yes</ClassArtillery>
        <ClassNone>Yes</ClassNone>
        <CountryUSSR>Yes</CountryUSSR>
        <CountryGermany>Yes</CountryGermany>
        <CountryUSA>Yes</CountryUSA>
        <CountryFrance>Yes</CountryFrance>
        <CountryChina>Yes</CountryChina>
        <CountryUK>Yes</CountryUK>
        <CountryJapan>Yes</CountryJapan>
        <CountryCzech>Yes</CountryCzech>
        <CountrySweden>Yes</CountrySweden>
        <CountryPoland>Yes</CountryPoland>
        <CountryItaly>Yes</CountryItaly>
        <CountryNone>Yes</CountryNone>
        <CategNormal>Yes</CategNormal>
        <CategPremium>Yes</CategPremium>
        <CategSpecial>Yes</CategSpecial>
        <Single>Yes</Single>
        <TierNone>Yes</TierNone>
        <Tier1>Yes</Tier1>
        <Tier2>Yes</Tier2>
        <Tier3>Yes</Tier3>
        <Tier4>Yes</Tier4>
        <Tier5>Yes</Tier5>
        <Tier6>Yes</Tier6>
        <Tier7>Yes</Tier7>
        <Tier8>Yes</Tier8>
        <Tier9>Yes</Tier9>
        <Tier10>Yes</Tier10>
      </VisibleFor>
      <SavedByVersion>1</SavedByVersion>
      <ImageFile>
        <By>Country</By>
        <By2>Single</By2>
        <By3>Single</By3>
        <By4>Single</By4>
        <ClassLight></ClassLight>
        <ClassMedium></ClassMedium>
        <ClassHeavy></ClassHeavy>
        <ClassDestroyer></ClassDestroyer>
        <ClassArtillery></ClassArtillery>
        <ClassNone></ClassNone>
        <CountryUSSR>Images\country1-ussr.png</CountryUSSR>
        <CountryGermany>Images\country1-germany.png</CountryGermany>
        <CountryUSA>Images\country1-usa.png</CountryUSA>
        <CountryFrance>Images\country1-france.png</CountryFrance>
        <CountryChina>Images\country1-china.png</CountryChina>
        <CountryUK>Images\country1-uk.png</CountryUK>
        <CountryJapan>Images\country1-japan.png</CountryJapan>
        <CountryCzech>Images\country1-czech.png</CountryCzech>
        <CountrySweden>Images\country1-sweden.png</CountrySweden>
        <CountryPoland>Images\country1-poland.png</CountryPoland>
        <CountryItaly>Images\country1-italy.png</CountryItaly>
        <CountryNone></CountryNone>
        <CategNormal></CategNormal>
        <CategPremium></CategPremium>
        <CategSpecial></CategSpecial>
        <Single></Single>
        <TierNone></TierNone>
        <Tier1></Tier1>
        <Tier2></Tier2>
        <Tier3></Tier3>
        <Tier4></Tier4>
        <Tier5></Tier5>
        <Tier6></Tier6>
        <Tier7></Tier7>
        <Tier8></Tier8>
        <Tier9></Tier9>
        <Tier10></Tier10>
      </ImageFile>
    </item>
  </Layers>
  <ForumLink null="1" />
</item>