<?xml version="1.0"?>
<ExplorerConfig xmlns:xsd="http://www.w3.org/2001/XMLSchema" xmlns:xsi="http://www.w3.org/2001/XMLSchema-instance">
  <General>
    <LastOpenDir>F:\Tanks Stuff\RelhaxSoundMod\other files</LastOpenDir>
    <StartupBehaviour>DoNothing</StartupBehaviour>
  </General>
  <Extract>
    <LastExtractDir>F:\Tanks Stuff\RelHaxSoundMod\other files\RavioliGameTools_v2.9</LastExtractDir>
    <CreateSubDirectory>false</CreateSubDirectory>
    <ConvertImages>false</ConvertImages>
    <TargetImageFormat>.gif</TargetImageFormat>
    <LastSaveDir>F:\Tanks Stuff\RelHaxSoundMod\other files\RavioliGameTools_v2.9</LastSaveDir>
    <ConvertSounds>true</ConvertSounds>
    <TargetSoundFormat>.mp3</TargetSoundFormat>
  </Extract>
  <Viewer>
    <WindowSettings>
      <Left>500</Left>
      <Top>351</Top>
      <Width>660</Width>
      <Height>485</Height>
      <State>Normal</State>
    </WindowSettings>
  </Viewer>
  <Browser>
    <WindowSettings>
      <Left>365</Left>
      <Top>249</Top>
      <Width>640</Width>
      <Height>473</Height>
      <State>Normal</State>
    </WindowSettings>
    <Preview>
      <Active>true</Active>
      <Width>183</Width>
      <PreviewSounds>true</PreviewSounds>
      <LockImageZoom>false</LockImageZoom>
      <AutoPlaySounds>true</AutoPlaySounds>
    </Preview>
    <Output>
      <Height>80</Height>
    </Output>
    <FileListView>Details</FileListView>
    <SortCriterion>Name</SortCriterion>
    <SortOrder>Ascending</SortOrder>
    <DirectoryTreeWidth>210</DirectoryTreeWidth>
    <DirectoryView>Hierarchical</DirectoryView>
  </Browser>
  <UnknownFiles>
    <AllowScanning>true</AllowScanning>
    <AskBeforeScanning>true</AskBeforeScanning>
  </UnknownFiles>
</ExplorerConfig>