WOT-DATA,2
{{ID}},MaxDamage,MaxPenetration,MaxPenetrationDamage,TopGunReloadTime
{{EN}},Damage using the best gun/shell (except premium shells).,Penetration using the best gun/shell (except premium shells).,Damage using the most penetrating gun/shell (except premium shells).,Top gun reload time.
{{RU}},Урон лучшей пушкой/снарядом (кроме голды).,Пробитие лучшей пушкой/снарядом (кроме голды).,Урон пушкой/снарядом с лучшим пробитием (кроме голды).,Время перезарядки топового орудия.
china-Ch01_Type59,330,241,250,"8,4",#93
china-Ch01_Type59_Gold,330,241,250,"8,4",#93
china-Ch02_Type62,300,220,180,"5,5",#93
china-Ch03_WZ_111_A,530,250,390,"12,5",#93
china-Ch03_WZ-111,530,250,390,"12,5",#93
china-Ch04_T34_1,330,235,250,"9,3",#93
china-Ch04_T34_1_training,160,120,160,5,#93
china-Ch05_T34_2,530,250,390,15,#93
china-Ch06_Renault_NC31,42,74,36,"2,3",#93
china-Ch06_Renault_NC31_bot,5,29,5,"2,5",#93
china-Ch07_Vickers_MkE_Type_BT26,65,88,47,8,#93
china-Ch08_Type97_Chi_Ha,95,130,70,3,#93
china-Ch08_Type97_Chi_Ha_bootcamp,95,55,75,3,#93
china-Ch09_M5,90,130,70,"2,5",#93
china-Ch10_IS2,530,250,390,"12,3",#93
china-Ch11_110,530,265,320,10,#93
china-Ch11_110_IGR,420,265,320,10,#93
china-Ch12_111_1_2_3,640,340,490,14,#93
china-Ch14_T34_3,530,250,390,"13,4",#93
china-Ch15_59_16,165,189,85,"3,8",#93
china-Ch16_WZ_131,320,230,200,"7,5",#93
china-Ch17_WZ131_1_WZ132,330,241,250,"7,8",#93
china-Ch17_WZ131_1_WZ132_IGR,330,225,250,"7,8",#93
china-Ch18_WZ-120,530,340,440,12,#93
china-Ch19_121,530,340,440,"9,6",#93
china-Ch19_121_IGR,530,340,440,"9,6",#93
china-Ch20_Type58,280,172,160,5,#93
china-Ch21_T34,156,189,85,"2,3",#93
china-Ch22_113,530,340,440,10,#93
china-Ch22_113_Beijing_Opera,530,340,440,10,#93
china-Ch22_113P,530,340,440,10,#93
china-Ch23_112,530,250,390,"12,6",#93
china-Ch23_112_FL,530,250,390,"12,6",#93
china-Ch24_Type64,185,177,115,"3,3",#93
china-Ch25_121_mod_1971B,480,350,390,"8,7",#93
china-Ch26_59_Patton,320,250,240,"7,5",#93
china-Ch28_WZ_132A,420,248,320,"9,2",#93
china-Ch29_Type_62C_prot,480,280,390,"10,7",#93
china-Ch30_T-26G_FT,90,130,70,"2,9",#93
china-Ch31_M3G_FT,165,189,85,5,#93
china-Ch32_SU-76G_FT,280,189,85,"4,8",#93
china-Ch33_60G_FT,300,220,180,"4,8",#93
china-Ch34_WZ131G_FT,330,241,250,8,#93
china-Ch35_T-34-2G_FT,530,250,390,"9,5",#93
china-Ch36_WZ111_1G_FT,660,340,560,14,#93
china-Ch37_WZ111G_FT,1100,395,750,18,#93
china-Ch38_WZ113G_FT,1100,395,750,17,#93
china-Ch39_WZ120_1G_FT,530,310,440,"9,8",#93
china-Ch40_WZ120G_FT,660,340,560,"11,9",#93
china-Ch41_WZ_111_5A,640,340,490,"11,2",#93
china-Ch41_WZ_111_QL,660,340,560,"12,9",#93
china-Ch42_WalkerBulldog_M41D,260,227,170,"4,6",#93
czech-Cz01_Skoda_T40,270,200,220,"6,9",#93
czech-Cz02_TVP_T50,420,310,320,22,#93
czech-Cz03_LT_vz35,45,74,40,"2,6",#93
czech-Cz04_T50_51,420,310,320,25,#93
czech-Cz05_T34_100,330,250,250,"8,5",#93
czech-Cz06_Kolohousenka,65,70,50,"3,1",#93
czech-Cz07_TVP_46,420,250,250,11,#93
czech-Cz08_T_25,175,185,110,8,#93
czech-Cz09_T_24,175,185,110,"5,3",#93
czech-Cz10_LT_vz38,45,115,40,5,#93
czech-Cz11_V_8_H,75,132,60,"2,5",#93
czech-Cz13_T_27,295,242,240,24,#93
france-F01_RenaultFT,36,46,30,"5,8",#93
france-F01_RenaultFT_bot,5,29,5,"2,5",#93
france-F02_D1,62,68,27,"2,5",#93
france-F03_D2,70,98,55,"2,6",#93
france-F04_B1,70,98,55,"2,1",#93
france-F04_B1_bootcamp,62,46,50,"2,3",#93
france-F05_BDR_G1B,320,175,240,"8,8",#93
france-F06_ARL_44,360,259,240,10,#93
france-F07_AMX_M4_1945,360,259,240,"8,6",#93
france-F08_AMX_50_100,400,263,300,50,#93
france-F08_AMX_50_100_IGR,400,263,300,50,#93
france-F09_AMX_50_120,515,325,400,35,#93
france-F10_AMX_50B,515,325,400,30,#93
france-F10_AMX_50B_fallout,515,325,400,30,#93
france-F100_Panhard_EBR_90,320,230,240,"7,8",#93
france-F106_Panhard_EBR_75_Mle1954,260,220,175,"9,5",#93
france-F107_Hotchkiss_EBR,260,190,170,"6,4",#93
france-F108_Panhard_EBR_105,500,240,390,12,#93
france-F109_AMD_Panhard_178B,175,160,110,"4,2",#93
france-F11_Renault_G1R,410,129,110,10,#93
france-F110_Lynx_6x6,320,223,240,"8,23",#93
france-F111_AM39_Gendron_Somua,27,68,27,"2,1",#93
france-F112_M10_RBFM,185,170,115,"3,1",#93
france-F113_Bretagne_Panther,175,194,135,"4,2",#93
france-F12_Hotchkiss_H35,45,68,27,"1,7",#93
france-F13_AMX38,70,79,55,"3,2",#93
france-F14_AMX40,175,92,110,"6,2",#93
france-F15_AMX_12t,175,202,135,20,#93
france-F16_AMX_13_75,175,202,135,14,#93
france-F17_AMX_13_90,320,248,240,23,#93
france-F17_AMX_13_90_IGR,320,248,240,23,#93
france-F18_Bat_Chatillon25t,480,330,390,40,#93
france-F18_Bat_Chatillon25t_IGR,480,330,390,40,#93
france-F19_Lorraine40t,400,263,300,36,#93
france-F20_RenaultBS,165,19,165,"7,8",#93
france-F21_Lorraine39_L_AM,410,27,410,"20,5",#93
france-F22_AMX_105AM,445,30,445,14,#93
france-F23_AMX_13F3AM,700,39,700,"31,9",#93
france-F24_Lorraine155_50,700,40,700,"29,8",#93
france-F25_Lorraine155_51,750,45,750,30,#93
france-F27_FCM_36Pak40,175,126,110,"3,77",#93
france-F28_105_leFH18B2,410,104,350,"9,3",#93
france-F28_105_leFH18B2_IGR,410,104,350,"9,3",#93
france-F30_RenaultFT_AC,70,98,55,"2,3",#93
france-F32_Somua_Sau_40,410,129,110,"8,5",#93
france-F33_S_35CA,360,239,150,"8,4",#93
france-F33_S_35CA_IGR,320,175,240,"8,4",#93
france-F34_ARL_V39,360,259,240,9,#93
france-F35_AMX_AC_Mle1946,400,263,300,10,#93
france-F36_AMX_AC_Mle1948,515,325,400,34,#93
france-F36_AMX_AC_Mle1948_IGR,515,325,400,"10,4",#93
france-F37_AMX50_Foch,515,325,400,34,#93
france-F38_Bat_Chatillon155_58,750,48,750,52,#93
france-F44_Somua_S35,70,98,55,"2,9",#93
france-F49_RenaultR35,45,68,27,"2,3",#93
france-F50_FCM36_20t,45,68,27,"2,3",#93
france-F52_RenaultUE57,75,180,75,"2,8",#93
france-F62_ELC_AMX,320,150,240,14,#93
france-F62_ELC_AMX_IGR,320,150,240,14,#93
france-F64_AMX_50Fosh_155,1100,395,750,50,#93
france-F64_AMX_50Fosh_B,515,325,400,38,#93
france-F65_FCM_50t,320,259,240,"6,8",#93
france-F66_AMX_Ob_Am105,445,30,445,16,#93
france-F67_Bat_Chatillon155_55,750,48,750,30,#93
france-F68_AMX_Chasseur_de_char_46,320,259,240,"7,3",#93
france-F69_AMX13_57_100,90,195,90,16,#93
france-F69_AMX13_57_100_GrandFinal,90,195,90,16,#93
france-F70_SARL42,175,129,110,"5,4",#93
france-F71_AMX_30_prototype,480,300,390,"8,7",#93
france-F72_AMX_30,480,300,390,"7,8",#93
france-F73_M4A1_Revalorise,480,250,390,"12,8",#93
france-F73_M4A1_Revalorise_FL,480,250,390,"12,8",#93
france-F74_AMX_M4_1949,400,263,300,"10,3",#93
france-F74_AMX_M4_1949_FL,400,263,300,"10,3",#93
france-F74_AMX_M4_1949_Liberte,400,263,300,"10,3",#93
france-F75_Char_de_25t,400,263,300,45,#93
france-F81_Char_de_65t,515,263,300,"13,8",#93
france-F82_AMX_M4_Mle1949_Ter,640,315,400,"15,8",#93
france-F83_AMX_M4_Mle1949_Bis,610,315,400,"13,3",#93
france-F84_Somua_SM,400,263,300,37,#93
france-F85_M4A1_FL10,175,186,135,18,#93
france-F87_Batignolles-Chatillon_12t,260,210,170,20,#93
france-F88_AMX_13_105,480,280,390,27,#93
france-F89_Canon_dassaut_de_105,480,310,390,"11,5",#93
france-F97_ELC_EVEN_90,270,215,220,30,#93
germany-Env_Artillery,950,85,950,"31,3",#93
germany-G02_Hummel,680,39,680,"31,1",#93
germany-G03_PzV_Panther,410,244,135,4,#93
germany-G03_PzV_Panther_bootcamp,175,194,135,"4,2",#93
germany-G03_PzV_Panther_IGR,175,244,135,4,#93
germany-G03_PzV_Panther_training,160,120,160,5,#93
germany-G04_PzVI_Tiger_I,410,237,240,"6,7",#93
germany-G04_PzVI_Tiger_I_IGR,295,237,240,"6,7",#93
germany-G04_PzVI_Tiger_IA,270,194,220,"4,7",#93
germany-G05_StuG_40_AusfG,410,194,135,"4,5",#93
germany-G05_StuG_40_AusfG_IGR,175,194,135,"4,5",#93
germany-G06_PzII,11,51,11,"3,9",#93
germany-G06_PzII_bot,6,23,6,"4,3",#93
germany-G07_Pz35t,45,74,40,"3,9",#93
germany-G08_Pz38t,75,115,60,"2,3",#93
germany-G08_Pz38t_bootcamp,45,74,40,"2,3",#93
germany-G09_Hetzer,410,158,110,"8,6",#93
germany-G10_PzIII_AusfJ,175,130,70,"2,5",#93
germany-G10_PzIII_AusfJ_training,42,74,36,"2,3",#93
germany-G100_Gtraktor_Krupp,175,87,110,"5,5",#93
germany-G101_StuG_III,410,158,110,9,#93
germany-G102_Pz_III,90,96,70,"2,5",#93
germany-G102_Pz_III_bootcamp,42,74,36,"2,3",#93
germany-G103_RU_251,320,250,240,7,#93
germany-G104_Stug_IV,175,158,110,"3,7",#93
germany-G105_T-55_NVA_DDR,420,330,320,"7,7",#93
germany-G106_PzKpfwPanther_AusfF,295,237,240,"6,9",#93
germany-G107_PzKpfwIII_AusfK,175,139,110,4,#93
germany-G108_PzKpfwII_AusfD,11,46,11,"4,2",#93
germany-G109_Steyr_WT,295,237,240,"7,2",#93
germany-G11_Bison_I,400,35,400,"22,8",#93
germany-G110_Typ_205,630,311,490,15,#93
germany-G112_KanonenJagdPanzer,320,250,240,"6,3",#93
germany-G112_KanonenJagdPanzer_105,480,330,390,12,#93
germany-G113_SP_I_C,270,210,220,9,#93
germany-G114_Rheinmetall_Skorpian,630,311,490,"12,2",#93
germany-G114_Skorpian,630,311,490,"12,2",#93
germany-G115_Typ_205_4_Jun,630,250,490,17,#93
germany-G115_Typ_205B,630,260,440,15,#93
germany-G116_Turan_III_prot,175,160,110,4,#93
germany-G117_Toldi_III,60,80,45,4,#93
germany-G117_Toldi_III_bootcamp,60,80,45,4,#93
germany-G118_VK4503,295,237,240,"8,4",#93
germany-G119_Panzer58,330,259,250,8,#93
germany-G119_Panzer58_BF,330,259,250,8,#93
germany-G119_Panzer58_FL,330,259,250,8,#93
germany-G119_Pz58_Mutz,330,259,250,8,#93
germany-G12_Ltraktor,42,74,36,"3,4",#93
germany-G12_Ltraktor_bot,5,40,5,"2,3",#93
germany-G120_M41_90,320,250,240,"6,6",#93
germany-G120_M41_90_GrandFinal,320,250,240,"6,6",#93
germany-G121_Grille_15_L63,950,334,750,18,#93
germany-G122_VK6501H,175,124,110,"4,4",#93
germany-G125_Spz_57_Rh,420,280,320,9,#93
germany-G126_HWK_12,320,250,240,"7,7",#93
germany-G13_VK3001H,410,221,135,5,#93
germany-G134_PzKpfw_VII,700,315,560,16,#93
germany-G136_Tiger_131,270,194,220,"7,0",#93
germany-G137_PzVI_Tiger_217,270,194,220,"7,0",#93
germany-G138_VK168_02,630,260,440,15,#93
germany-G138_VK168_02_Mauerbrecher,630,260,440,15,#93
germany-G139_MKA,65,78,55,"3,8",#93
germany-G140_HWK_30,320,250,240,"7,2",#93
germany-G141_VK7501K,630,263,490,"17,8",#93
germany-G142_M48RPz,320,255,240,"7,6",#93
germany-G143_E75_TS,440,282,360,"11,3",#93
germany-G144_Kpz_50t,420,310,320,"9,5",#93
germany-G15_VK3601H,410,221,135,"6,9",#93
germany-G16_PzVIB_Tiger_II,420,285,320,"10,4",#93
germany-G16_PzVIB_Tiger_II_F,295,237,240,"8,2",#93
germany-G16_PzVIB_Tiger_II_IGR,420,285,320,"10,4",#93
germany-G16_PzVIB_Tiger_II_training,295,237,240,"8,2",#93
germany-G17_JagdPzIV,270,194,135,"5,4",#93
germany-G18_JagdPanther,420,244,320,"8,2",#93
germany-G19_Wespe,410,27,410,20,#93
germany-G20_Marder_II,175,166,115,"4,8",#93
germany-G21_PanzerJager_I,75,115,60,"2,5",#93
germany-G21_PanzerJager_I_bootcamp,45,74,40,"2,1",#93
germany-G22_Sturmpanzer_II,400,35,400,"17,4",#93
germany-G23_Grille,540,38,540,"23,5",#93
germany-G24_VK3002DB,410,194,135,"6,4",#93
germany-G25_PzII_Luchs,90,130,70,18,#93
germany-G26_VK1602,90,130,70,"2,3",#93
germany-G27_VK3001P,410,194,220,"6,9",#93
germany-G28_PzIII_IV,175,158,110,4,#93
germany-G32_PzV_PzIV,175,158,110,"3,8",#93
germany-G32_PzV_PzIV_ausf_Alfa,175,158,110,"3,8",#93
germany-G32_PzV_PzIV_ausf_Alfa_CN,175,194,135,"3,8",#93
germany-G32_PzV_PzIV_CN,175,194,135,"3,8",#93
germany-G33_H39_captured,45,64,40,"2,28571428571429",#93
germany-G34_S35_captured,62,90,52,"2,17142857142857",#93
germany-G35_B-1bis_captured,62,90,52,"2,17142857142857",#93
germany-G36_PzII_J,11,46,11,3,#93
germany-G37_Ferdinand,630,311,490,"11,7",#93
germany-G37_Ferdinand_IGR,630,311,490,"11,7",#93
germany-G39_Marder_III,175,166,115,"3,2",#93
germany-G40_Nashorn,295,237,240,"6,3",#93
germany-G41_DickerMax,380,227,300,"9,3",#93
germany-G42_Maus,630,311,490,"13,3",#93
germany-G42_Maus_IGR,630,311,490,12,#93
germany-G43_Sturer_Emil,630,231,490,"13,8",#93
germany-G44_JagdTiger,700,352,560,"11,4",#93
germany-G44_JagdTigerH,630,311,490,13,#93
germany-G45_G_Tiger,1100,53,1100,42,#93
germany-G46_T-25,175,167,110,"4,28571428571429",#93
germany-G48_E-25,175,194,135,3,#93
germany-G48_E-25_IGR,175,194,135,3,#93
germany-G49_G_Panther,680,39,680,27,#93
germany-G50_T-15,45,74,40,"2,28571428571429",#93
germany-G51_Lowe,420,294,320,"12,0",#93
germany-G51_Lowe_FL,420,294,320,"12,0",#93
germany-G52_Pz38_NA,90,130,70,"2,5",#93
germany-G53_PzI,11,47,11,"3,1",#93
germany-G54_E-50,510,270,390,"9,6",#93
germany-G55_E-75,630,311,490,"15,7",#93
germany-G56_E-100,950,334,750,20,#93
germany-G57_PzVI_Tiger_P,410,237,240,"8,6",#93
germany-G58_VK4502P,630,311,490,"15,7",#93
germany-G58_VK4502P7,295,237,240,"7,7",#93
germany-G61_G_E,1100,53,1100,39,#93
germany-G63_PzI_ausf_C,11,51,11,8,#93
germany-G64_Panther_II,410,261,240,8,#93
germany-G64_Panther_II_IGR,295,237,240,"7,3",#93
germany-G65_JagdTiger_SdKfz_185,295,237,240,"5,1",#93
germany-G65_JagdTiger_SdKfz_185_IGR,295,237,240,"5,4",#93
germany-G66_VK2801,175,158,110,4,#93
germany-G67_VK4502A,420,244,320,"10,1",#93
germany-G70_PzIV_Hydro,175,158,110,"4,3",#93
germany-G71_JagdPantherII,630,311,490,"11,7",#93
germany-G72_JagdPz_E100,1400,420,1050,"25,7",#93
germany-G73_E50_Ausf_M,510,330,390,"9,6",#93
germany-G76_Pz_Sfl_IVc,295,237,240,"6,8",#93
germany-G77_PzIV_Schmalturm,175,194,135,"4,2",#93
germany-G78_Panther_M10,175,194,135,4,#93
germany-G79_Pz_IV_AusfGH,110,43,110,"4,3",#93
germany-G80_Pz_IV_AusfD,175,139,110,4,#93
germany-G80_Pz_IV_AusfD_bootcamp,90,96,70,"2,1",#93
germany-G81_Pz_IV_AusfH,410,158,110,8,#93
germany-G82_Pz_II_AusfG,40,110,30,15,#93
germany-G83_Pz_IV_AusfA,175,96,70,4,#93
germany-G85_Auf_Panther,90,130,70,"2,3",#93
germany-G85_Aufklarungspanzer_V,280,221,165,"4,9",#93
germany-G86_VK2001DB,175,130,70,"2,5",#93
germany-G87_VK3002DB_V1,175,194,135,"4,2",#93
germany-G88_Indien_Panzer,330,259,250,"7,2",#93
germany-G89_Leopard1,510,323,420,"9,3",#93
germany-G90_DW_II,175,130,70,"2,4",#93
germany-G91_Pro_Ag_A,510,323,420,"10,6",#93
germany-G92_VK7201,950,350,750,20,#93
germany-G93_GW_Mk_VIe,410,27,410,27,#93
germany-G94_GW_Tiger_P,1100,53,1100,46,#93
germany-G95_Pz_Sfl_IVb,410,27,410,"15,5",#93
germany-G96_VK3002M,175,194,135,"4,2",#93
germany-G97_Waffentrager_IV,950,352,560,17,#93
germany-G98_Waffentrager_E100,630,311,490,58,#93
germany-G98_Waffentrager_E100_P,700,352,560,58,#93
germany-G99_RhB_Waffentrager,950,334,750,20,#93
italy-It03_M15_42,70,95,50,"2,2",#93
italy-It04_Fiat_3000,45,60,40,"2,8",#93
italy-It05_Carro_L6_40,45,60,40,"3,5",#93
italy-It06_M14_41,70,75,50,"2,6",#93
italy-It07_P26_40,175,130,110,"4,2",#93
italy-It08_Progetto_M40_mod_65,440,330,360,"15,4",#93
italy-It09_P43_ter,320,195,240,8,#93
italy-It10_P43_bis,320,180,240,"7,5",#93
italy-It11_P43,175,146,110,"4,1",#93
italy-It12_Prototipo_Standard_B,440,330,360,"15,6",#93
italy-It13_Progetto_M35_mod_46,320,259,240,"9,6",#93
italy-It14_P44_Pantera,320,259,240,"10,4",#93
japan-J01_NC27,55,49,45,"3,4",#93
japan-J01_NC27_bot,5,29,5,"2,5",#93
japan-J02_Te_Ke,60,60,45,"3,0",#93
japan-J03_Ha_Go,95,60,45,"3,4",#93
japan-J04_Ke_Ni,65,73,50,"2,3",#93
japan-J04_Ke_Ni_bootcamp,60,69,45,"2,1",#93
japan-J05_Ke_Ni_B,60,69,45,"2,1",#93
japan-J06_Ke_Ho,100,131,75,"2,4",#93
japan-J07_Chi_Ha,95,122,70,3,#93
japan-J08_Chi_Nu,175,155,125,5,#93
japan-J09_Chi_He,175,131,75,4,#93
japan-J10_Chi_To,175,186,130,"3,8",#93
japan-J11_Chi_Ri,175,186,130,10,#93
japan-J11_Chi_Ri_IGR,175,186,130,10,#93
japan-J12_Chi_Nu_Kai,175,155,125,5,#93
japan-J13_STA_1,320,275,240,"6,5",#93
japan-J13_STA_1_IGR,320,275,240,"7,5",#93
japan-J14_Type_61,440,330,360,"8,2",#93
japan-J15_Chi_Ni,95,55,75,"3,4",#93
japan-J16_ST_B1,440,330,360,"7,1",#93
japan-J16_ST_B1_IGR,440,330,360,8,#93
japan-J18_STA_2_3,320,275,240,"7,5",#93
japan-J19_Tiger_I_Jpn,270,194,220,"7,0",#93
japan-J20_Type_2605,900,290,600,"17,1",#93
japan-J21_Type_91,160,122,70,"2,1",#93
japan-J22_Type_95,175,100,110,"3,3",#93
japan-J22_Type_95_bootcamp,160,90,100,"3,3",#93
japan-J23_Mi_To,440,155,125,"10,5",#93
japan-J24_Mi_To_130_tons,890,201,300,26,#93
japan-J25_Type_4,900,290,600,"19,8",#93
japan-J26_Type_89,95,55,75,"2,3",#93
japan-J27_O_I_120,890,253,330,"9,3",#93
japan-J28_O_I_100,890,215,330,12,#93
japan-J29_Nameless,360,260,300,9,#93
japan-J30_Edelweiss,295,245,240,"7,5",#93
poland-Pl01_TKS_20mm,11,55,11,"6,2",#93
poland-Pl03_PzV_Poland,175,194,135,"4,2",#93
poland-Pl05_50TP_Tyszkiewicza,700,303,560,16,#93
poland-Pl06_10TP,90,72,75,"4,5",#93
poland-Pl07_14TP,90,92,75,"3,9",#93
poland-Pl08_50TP_prototyp,560,245,440,"14,2",#93
poland-Pl09_7TP,70,71,55,"2,8",#93
poland-Pl10_40TP_Habicha,320,198,240,"8,5",#93
poland-Pl11_45TP_Habicha,420,225,320,11,#93
poland-Pl12_25TP_KSUST_II,175,175,135,5,#93
poland-Pl13_53TP_Markowskiego,550,245,420,"12,7",#93
poland-Pl14_4TP,70,70,55,"5,2",#93
poland-Pl15_60TP_Lewandowskiego,950,317,750,"19,5",#93
poland-Pl16_T34_85_Rudy,300,194,180,6,#93
sweden-S01_Strv_74_A2,185,190,150,16,#93
sweden-S02_Strv_M42,185,144,150,"6,3",#93
sweden-S03_Strv_M38,50,78,40,"2,35",#93
sweden-S04_Lago_I,175,138,75,"2,65",#93
sweden-S05_Strv_M21_29,45,44,40,8,#93
sweden-S06_Ikv_90_Typ_B_Bofors,320,250,240,"7,4",#93
sweden-S07_Strv_74,185,200,150,"5,15",#93
sweden-S08_Ikv_65_Alt_2,320,230,240,"9,7",#93
sweden-S09_L_120_TD,50,78,40,"2,3",#93
sweden-S10_Strv_103_0_Series,480,350,390,"8,6",#93
sweden-S11_Strv_103B,480,350,390,"7,0",#93
sweden-S12_Strv_M40,50,98,40,2,#93
sweden-S13_Leo,410,200,150,"11,25",#93
sweden-S14_Ikv_103,370,140,300,"11,1",#93
sweden-S15_L_60,16,38,12,5,#93
sweden-S16_Kranvagn,530,300,440,"21,5",#93
sweden-S17_EMIL_1952_E2,530,300,440,25,#93
sweden-S18_EMIL_1951_E1,460,242,360,27,#93
sweden-S19_Sav_M43,370,130,110,"9,8",#93
sweden-S20_Ikv_72,175,120,110,"4,8",#93
sweden-S21_UDES_03,480,330,390,"11,7",#93
sweden-S22_Strv_S1,480,330,390,"10,2",#93
sweden-S23_Strv_81,280,258,230,"7,5",#93
sweden-S23_Strv_81_sabaton,280,258,230,"7,5",#93
sweden-S25_EMIL_51,460,242,360,30,#93
sweden-S26_Lansen_C,420,242,320,"9,2",#93
sweden-S27_UDES_16,480,263,390,"10,2",#93
sweden-S28_UDES_15_16,530,310,440,"9,4",#93
sweden-S29_UDES_14_5,460,253,360,"11,5",#93
uk-GB01_Medium_Mark_I,95,66,50,"4,5",#93
uk-GB01_Medium_Mark_I_bot,8,38,8,5,#93
uk-GB03_Cruiser_Mk_I,60,121,45,8,#93
uk-GB04_Valentine,175,180,75,"6,6",#93
uk-GB05_Vickers_Medium_Mk_II,95,72,50,"3,6",#93
uk-GB05_Vickers_Medium_Mk_II_bot,25,38,25,"4,2",#93
uk-GB06_Vickers_Medium_Mk_III,95,121,45,3,#93
uk-GB07_Matilda,175,145,55,4,#93
uk-GB08_Churchill_I,175,202,135,"4,8",#93
uk-GB08_Churchill_I_IGR,175,202,135,"4,8",#93
uk-GB09_Churchill_VII,370,208,140,"4,3",#93
uk-GB10_Black_Prince,190,239,150,5,#93
uk-GB100_Manticore,480,268,390,14,#93
uk-GB101_FV1066_Senlac,280,223,180,"5,5",#93
uk-GB102_LHMTV,280,258,230,10,#93
uk-GB103_GSOR3301_AVR_FS,320,258,230,"9,5",#93
uk-GB104_GSR_3301_Setter,175,220,135,6,#93
uk-GB105_Black_Prince_2019,190,239,150,"5,3",#93
uk-GB11_Caernarvon,370,252,280,"6,5",#93
uk-GB11_Caernarvon_IGR,280,258,230,"7,8",#93
uk-GB12_Conqueror,515,326,400,"11,3",#93
uk-GB13_FV215b,515,326,400,"8,7",#93
uk-GB13_FV215b_IGR,515,326,400,"8,7",#93
uk-GB14_M2,50,70,40,"2,6",#93
uk-GB15_Stuart_I,60,121,45,"2,5",#93
uk-GB17_Grant_I,175,170,75,3,#93
uk-GB19_Sherman_Firefly,410,239,150,"4,7",#93
uk-GB20_Crusader,175,180,75,"2,2",#93
uk-GB21_Cromwell,370,202,135,"3,9",#93
uk-GB21_Cromwell_IGR,175,202,135,"3,9",#93
uk-GB22_Comet,370,208,140,"3,9",#93
uk-GB23_Centurion,280,258,230,"7,5",#93
uk-GB23_Centurion_IGR,280,258,230,"7,5",#93
uk-GB24_Centurion_Mk3,480,268,390,"11,2",#93
uk-GB25_Loyd_Gun_Carriage,165,21,165,9,#93
uk-GB26_Birch_Gun,280,22,280,"9,6",#93
uk-GB27_Sexton,280,22,280,12,#93
uk-GB28_Bishop,450,28,450,"12,9",#93
uk-GB29_Crusader_5inch,600,35,600,29,#93
uk-GB30_FV3805,900,46,900,37,#93
uk-GB31_Conqueror_Gun,1200,59,1200,46,#93
uk-GB32_Tortoise,515,326,400,"7,1",#93
uk-GB33_Sentinel_AC_I,60,121,45,"2,3",#93
uk-GB35_Sentinel_AC_IV,190,239,150,5,#93
uk-GB39_Universal_CarrierQF2,95,121,45,"3,1",#93
uk-GB40_Gun_Carrier_Churchill,370,252,280,"9,5",#93
uk-GB41_Challenger,370,252,280,"7,8",#93
uk-GB42_Valentine_AT,370,180,75,8,#93
uk-GB44_Archer,190,239,150,"4,7",#93
uk-GB45_Achilles_IIC,190,239,150,"4,4",#93
uk-GB48_FV215b_183,1750,310,1150,30,#93
uk-GB50_Sherman_III,410,180,75,"4,6",#93
uk-GB51_Excelsior,175,144,110,"3,8",#93
uk-GB52_A45,190,239,150,"4,3",#93
uk-GB57_Alecto,370,180,75,"5,7",#93
uk-GB58_Cruiser_Mk_III,60,121,45,8,#93
uk-GB59_Cruiser_Mk_IV,60,121,45,6,#93
uk-GB60_Covenanter,175,121,50,"4,3",#93
uk-GB63_TOG_II,190,239,150,5,#93
uk-GB68_Matilda_Black_Prince,100,180,75,"2,3",#93
uk-GB69_Cruiser_Mk_II,370,121,45,12,#93
uk-GB70_FV4202_105,480,268,390,"8,6",#93
uk-GB70_N_FV4202_105,280,258,230,8,#93
uk-GB70_N_FV4202_105_FL,280,258,230,8,#93
uk-GB71_AT_15A,190,239,150,"4,3",#93
uk-GB72_AT15,370,258,230,5,#93
uk-GB72_AT15_IGR,280,258,230,5,#93
uk-GB73_AT2,370,180,75,"2,3",#93
uk-GB74_AT8,190,239,150,"4,3",#93
uk-GB75_AT7,280,258,230,"6,2",#93
uk-GB76_Mk_VIC,9,27,9,18,#93
uk-GB77_FV304,450,28,450,"13,5",#93
uk-GB77_FV304_IGR,450,28,450,"13,5",#93
uk-GB78_Sexton_I,280,92,180,12,#93
uk-GB79_FV206,700,38,700,30,#93
uk-GB80_Charioteer,480,268,390,"10,1",#93
uk-GB81_FV4004,770,326,400,"14,4",#93
uk-GB83_FV4005,1750,310,1150,30,#93
uk-GB84_Chieftain_Mk6,515,310,400,"8,25",#93
uk-GB85_Cromwell_Berlin,175,202,135,"3,9",#93
uk-GB86_Centurion_Action_X,480,330,390,"8,6",#93
uk-GB87_Chieftain_T95_turret,320,238,240,"8,3",#93
uk-GB88_T95_Chieftain_turret,515,310,400,9,#93
uk-GB91_Super_Conqueror,515,326,400,"8,7",#93
uk-GB92_FV217,620,320,480,"8,5",#93
uk-GB93_Caernarvon_AX,280,258,230,"5,9",#93
uk-GB94_Centurion_Mk5-1_RAAC,280,258,230,"7,5",#93
uk-GB95_Ekins_Firefly_M4A4,190,239,150,"4,5",#93
uk-GB96_Excalibur,190,192,150,"4,5",#93
uk-GB97_Chimera,530,252,440,"15,5",#93
uk-GB98_T95_FV4201_Chieftain,530,322,440,"10,5",#93
uk-GB99_Turtle_Mk1,430,253,330,"6,8",#93
usa-A01_T1_Cunningham,36,53,30,8,#93
usa-A01_T1_Cunningham_bot,6,28,6,"2,5",#93
usa-A02_M2_lt,50,70,40,"7,7",#93
usa-A03_M3_Stuart,50,78,40,"2,3",#93
usa-A03_M3_Stuart_bootcamp,12,41,12,"7,7",#93
usa-A04_M3_Grant,175,127,110,3,#93
usa-A05_M4_Sherman,410,177,115,"4,8",#93
usa-A05_M4_Sherman_IGR,185,177,115,"4,8",#93
usa-A06_M4A3E8_Sherman,410,177,115,"3,3",#93
usa-A06_M4A3E8_Sherman_training,115,120,115,5,#93
usa-A07_T20,410,243,240,"9,4",#93
usa-A08_T23,8,27,8,"1,5",#93
usa-A09_T1_hvy,185,177,115,"3,6",#93
usa-A10_M6,320,243,240,"7,6",#93
usa-A100_T49,910,250,240,23,#93
usa-A101_M56,320,275,240,"7,8",#93
usa-A102_T28_concept,420,224,320,10,#93
usa-A103_T71E1,185,210,150,20,#93
usa-A103_T71E1_IGR,185,210,150,20,#93
usa-A104_M4A3E8A,185,177,115,"3,3",#93
usa-A106_M48A2_120,515,340,400,9,#93
usa-A107_T1_HMC,175,19,175,9,#93
usa-A108_T18_HMC,175,19,175,7,#93
usa-A109_T56_GMC,175,180,75,4,#93
usa-A11_T29,420,245,320,"11,4",#93
usa-A11_T29_IGR,420,245,320,"11,4",#93
usa-A111_T25_Pilot,320,243,240,"7,8",#93
usa-A112_T71E2,185,210,150,"4,3",#93
usa-A112_T71E2R,185,210,150,"4,5",#93
usa-A115_Chrysler_K,420,260,320,"10,1",#93
usa-A115_Chrysler_K_GF,420,260,320,"10,1",#93
usa-A116_XM551,910,280,390,20,#93
usa-A117_T26E5,320,259,240,"7,2",#93
usa-A117_T26E5_Patriot,320,259,240,"7,2",#93
usa-A118_M4_Thunderbolt,185,177,115,"3,6",#93
usa-A12_T32,420,258,240,"10,6",#93
usa-A120_M48A5,480,330,390,"8,35",#93
usa-A120_M48A5_IGR,480,330,390,"8,35",#93
usa-A121_M26_Cologne,320,207,240,"8,6",#93
usa-A122_TS-5,515,300,400,"8,5",#93
usa-A123_T78,320,221,240,"8,3",#93
usa-A124_T54E2,440,255,360,"10,2",#93
usa-A125_AEP_1,515,340,400,11,#93
usa-A126_PzVI_Tiger_II_capt,295,237,240,"8,5",#93
usa-A127_TL_1_LPC,370,280,280,"8,8",#93
usa-A13_T34_hvy,515,297,400,15,#93
usa-A13_T34_hvy_BF,515,297,400,15,#93
usa-A13_T34_hvy_FL,515,297,400,15,#93
usa-A13_T34_hvy_IGR,515,297,400,15,#93
usa-A130_Super_Hellcat,320,210,240,8,#93
usa-A14_T30,950,320,750,21,#93
usa-A15_T57,8,27,8,"9,4",#93
usa-A16_M7_Priest,410,27,410,20,#93
usa-A17_M37,410,27,410,15,#93
usa-A18_M41,550,38,550,25,#93
usa-A19_T2_lt,12,41,12,"7,66",#93
usa-A21_T14,175,127,110,"3,81",#93
usa-A22_M5_Stuart,50,78,40,"7,2",#93
usa-A22_M5_Stuart_bootcamp,50,78,40,"2,3",#93
usa-A23_M7_med,175,170,75,3,#93
usa-A24_T2_med,50,70,40,"7,3",#93
usa-A24_T2_med_bot,15,33,15,"5,7",#93
usa-A25_M2_med,175,92,110,"2,3",#93
usa-A25_M2_med_bootcamp,50,70,40,"2,5",#93
usa-A26_T18,8,27,8,"2,1",#93
usa-A27_T82,410,27,410,13,#93
usa-A29_T40,410,180,75,"3,7",#93
usa-A30_M10_Wolverine,410,177,115,"3,2",#93
usa-A31_M36_Slagger,320,243,240,8,#93
usa-A32_M12,700,39,700,"27,7",#93
usa-A33_MTLS-1G14,50,92,40,"4,6",#93
usa-A34_M24_Chaffee,175,143,110,"4,4",#93
usa-A35_Pershing,410,268,240,"8,2",#93
usa-A35_Pershing_IGR,320,268,240,"8,2",#93
usa-A36_Sherman_Jumbo,410,177,115,"3,3",#93
usa-A36_Sherman_Jumbo_bootcamp,175,127,110,"3,8",#93
usa-A36_Sherman_Jumbo_IGR,185,177,115,"3,3",#93
usa-A37_M40M43,1050,52,1050,46,#93
usa-A38_T92,1300,60,1300,49,#93
usa-A39_T28,515,297,400,"9,1",#93
usa-A40_T95,950,320,750,"18,3",#93
usa-A41_M18_Hellcat,320,243,240,"8,5",#93
usa-A43_M22_Locust,50,78,40,"2,29",#93
usa-A44_M4A2E4,175,127,110,"3,81",#93
usa-A45_M6A2E1,420,245,320,"11,89",#93
usa-A46_T3,175,121,45,"2,5",#93
usa-A57_M8A1,175,180,75,"4,2",#93
usa-A58_T67,185,180,75,"3,2",#93
usa-A58_T67_IGR,185,177,115,"3,2",#93
usa-A62_Ram-II,75,170,75,"2,29",#93
usa-A63_M46_Patton,480,268,240,9,#93
usa-A63_M46_Patton_KR,320,243,240,"8,1",#93
usa-A64_T25_AT,420,258,240,"9,1",#93
usa-A66_M103,515,340,400,"11,2",#93
usa-A67_T57_58,515,340,400,25,#93
usa-A68_T28_Prototype,515,297,400,"10,1",#93
usa-A69_T110E5,515,340,400,10,#93
usa-A71_T21,185,177,115,"4,2",#93
usa-A72_T25_2,320,258,240,"7,7",#93
usa-A74_T1_E6,36,53,30,5,#93
usa-A78_M4_Improved,175,127,110,4,#93
usa-A80_T26_E4_SuperPershing,320,258,240,8,#93
usa-A80_T26_E4_SuperPershing_FL,320,258,240,8,#93
usa-A81_T95_E2,320,250,240,"7,5",#93
usa-A83_T110E4,1100,375,750,"19,5",#93
usa-A85_T110E3,1100,375,750,17,#93
usa-A86_T23E3,185,190,115,"3,3",#93
usa-A87_M44,550,39,550,"19,9",#93
usa-A88_M53_55,1050,52,1050,42,#93
usa-A89_T54E1,390,255,390,36,#93
usa-A90_T69,320,250,240,27,#93
usa-A90_T69_IGR,320,250,240,27,#93
usa-A92_M60,480,350,390,"8,8",#93
usa-A93_T7_Combat_Car,8,27,8,24,#93
usa-A94_T37,185,160,115,"3,7",#93
usa-A95_T95_E6,515,340,400,8,#93
usa-A97_M41_Bulldog,260,210,170,5,#93
usa-A99_T92_LT,185,210,150,"4,5",#93
ussr-Observer,30,34,30,"2,5",#93
ussr-R01_IS,530,235,250,"12,3",#93
ussr-R02_SU-85,450,194,180,6,#93
ussr-R03_BT-7,62,92,40,"2,1",#93
ussr-R03_BT-7_bootcamp,62,88,47,"2,3",#93
ussr-R04_T-34,165,189,85,"2,3",#93
ussr-R05_KV,156,102,110,"4,3",#93
ussr-R06_T-28,164,189,85,"2,7",#93
ussr-R06_T-28_bootcamp,164,75,110,"4,6",#93
ussr-R07_T-34-85,450,194,180,6,#93
ussr-R07_T-34-85_bootcamp,165,156,110,"4,1",#93
ussr-R07_T-34-85_training,160,126,160,5,#93
ussr-R08_BT-2,62,88,47,"2,3",#93
ussr-R08_BT-2_bootcamp,40,64,36,"2,5",#93
ussr-R09_T-26,62,92,40,"2,3",#93
ussr-R09_T-26_bot,18,40,18,"2,3",#93
ussr-R10_AT-1,164,112,75,"3,1",#93
ussr-R100_SU122A,600,38,600,"31,6",#93
ussr-R101_MT25,165,160,85,"4,5",#93
ussr-R104_Object_430_II,420,330,320,"7,5",#93
ussr-R105_BT_7A,164,38,164,"4,8",#93
ussr-R106_KV85,530,217,390,20,#93
ussr-R106_KV85_IGR,330,210,250,"7,6",#93
ussr-R107_LTB,300,216,180,"5,4",#93
ussr-R108_T34_85M,300,194,180,"5,2",#93
ussr-R109_T54S,330,235,250,"7,2",#93
ussr-R11_MS-1,62,88,47,"2,9",#93
ussr-R11_MS-1_bot,5,34,5,"2,5",#93
ussr-R110_Object_260,530,340,440,11,#93
ussr-R111_ISU130,640,215,490,"10,3",#93
ussr-R112_T54_45,330,247,250,8,#93
ussr-R112_T54_45_FL,330,247,250,8,#93
ussr-R113_Object_730,530,270,390,"12,6",#93
ussr-R114_Object_244,300,194,180,"5,7",#93
ussr-R115_IS-3_auto,530,270,390,11,#93
ussr-R115_IS-3_auto_test,530,270,390,11,#93
ussr-R116_ISU122C_Berlin,530,217,390,"7,4",#93
ussr-R117_T34_85_Rudy,300,194,180,6,#93
ussr-R118_T28_F30,280,161,160,"6,1",#93
ussr-R119_Object_777,530,340,440,"13,9",#93
ussr-R119_Object_777C,530,340,440,"12,3",#93
ussr-R12_A-20,156,110,55,"4,2",#93
ussr-R120_T22SR_A22,420,330,320,"8,1",#93
ussr-R121_KV4_KTT,420,289,320,"8,4",#93
ussr-R122_T44_100,330,247,250,"7,5",#93
ussr-R122_T44_100B,330,247,250,"7,5",#93
ussr-R123_Kirovets_1,530,270,390,13,#93
ussr-R125_T_45,62,84,47,"3,6",#93
ussr-R126_Object_730_5,1100,395,750,"19,6",#93
ussr-R127_T44_100_K,330,247,250,"7,5",#93
ussr-R127_T44_100_P,330,247,250,"7,5",#93
ussr-R127_T44_100_U,330,247,250,"7,5",#93
ussr-R128_KV4_Kreslavskiy,420,289,320,"11,3",#93
ussr-R129_Object_257,530,340,440,"11,9",#93
ussr-R13_KV-1s,450,159,160,5,#93
ussr-R131_Tank_Gavalov,300,194,180,6,#93
ussr-R132_VNII_100LT,360,248,300,"7,8",#93
ussr-R133_KV_122,530,217,390,"13,3",#93
ussr-R134_Object_252K,530,265,440,15,#93
ussr-R134_Object_252U,530,265,440,15,#93
ussr-R135_T_103,580,307,440,"11,2",#93
ussr-R139_IS_M,530,240,390,"11,7",#93
ussr-R14_SU-5,420,35,400,17,#93
ussr-R140_M4_Loza,185,177,115,"3,3",#93
ussr-R143_T_29,164,75,110,"5,2",#93
ussr-R144_K_91,420,330,320,"6,3",#93
ussr-R145_Object_705_A,840,317,650,"18,1",#93
ussr-R146_STG,530,248,390,14,#93
ussr-R146_STG_Tday,530,248,390,14,#93
ussr-R148_Object_430_U,530,340,440,"10,2",#93
ussr-R149_Object_268_4,840,360,650,17,#93
ussr-R15_S-51,1050,52,1050,"52,3",#93
ussr-R151_Object_257_2,530,315,440,13,#93
ussr-R152_KV2_W,910,136,700,24,#93
ussr-R153_Object_705,640,315,440,"14,7",#93
ussr-R154_T_34E_1943,156,150,110,4,#93
ussr-R155_Object_277,640,340,490,"12,5",#93
ussr-R156_IS_2M,530,217,390,"12,3",#93
ussr-R157_Object_279R,530,340,440,"10,5",#93
ussr-R158_LT_432,300,218,180,"5,2",#93
ussr-R159_SU_130PM,660,320,520,"13,6",#93
ussr-R16_SU-18,180,21,180,8,#93
ussr-R160_T_50_2,95,165,85,3,#93
ussr-R161_T_116,62,84,47,"2,3",#93
ussr-R165_Object_703_II,530,270,390,"12,5",#93
ussr-R165_Object_703_II_2,360,256,300,"8,5",#93
ussr-R17_SU-100,530,235,250,"12,8",#93
ussr-R18_SU-152,910,250,700,"7,4",#93
ussr-R18_SU-152_IGR,530,217,390,"7,4",#93
ussr-R19_IS-3,530,265,390,"13,3",#93
ussr-R19_IS-3_IGR,530,265,390,"13,3",#93
ussr-R20_T-44,530,247,250,"15,2",#93
ussr-R20_T-44_FL,330,247,250,"7,5",#93
ussr-R20_T-44_IGR,330,235,250,"8,1",#93
ussr-R22_T-46,164,110,55,"4,6",#93
ussr-R22_T-46_bootcamp,62,88,47,"2,3",#93
ussr-R23_T-43,450,194,180,"5,4",#93
ussr-R24_SU-76,156,189,85,"3,2",#93
ussr-R25_GAZ-74b,280,189,85,"4,5",#93
ussr-R26_SU-8,600,38,600,"20,5",#93
ussr-R27_SU-14,1050,52,1050,44,#93
ussr-R31_Valentine_LL,62,84,47,"2,28571428571429",#93
ussr-R31_Valentine_LL_IGR,62,84,47,"2,28571428571429",#93
ussr-R32_Matilda_II_LL,156,102,110,"3,71428571428571",#93
ussr-R33_Churchill_LL,75,180,75,"2,28571428571429",#93
ussr-R34_BT-SV,62,84,47,"2,28571428571429",#93
ussr-R38_KV-220,156,121,110,"4,28571428571429",#93
ussr-R38_KV-220_beta,156,121,110,"4,28571428571429",#93
ussr-R39_KV-3,530,235,250,"12,3",#93
ussr-R40_T-54,420,330,320,"7,4",#93
ussr-R41_T-50,85,130,70,"2,3",#93
ussr-R42_T-60,50,92,40,"2,7",#93
ussr-R43_T-70,65,110,55,"2,5",#93
ussr-R43_T-70_bootcamp,62,88,47,"2,4",#93
ussr-R44_T80,65,110,55,"4,2",#93
ussr-R45_IS-7,640,303,490,"13,7",#93
ussr-R45_IS-7_fallout,640,303,490,"13,7",#93
ussr-R45_IS-7_IGR,640,303,490,"13,7",#93
ussr-R46_KV-13,450,194,180,"5,7",#93
ussr-R47_ISU-152,950,292,750,"17,6",#93
ussr-R47_ISU-152_IGR,950,329,750,"17,6",#93
ussr-R49_SU100Y,580,196,440,16,#93
ussr-R50_SU76I,156,102,110,"4,3",#93
ussr-R50_SU76I_bootcamp,156,102,110,"4,3",#93
ussr-R51_Object_212,1050,52,1050,39,#93
ussr-R52_Object_261,900,45,900,32,#93
ussr-R53_Object_704,950,329,750,"17,1",#93
ussr-R54_KV-5,360,219,300,"8,57142857142857",#93
ussr-R54_KV-5_IGR,360,219,300,"8,57142857142857",#93
ussr-R56_T-127,62,84,47,"2,28571428571429",#93
ussr-R57_A43,165,189,85,"2,3",#93
ussr-R58_SU-101,530,340,440,"12,6",#93
ussr-R59_A44,360,219,300,"10,5",#93
ussr-R60_Object416,420,330,320,8,#93
ussr-R61_Object252,530,225,390,"11,7",#93
ussr-R61_Object252_BF,530,225,390,"11,7",#93
ussr-R61_Object252_FL,530,225,390,"11,7",#93
ussr-R63_ST_I,530,340,440,"13,3",#93
ussr-R66_SU-26,180,21,180,7,#93
ussr-R67_M3_LL,50,70,40,"2,5",#93
ussr-R68_A-32,164,98,110,"4,57142857142857",#93
ussr-R70_T_50_2,62,88,47,"2,3",#93
ussr-R71_IS_2B,530,217,390,"12,3",#93
ussr-R72_T150,450,219,300,"10,2",#93
ussr-R73_KV4,530,289,320,"10,3",#93
ussr-R74_SU100M1,330,258,250,"7,1",#93
ussr-R75_SU122_54,530,270,390,"9,7",#93
ussr-R77_KV2,910,219,300,"9,7",#93
ussr-R77_KV2_IGR,910,136,700,24,#93
ussr-R78_SU_85I,280,161,160,"4,5",#93
ussr-R80_KV1,450,189,85,5,#93
ussr-R81_IS8,530,340,440,"12,3",#93
ussr-R84_Tetrarch_LL,60,121,45,"2,85714285714286",#93
ussr-R86_LTP,62,84,47,"2,4",#93
ussr-R86_LTP_bootcamp,62,84,47,5,#93
ussr-R87_T62A,420,330,320,"6,6",#93
ussr-R87_T62A_fallout,420,330,320,"6,6",#93
ussr-R88_Object268,1100,395,750,"16,5",#93
ussr-R89_SU122_44,530,217,390,8,#93
ussr-R90_IS_4M,530,340,440,12,#93
ussr-R91_SU14_1,1050,52,1050,"53,2",#93
ussr-R93_Object263,750,340,440,"15,3",#93
ussr-R93_Object263B,530,270,390,"10,7",#93
ussr-R95_Object_907,420,330,320,"6,5",#93
ussr-R95_Object_907A,420,330,320,"6,5",#93
ussr-R96_Object_430,530,270,390,"9,7",#93
ussr-R96_Object_430B,530,270,390,"6,4",#93
ussr-R97_Object_140,420,330,320,"6,6",#93
ussr-R98_T44_85,300,210,200,"6,3",#93
ussr-R98_T44_85M,300,210,180,"4,8",#93
ussr-R99_T44_122,530,217,390,16,#93
