WOT-DATA,2
{{EN}},"Contains ""*"" for every tank which has a rotating turret."
{{RU}},"Содержит ""*"" для танков, имеющих вращающуюся башню."
china-Ch01_Type59,*,#93
china-Ch01_Type59_Gold,*,#93
china-Ch02_Type62,*,#93
china-Ch03_WZ_111_A,*,#93
china-Ch03_WZ-111,*,#93
china-Ch04_T34_1,*,#93
china-Ch04_T34_1_training,*,#93
china-Ch05_T34_2,*,#93
china-Ch06_Renault_NC31,*,#93
china-Ch06_Renault_NC31_bot,*,#93
china-Ch07_Vickers_MkE_Type_BT26,*,#93
china-Ch08_Type97_Chi_Ha,*,#93
china-Ch08_Type97_Chi_Ha_bootcamp,*,#93
china-Ch09_M5,*,#93
china-Ch10_IS2,*,#93
china-Ch11_110,*,#93
china-Ch11_110_IGR,*,#93
china-Ch12_111_1_2_3,*,#93
china-Ch14_T34_3,*,#93
china-Ch15_59_16,*,#93
china-Ch16_WZ_131,*,#93
china-Ch17_WZ131_1_WZ132,*,#93
china-Ch17_WZ131_1_WZ132_IGR,*,#93
china-Ch18_WZ-120,*,#93
china-Ch19_121,*,#93
china-Ch19_121_IGR,*,#93
china-Ch20_Type58,*,#93
china-Ch21_T34,*,#93
china-Ch22_113,*,#93
china-Ch22_113_Beijing_Opera,*,#93
china-Ch22_113P,*,#93
china-Ch23_112,*,#93
china-Ch23_112_FL,*,#93
china-Ch24_Type64,*,#93
china-Ch25_121_mod_1971B,*,#93
china-Ch26_59_Patton,*,#93
china-Ch28_WZ_132A,*,#93
china-Ch29_Type_62C_prot,*,#93
china-Ch41_WZ_111_5A,*,#93
china-Ch41_WZ_111_QL,*,#93
china-Ch42_WalkerBulldog_M41D,*,#93
czech-Cz01_Skoda_T40,*,#93
czech-Cz02_TVP_T50,*,#93
czech-Cz03_LT_vz35,*,#93
czech-Cz04_T50_51,*,#93
czech-Cz05_T34_100,*,#93
czech-Cz06_Kolohousenka,*,#93
czech-Cz07_TVP_46,*,#93
czech-Cz08_T_25,*,#93
czech-Cz09_T_24,*,#93
czech-Cz10_LT_vz38,*,#93
czech-Cz11_V_8_H,*,#93
czech-Cz13_T_27,*,#93
france-F01_RenaultFT,*,#93
france-F01_RenaultFT_bot,*,#93
france-F02_D1,*,#93
france-F03_D2,*,#93
france-F04_B1,*,#93
france-F04_B1_bootcamp,*,#93
france-F05_BDR_G1B,*,#93
france-F06_ARL_44,*,#93
france-F07_AMX_M4_1945,*,#93
france-F08_AMX_50_100,*,#93
france-F08_AMX_50_100_IGR,*,#93
france-F09_AMX_50_120,*,#93
france-F10_AMX_50B,*,#93
france-F10_AMX_50B_fallout,*,#93
france-F100_Panhard_EBR_90,*,#93
france-F106_Panhard_EBR_75_Mle1954,*,#93
france-F107_Hotchkiss_EBR,*,#93
france-F108_Panhard_EBR_105,*,#93
france-F109_AMD_Panhard_178B,*,#93
france-F11_Renault_G1R,*,#93
france-F110_Lynx_6x6,*,#93
france-F111_AM39_Gendron_Somua,*,#93
france-F112_M10_RBFM,*,#93
france-F113_Bretagne_Panther,*,#93
france-F12_Hotchkiss_H35,*,#93
france-F13_AMX38,*,#93
france-F14_AMX40,*,#93
france-F15_AMX_12t,*,#93
france-F16_AMX_13_75,*,#93
france-F17_AMX_13_90,*,#93
france-F17_AMX_13_90_IGR,*,#93
france-F18_Bat_Chatillon25t,*,#93
france-F18_Bat_Chatillon25t_IGR,*,#93
france-F19_Lorraine40t,*,#93
france-F38_Bat_Chatillon155_58,*,#93
france-F44_Somua_S35,*,#93
france-F49_RenaultR35,*,#93
france-F50_FCM36_20t,*,#93
france-F62_ELC_AMX,*,#93
france-F65_FCM_50t,*,#93
france-F67_Bat_Chatillon155_55,*,#93
france-F68_AMX_Chasseur_de_char_46,*,#93
france-F69_AMX13_57_100,*,#93
france-F69_AMX13_57_100_GrandFinal,*,#93
france-F70_SARL42,*,#93
france-F71_AMX_30_prototype,*,#93
france-F72_AMX_30,*,#93
france-F73_M4A1_Revalorise,*,#93
france-F73_M4A1_Revalorise_FL,*,#93
france-F74_AMX_M4_1949,*,#93
france-F74_AMX_M4_1949_FL,*,#93
france-F74_AMX_M4_1949_Liberte,*,#93
france-F75_Char_de_25t,*,#93
france-F81_Char_de_65t,*,#93
france-F82_AMX_M4_Mle1949_Ter,*,#93
france-F83_AMX_M4_Mle1949_Bis,*,#93
france-F84_Somua_SM,*,#93
france-F85_M4A1_FL10,*,#93
france-F87_Batignolles-Chatillon_12t,*,#93
france-F88_AMX_13_105,*,#93
france-F97_ELC_EVEN_90,*,#93
germany-G03_PzV_Panther,*,#93
germany-G03_PzV_Panther_bootcamp,*,#93
germany-G03_PzV_Panther_IGR,*,#93
germany-G03_PzV_Panther_training,*,#93
germany-G04_PzVI_Tiger_I,*,#93
germany-G04_PzVI_Tiger_I_IGR,*,#93
germany-G04_PzVI_Tiger_IA,*,#93
germany-G06_PzII,*,#93
germany-G06_PzII_bot,*,#93
germany-G07_Pz35t,*,#93
germany-G08_Pz38t,*,#93
germany-G08_Pz38t_bootcamp,*,#93
germany-G10_PzIII_AusfJ,*,#93
germany-G10_PzIII_AusfJ_training,*,#93
germany-G100_Gtraktor_Krupp,*,#93
germany-G102_Pz_III,*,#93
germany-G102_Pz_III_bootcamp,*,#93
germany-G103_RU_251,*,#93
germany-G105_T-55_NVA_DDR,*,#93
germany-G106_PzKpfwPanther_AusfF,*,#93
germany-G107_PzKpfwIII_AusfK,*,#93
germany-G108_PzKpfwII_AusfD,*,#93
germany-G109_Steyr_WT,*,#93
germany-G110_Typ_205,*,#93
germany-G113_SP_I_C,*,#93
germany-G114_Rheinmetall_Skorpian,*,#93
germany-G114_Skorpian,*,#93
germany-G115_Typ_205_4_Jun,*,#93
germany-G115_Typ_205B,*,#93
germany-G116_Turan_III_prot,*,#93
germany-G117_Toldi_III,*,#93
germany-G117_Toldi_III_bootcamp,*,#93
germany-G118_VK4503,*,#93
germany-G119_Panzer58,*,#93
germany-G119_Panzer58_BF,*,#93
germany-G119_Panzer58_FL,*,#93
germany-G119_Pz58_Mutz,*,#93
germany-G12_Ltraktor,*,#93
germany-G12_Ltraktor_bot,*,#93
germany-G120_M41_90,*,#93
germany-G120_M41_90_GrandFinal,*,#93
germany-G122_VK6501H,*,#93
germany-G125_Spz_57_Rh,*,#93
germany-G126_HWK_12,*,#93
germany-G13_VK3001H,*,#93
germany-G134_PzKpfw_VII,*,#93
germany-G136_Tiger_131,*,#93
germany-G137_PzVI_Tiger_217,*,#93
germany-G138_VK168_02,*,#93
germany-G138_VK168_02_Mauerbrecher,*,#93
germany-G139_MKA,*,#93
germany-G140_HWK_30,*,#93
germany-G141_VK7501K,*,#93
germany-G142_M48RPz,*,#93
germany-G143_E75_TS,*,#93
germany-G144_Kpz_50t,*,#93
germany-G15_VK3601H,*,#93
germany-G16_PzVIB_Tiger_II,*,#93
germany-G16_PzVIB_Tiger_II_F,*,#93
germany-G16_PzVIB_Tiger_II_IGR,*,#93
germany-G16_PzVIB_Tiger_II_training,*,#93
germany-G24_VK3002DB,*,#93
germany-G25_PzII_Luchs,*,#93
germany-G26_VK1602,*,#93
germany-G27_VK3001P,*,#93
germany-G28_PzIII_IV,*,#93
germany-G32_PzV_PzIV,*,#93
germany-G32_PzV_PzIV_ausf_Alfa,*,#93
germany-G32_PzV_PzIV_ausf_Alfa_CN,*,#93
germany-G32_PzV_PzIV_CN,*,#93
germany-G33_H39_captured,*,#93
germany-G34_S35_captured,*,#93
germany-G35_B-1bis_captured,*,#93
germany-G36_PzII_J,*,#93
germany-G42_Maus,*,#93
germany-G42_Maus_IGR,*,#93
germany-G46_T-25,*,#93
germany-G50_T-15,*,#93
germany-G51_Lowe,*,#93
germany-G51_Lowe_FL,*,#93
germany-G52_Pz38_NA,*,#93
germany-G53_PzI,*,#93
germany-G54_E-50,*,#93
germany-G55_E-75,*,#93
germany-G56_E-100,*,#93
germany-G57_PzVI_Tiger_P,*,#93
germany-G58_VK4502P,*,#93
germany-G58_VK4502P7,*,#93
germany-G63_PzI_ausf_C,*,#93
germany-G64_Panther_II,*,#93
germany-G64_Panther_II_IGR,*,#93
germany-G66_VK2801,*,#93
germany-G67_VK4502A,*,#93
germany-G70_PzIV_Hydro,*,#93
germany-G73_E50_Ausf_M,*,#93
germany-G77_PzIV_Schmalturm,*,#93
germany-G78_Panther_M10,*,#93
germany-G79_Pz_IV_AusfGH,*,#93
germany-G80_Pz_IV_AusfD,*,#93
germany-G80_Pz_IV_AusfD_bootcamp,*,#93
germany-G81_Pz_IV_AusfH,*,#93
germany-G82_Pz_II_AusfG,*,#93
germany-G83_Pz_IV_AusfA,*,#93
germany-G85_Auf_Panther,*,#93
germany-G85_Aufklarungspanzer_V,*,#93
germany-G86_VK2001DB,*,#93
germany-G87_VK3002DB_V1,*,#93
germany-G88_Indien_Panzer,*,#93
germany-G89_Leopard1,*,#93
germany-G90_DW_II,*,#93
germany-G91_Pro_Ag_A,*,#93
germany-G92_VK7201,*,#93
germany-G96_VK3002M,*,#93
germany-G97_Waffentrager_IV,*,#93
germany-G98_Waffentrager_E100,*,#93
germany-G98_Waffentrager_E100_P,*,#93
germany-G99_RhB_Waffentrager,*,#93
italy-It03_M15_42,*,#93
italy-It04_Fiat_3000,*,#93
italy-It05_Carro_L6_40,*,#93
italy-It06_M14_41,*,#93
italy-It07_P26_40,*,#93
italy-It08_Progetto_M40_mod_65,*,#93
italy-It09_P43_ter,*,#93
italy-It10_P43_bis,*,#93
italy-It11_P43,*,#93
italy-It12_Prototipo_Standard_B,*,#93
italy-It13_Progetto_M35_mod_46,*,#93
italy-It14_P44_Pantera,*,#93
japan-J01_NC27,*,#93
japan-J01_NC27_bot,*,#93
japan-J02_Te_Ke,*,#93
japan-J03_Ha_Go,*,#93
japan-J04_Ke_Ni,*,#93
japan-J04_Ke_Ni_bootcamp,*,#93
japan-J05_Ke_Ni_B,*,#93
japan-J06_Ke_Ho,*,#93
japan-J07_Chi_Ha,*,#93
japan-J08_Chi_Nu,*,#93
japan-J09_Chi_He,*,#93
japan-J10_Chi_To,*,#93
japan-J11_Chi_Ri,*,#93
japan-J11_Chi_Ri_IGR,*,#93
japan-J12_Chi_Nu_Kai,*,#93
japan-J13_STA_1,*,#93
japan-J13_STA_1_IGR,*,#93
japan-J14_Type_61,*,#93
japan-J15_Chi_Ni,*,#93
japan-J16_ST_B1,*,#93
japan-J16_ST_B1_IGR,*,#93
japan-J18_STA_2_3,*,#93
japan-J19_Tiger_I_Jpn,*,#93
japan-J20_Type_2605,*,#93
japan-J21_Type_91,*,#93
japan-J22_Type_95,*,#93
japan-J22_Type_95_bootcamp,*,#93
japan-J23_Mi_To,*,#93
japan-J24_Mi_To_130_tons,*,#93
japan-J25_Type_4,*,#93
japan-J26_Type_89,*,#93
japan-J27_O_I_120,*,#93
japan-J28_O_I_100,*,#93
japan-J29_Nameless,*,#93
japan-J30_Edelweiss,*,#93
poland-Pl03_PzV_Poland,*,#93
poland-Pl05_50TP_Tyszkiewicza,*,#93
poland-Pl06_10TP,*,#93
poland-Pl07_14TP,*,#93
poland-Pl08_50TP_prototyp,*,#93
poland-Pl09_7TP,*,#93
poland-Pl10_40TP_Habicha,*,#93
poland-Pl11_45TP_Habicha,*,#93
poland-Pl12_25TP_KSUST_II,*,#93
poland-Pl13_53TP_Markowskiego,*,#93
poland-Pl14_4TP,*,#93
poland-Pl15_60TP_Lewandowskiego,*,#93
poland-Pl16_T34_85_Rudy,*,#93
sweden-S01_Strv_74_A2,*,#93
sweden-S02_Strv_M42,*,#93
sweden-S03_Strv_M38,*,#93
sweden-S04_Lago_I,*,#93
sweden-S05_Strv_M21_29,*,#93
sweden-S07_Strv_74,*,#93
sweden-S12_Strv_M40,*,#93
sweden-S13_Leo,*,#93
sweden-S15_L_60,*,#93
sweden-S16_Kranvagn,*,#93
sweden-S17_EMIL_1952_E2,*,#93
sweden-S18_EMIL_1951_E1,*,#93
sweden-S23_Strv_81,*,#93
sweden-S23_Strv_81_sabaton,*,#93
sweden-S25_EMIL_51,*,#93
sweden-S26_Lansen_C,*,#93
sweden-S27_UDES_16,*,#93
sweden-S28_UDES_15_16,*,#93
sweden-S29_UDES_14_5,*,#93
uk-GB01_Medium_Mark_I,*,#93
uk-GB01_Medium_Mark_I_bot,*,#93
uk-GB03_Cruiser_Mk_I,*,#93
uk-GB04_Valentine,*,#93
uk-GB05_Vickers_Medium_Mk_II,*,#93
uk-GB05_Vickers_Medium_Mk_II_bot,*,#93
uk-GB06_Vickers_Medium_Mk_III,*,#93
uk-GB07_Matilda,*,#93
uk-GB08_Churchill_I,*,#93
uk-GB08_Churchill_I_IGR,*,#93
uk-GB09_Churchill_VII,*,#93
uk-GB10_Black_Prince,*,#93
uk-GB100_Manticore,*,#93
uk-GB101_FV1066_Senlac,*,#93
uk-GB102_LHMTV,*,#93
uk-GB103_GSOR3301_AVR_FS,*,#93
uk-GB104_GSR_3301_Setter,*,#93
uk-GB105_Black_Prince_2019,*,#93
uk-GB11_Caernarvon,*,#93
uk-GB11_Caernarvon_IGR,*,#93
uk-GB12_Conqueror,*,#93
uk-GB13_FV215b,*,#93
uk-GB13_FV215b_IGR,*,#93
uk-GB14_M2,*,#93
uk-GB15_Stuart_I,*,#93
uk-GB19_Sherman_Firefly,*,#93
uk-GB20_Crusader,*,#93
uk-GB21_Cromwell,*,#93
uk-GB21_Cromwell_IGR,*,#93
uk-GB22_Comet,*,#93
uk-GB23_Centurion,*,#93
uk-GB23_Centurion_IGR,*,#93
uk-GB24_Centurion_Mk3,*,#93
uk-GB26_Birch_Gun,*,#93
uk-GB33_Sentinel_AC_I,*,#93
uk-GB35_Sentinel_AC_IV,*,#93
uk-GB41_Challenger,*,#93
uk-GB45_Achilles_IIC,*,#93
uk-GB50_Sherman_III,*,#93
uk-GB51_Excelsior,*,#93
uk-GB52_A45,*,#93
uk-GB58_Cruiser_Mk_III,*,#93
uk-GB59_Cruiser_Mk_IV,*,#93
uk-GB60_Covenanter,*,#93
uk-GB63_TOG_II,*,#93
uk-GB68_Matilda_Black_Prince,*,#93
uk-GB69_Cruiser_Mk_II,*,#93
uk-GB70_FV4202_105,*,#93
uk-GB70_N_FV4202_105,*,#93
uk-GB70_N_FV4202_105_FL,*,#93
uk-GB76_Mk_VIC,*,#93
uk-GB80_Charioteer,*,#93
uk-GB81_FV4004,*,#93
uk-GB84_Chieftain_Mk6,*,#93
uk-GB85_Cromwell_Berlin,*,#93
uk-GB86_Centurion_Action_X,*,#93
uk-GB87_Chieftain_T95_turret,*,#93
uk-GB88_T95_Chieftain_turret,*,#93
uk-GB91_Super_Conqueror,*,#93
uk-GB93_Caernarvon_AX,*,#93
uk-GB94_Centurion_Mk5-1_RAAC,*,#93
uk-GB95_Ekins_Firefly_M4A4,*,#93
uk-GB97_Chimera,*,#93
uk-GB98_T95_FV4201_Chieftain,*,#93
usa-A01_T1_Cunningham,*,#93
usa-A01_T1_Cunningham_bot,*,#93
usa-A02_M2_lt,*,#93
usa-A03_M3_Stuart,*,#93
usa-A03_M3_Stuart_bootcamp,*,#93
usa-A05_M4_Sherman,*,#93
usa-A05_M4_Sherman_IGR,*,#93
usa-A06_M4A3E8_Sherman,*,#93
usa-A06_M4A3E8_Sherman_training,*,#93
usa-A07_T20,*,#93
usa-A08_T23,*,#93
usa-A09_T1_hvy,*,#93
usa-A10_M6,*,#93
usa-A100_T49,*,#93
usa-A103_T71E1,*,#93
usa-A103_T71E1_IGR,*,#93
usa-A104_M4A3E8A,*,#93
usa-A106_M48A2_120,*,#93
usa-A11_T29,*,#93
usa-A11_T29_IGR,*,#93
usa-A111_T25_Pilot,*,#93
usa-A112_T71E2,*,#93
usa-A112_T71E2R,*,#93
usa-A115_Chrysler_K,*,#93
usa-A115_Chrysler_K_GF,*,#93
usa-A116_XM551,*,#93
usa-A117_T26E5,*,#93
usa-A117_T26E5_Patriot,*,#93
usa-A118_M4_Thunderbolt,*,#93
usa-A12_T32,*,#93
usa-A120_M48A5,*,#93
usa-A120_M48A5_IGR,*,#93
usa-A121_M26_Cologne,*,#93
usa-A123_T78,*,#93
usa-A124_T54E2,*,#93
usa-A125_AEP_1,*,#93
usa-A126_PzVI_Tiger_II_capt,*,#93
usa-A127_TL_1_LPC,*,#93
usa-A13_T34_hvy,*,#93
usa-A13_T34_hvy_BF,*,#93
usa-A13_T34_hvy_FL,*,#93
usa-A13_T34_hvy_IGR,*,#93
usa-A130_Super_Hellcat,*,#93
usa-A14_T30,*,#93
usa-A19_T2_lt,*,#93
usa-A21_T14,*,#93
usa-A22_M5_Stuart,*,#93
usa-A22_M5_Stuart_bootcamp,*,#93
usa-A23_M7_med,*,#93
usa-A24_T2_med,*,#93
usa-A24_T2_med_bot,*,#93
usa-A25_M2_med,*,#93
usa-A25_M2_med_bootcamp,*,#93
usa-A30_M10_Wolverine,*,#93
usa-A31_M36_Slagger,*,#93
usa-A33_MTLS-1G14,*,#93
usa-A34_M24_Chaffee,*,#93
usa-A35_Pershing,*,#93
usa-A35_Pershing_IGR,*,#93
usa-A36_Sherman_Jumbo,*,#93
usa-A36_Sherman_Jumbo_bootcamp,*,#93
usa-A36_Sherman_Jumbo_IGR,*,#93
usa-A41_M18_Hellcat,*,#93
usa-A43_M22_Locust,*,#93
usa-A44_M4A2E4,*,#93
usa-A45_M6A2E1,*,#93
usa-A57_M8A1,*,#93
usa-A58_T67,*,#93
usa-A58_T67_IGR,*,#93
usa-A62_Ram-II,*,#93
usa-A63_M46_Patton,*,#93
usa-A63_M46_Patton_KR,*,#93
usa-A66_M103,*,#93
usa-A67_T57_58,*,#93
usa-A69_T110E5,*,#93
usa-A71_T21,*,#93
usa-A72_T25_2,*,#93
usa-A74_T1_E6,*,#93
usa-A78_M4_Improved,*,#93
usa-A80_T26_E4_SuperPershing,*,#93
usa-A80_T26_E4_SuperPershing_FL,*,#93
usa-A81_T95_E2,*,#93
usa-A86_T23E3,*,#93
usa-A89_T54E1,*,#93
usa-A90_T69,*,#93
usa-A90_T69_IGR,*,#93
usa-A92_M60,*,#93
usa-A93_T7_Combat_Car,*,#93
usa-A94_T37,*,#93
usa-A95_T95_E6,*,#93
usa-A97_M41_Bulldog,*,#93
usa-A99_T92_LT,*,#93
ussr-Observer,*,#93
ussr-R01_IS,*,#93
ussr-R03_BT-7,*,#93
ussr-R03_BT-7_bootcamp,*,#93
ussr-R04_T-34,*,#93
ussr-R05_KV,*,#93
ussr-R06_T-28,*,#93
ussr-R06_T-28_bootcamp,*,#93
ussr-R07_T-34-85,*,#93
ussr-R07_T-34-85_bootcamp,*,#93
ussr-R07_T-34-85_training,*,#93
ussr-R08_BT-2,*,#93
ussr-R08_BT-2_bootcamp,*,#93
ussr-R09_T-26,*,#93
ussr-R09_T-26_bot,*,#93
ussr-R101_MT25,*,#93
ussr-R105_BT_7A,*,#93
ussr-R106_KV85,*,#93
ussr-R106_KV85_IGR,*,#93
ussr-R107_LTB,*,#93
ussr-R108_T34_85M,*,#93
ussr-R109_T54S,*,#93
ussr-R11_MS-1,*,#93
ussr-R11_MS-1_bot,*,#93
ussr-R110_Object_260,*,#93
ussr-R112_T54_45,*,#93
ussr-R112_T54_45_FL,*,#93
ussr-R113_Object_730,*,#93
ussr-R114_Object_244,*,#93
ussr-R115_IS-3_auto,*,#93
ussr-R115_IS-3_auto_test,*,#93
ussr-R117_T34_85_Rudy,*,#93
ussr-R118_T28_F30,*,#93
ussr-R119_Object_777,*,#93
ussr-R119_Object_777C,*,#93
ussr-R12_A-20,*,#93
ussr-R120_T22SR_A22,*,#93
ussr-R122_T44_100,*,#93
ussr-R122_T44_100B,*,#93
ussr-R123_Kirovets_1,*,#93
ussr-R125_T_45,*,#93
ussr-R126_Object_730_5,*,#93
ussr-R127_T44_100_K,*,#93
ussr-R127_T44_100_P,*,#93
ussr-R127_T44_100_U,*,#93
ussr-R128_KV4_Kreslavskiy,*,#93
ussr-R129_Object_257,*,#93
ussr-R13_KV-1s,*,#93
ussr-R131_Tank_Gavalov,*,#93
ussr-R132_VNII_100LT,*,#93
ussr-R133_KV_122,*,#93
ussr-R134_Object_252K,*,#93
ussr-R134_Object_252U,*,#93
ussr-R135_T_103,*,#93
ussr-R139_IS_M,*,#93
ussr-R140_M4_Loza,*,#93
ussr-R143_T_29,*,#93
ussr-R145_Object_705_A,*,#93
ussr-R146_STG,*,#93
ussr-R146_STG_Tday,*,#93
ussr-R148_Object_430_U,*,#93
ussr-R151_Object_257_2,*,#93
ussr-R152_KV2_W,*,#93
ussr-R153_Object_705,*,#93
ussr-R154_T_34E_1943,*,#93
ussr-R155_Object_277,*,#93
ussr-R156_IS_2M,*,#93
ussr-R157_Object_279R,*,#93
ussr-R158_LT_432,*,#93
ussr-R160_T_50_2,*,#93
ussr-R161_T_116,*,#93
ussr-R165_Object_703_II,*,#93
ussr-R165_Object_703_II_2,*,#93
ussr-R19_IS-3,*,#93
ussr-R19_IS-3_IGR,*,#93
ussr-R20_T-44,*,#93
ussr-R20_T-44_FL,*,#93
ussr-R20_T-44_IGR,*,#93
ussr-R22_T-46,*,#93
ussr-R22_T-46_bootcamp,*,#93
ussr-R23_T-43,*,#93
ussr-R31_Valentine_LL,*,#93
ussr-R31_Valentine_LL_IGR,*,#93
ussr-R32_Matilda_II_LL,*,#93
ussr-R33_Churchill_LL,*,#93
ussr-R34_BT-SV,*,#93
ussr-R38_KV-220,*,#93
ussr-R38_KV-220_beta,*,#93
ussr-R39_KV-3,*,#93
ussr-R40_T-54,*,#93
ussr-R41_T-50,*,#93
ussr-R42_T-60,*,#93
ussr-R43_T-70,*,#93
ussr-R43_T-70_bootcamp,*,#93
ussr-R44_T80,*,#93
ussr-R45_IS-7,*,#93
ussr-R45_IS-7_fallout,*,#93
ussr-R45_IS-7_IGR,*,#93
ussr-R46_KV-13,*,#93
ussr-R54_KV-5,*,#93
ussr-R54_KV-5_IGR,*,#93
ussr-R56_T-127,*,#93
ussr-R57_A43,*,#93
ussr-R59_A44,*,#93
ussr-R61_Object252,*,#93
ussr-R61_Object252_BF,*,#93
ussr-R61_Object252_FL,*,#93
ussr-R63_ST_I,*,#93
ussr-R66_SU-26,*,#93
ussr-R67_M3_LL,*,#93
ussr-R68_A-32,*,#93
ussr-R70_T_50_2,*,#93
ussr-R71_IS_2B,*,#93
ussr-R72_T150,*,#93
ussr-R73_KV4,*,#93
ussr-R77_KV2,*,#93
ussr-R77_KV2_IGR,*,#93
ussr-R80_KV1,*,#93
ussr-R81_IS8,*,#93
ussr-R84_Tetrarch_LL,*,#93
ussr-R86_LTP,*,#93
ussr-R86_LTP_bootcamp,*,#93
ussr-R87_T62A,*,#93
ussr-R87_T62A_fallout,*,#93
ussr-R90_IS_4M,*,#93
ussr-R95_Object_907,*,#93
ussr-R95_Object_907A,*,#93
ussr-R96_Object_430,*,#93
ussr-R96_Object_430B,*,#93
ussr-R97_Object_140,*,#93
ussr-R98_T44_85,*,#93
ussr-R98_T44_85M,*,#93
ussr-R99_T44_122,*,#93
