WOT-DATA,2
{{ID}},Forward,Reverse
{{EN}},Maximum forward speed.,Maximum reverse speed.
{{RU}},Максимальная скорость вперед.,Максимальная скорость назад.
china-Ch01_Type59,56,20,#93
china-Ch01_Type59_Gold,56,20,#93
china-Ch02_Type62,60,23,#93
china-Ch03_WZ_111_A,50,15,#93
china-Ch03_WZ-111,50,15,#93
china-Ch04_T34_1,50,20,#93
china-Ch04_T34_1_training,50,20,#93
china-Ch05_T34_2,50,20,#93
china-Ch06_Renault_NC31,25,8,#93
china-Ch06_Renault_NC31_bot,25,8,#93
china-Ch07_Vickers_MkE_Type_BT26,35,15,#93
china-Ch08_Type97_Chi_Ha,40,15,#93
china-Ch08_Type97_Chi_Ha_bootcamp,40,15,#93
china-Ch09_M5,"64,4",20,#93
china-Ch10_IS2,37,14,#93
china-Ch11_110,40,15,#93
china-Ch11_110_IGR,40,15,#93
china-Ch12_111_1_2_3,50,15,#93
china-Ch14_T34_3,50,20,#93
china-Ch15_59_16,60,23,#93
china-Ch16_WZ_131,60,23,#93
china-Ch17_WZ131_1_WZ132,64,23,#93
china-Ch17_WZ131_1_WZ132_IGR,64,23,#93
china-Ch18_WZ-120,56,20,#93
china-Ch19_121,56,20,#93
china-Ch19_121_IGR,56,20,#93
china-Ch20_Type58,55,20,#93
china-Ch21_T34,55,20,#93
china-Ch22_113,50,15,#93
china-Ch22_113_Beijing_Opera,50,15,#93
china-Ch22_113P,50,15,#93
china-Ch23_112,45,15,#93
china-Ch23_112_FL,45,15,#93
china-Ch24_Type64,"72,4",23,#93
china-Ch25_121_mod_1971B,50,20,#93
china-Ch26_59_Patton,50,20,#93
china-Ch28_WZ_132A,64,23,#93
china-Ch29_Type_62C_prot,65,23,#93
china-Ch30_T-26G_FT,36,10,#93
china-Ch31_M3G_FT,55,12,#93
china-Ch32_SU-76G_FT,45,12,#93
china-Ch33_60G_FT,45,18,#93
china-Ch34_WZ131G_FT,50,18,#93
china-Ch35_T-34-2G_FT,50,16,#93
china-Ch36_WZ111_1G_FT,35,18,#93
china-Ch37_WZ111G_FT,35,16,#93
china-Ch38_WZ113G_FT,38,16,#93
china-Ch39_WZ120_1G_FT,50,20,#93
china-Ch40_WZ120G_FT,47,20,#93
china-Ch41_WZ_111_5A,50,15,#93
china-Ch41_WZ_111_QL,50,15,#93
china-Ch42_WalkerBulldog_M41D,65,22,#93
czech-Cz01_Skoda_T40,50,20,#93
czech-Cz02_TVP_T50,50,20,#93
czech-Cz03_LT_vz35,34,15,#93
czech-Cz04_T50_51,60,20,#93
czech-Cz05_T34_100,54,20,#93
czech-Cz06_Kolohousenka,25,8,#93
czech-Cz07_TVP_46,50,20,#93
czech-Cz08_T_25,60,20,#93
czech-Cz09_T_24,58,18,#93
czech-Cz10_LT_vz38,42,18,#93
czech-Cz11_V_8_H,45,18,#93
czech-Cz13_T_27,50,20,#93
france-F01_RenaultFT,21,8,#93
france-F01_RenaultFT_bot,21,8,#93
france-F02_D1,28,12,#93
france-F03_D2,23,12,#93
france-F04_B1,30,10,#93
france-F04_B1_bootcamp,30,10,#93
france-F05_BDR_G1B,30,10,#93
france-F06_ARL_44,37,10,#93
france-F07_AMX_M4_1945,35,12,#93
france-F08_AMX_50_100,51,20,#93
france-F08_AMX_50_100_IGR,51,20,#93
france-F09_AMX_50_120,65,20,#93
france-F10_AMX_50B,65,20,#93
france-F10_AMX_50B_fallout,65,20,#93
france-F100_Panhard_EBR_90,65,65,#93
france-F106_Panhard_EBR_75_Mle1954,60,60,#93
france-F107_Hotchkiss_EBR,70,45,#93
france-F108_Panhard_EBR_105,70,50,#93
france-F109_AMD_Panhard_178B,65,65,#93
france-F11_Renault_G1R,40,12,#93
france-F110_Lynx_6x6,58,40,#93
france-F111_AM39_Gendron_Somua,50,30,#93
france-F112_M10_RBFM,48,12,#93
france-F113_Bretagne_Panther,55,20,#93
france-F12_Hotchkiss_H35,27,11,#93
france-F13_AMX38,25,10,#93
france-F14_AMX40,50,20,#93
france-F15_AMX_12t,60,23,#93
france-F16_AMX_13_75,61,23,#93
france-F17_AMX_13_90,64,23,#93
france-F17_AMX_13_90_IGR,64,23,#93
france-F18_Bat_Chatillon25t,65,23,#93
france-F18_Bat_Chatillon25t_IGR,65,23,#93
france-F19_Lorraine40t,60,23,#93
france-F20_RenaultBS,19,6,#93
france-F21_Lorraine39_L_AM,37,10,#93
france-F22_AMX_105AM,60,14,#93
france-F23_AMX_13F3AM,60,14,#93
france-F24_Lorraine155_50,60,14,#93
france-F25_Lorraine155_51,60,14,#93
france-F27_FCM_36Pak40,24,10,#93
france-F28_105_leFH18B2,28,10,#93
france-F28_105_leFH18B2_IGR,28,10,#93
france-F30_RenaultFT_AC,21,8,#93
france-F32_Somua_Sau_40,37,12,#93
france-F33_S_35CA,37,12,#93
france-F33_S_35CA_IGR,37,12,#93
france-F34_ARL_V39,42,12,#93
france-F35_AMX_AC_Mle1946,50,12,#93
france-F36_AMX_AC_Mle1948,50,13,#93
france-F36_AMX_AC_Mle1948_IGR,50,13,#93
france-F37_AMX50_Foch,50,13,#93
france-F38_Bat_Chatillon155_58,62,14,#93
france-F44_Somua_S35,45,12,#93
france-F49_RenaultR35,23,12,#93
france-F50_FCM36_20t,24,12,#93
france-F52_RenaultUE57,36,12,#93
france-F62_ELC_AMX,60,20,#93
france-F62_ELC_AMX_IGR,60,20,#93
france-F64_AMX_50Fosh_155,50,13,#93
france-F64_AMX_50Fosh_B,50,13,#93
france-F65_FCM_50t,51,20,#93
france-F66_AMX_Ob_Am105,60,14,#93
france-F67_Bat_Chatillon155_55,"56,3",14,#93
france-F68_AMX_Chasseur_de_char_46,57,20,#93
france-F69_AMX13_57_100,61,23,#93
france-F69_AMX13_57_100_GrandFinal,61,23,#93
france-F70_SARL42,40,16,#93
france-F71_AMX_30_prototype,65,23,#93
france-F72_AMX_30,65,23,#93
france-F73_M4A1_Revalorise,40,16,#93
france-F73_M4A1_Revalorise_FL,40,16,#93
france-F74_AMX_M4_1949,40,15,#93
france-F74_AMX_M4_1949_FL,40,15,#93
france-F74_AMX_M4_1949_Liberte,40,15,#93
france-F75_Char_de_25t,65,20,#93
france-F81_Char_de_65t,40,15,#93
france-F82_AMX_M4_Mle1949_Ter,40,15,#93
france-F83_AMX_M4_Mle1949_Bis,40,15,#93
france-F84_Somua_SM,37,20,#93
france-F85_M4A1_FL10,48,20,#93
france-F87_Batignolles-Chatillon_12t,68,23,#93
france-F88_AMX_13_105,68,22,#93
france-F89_Canon_dassaut_de_105,55,18,#93
france-F97_ELC_EVEN_90,70,20,#93
germany-Env_Artillery,"0,000000999999997475243","0,000000999999997475243",#93
germany-G02_Hummel,42,10,#93
germany-G03_PzV_Panther,55,20,#93
germany-G03_PzV_Panther_bootcamp,55,20,#93
germany-G03_PzV_Panther_IGR,55,20,#93
germany-G03_PzV_Panther_training,48,20,#93
germany-G04_PzVI_Tiger_I,40,12,#93
germany-G04_PzVI_Tiger_I_IGR,40,12,#93
germany-G04_PzVI_Tiger_IA,40,12,#93
germany-G05_StuG_40_AusfG,40,10,#93
germany-G05_StuG_40_AusfG_IGR,40,10,#93
germany-G06_PzII,40,15,#93
germany-G06_PzII_bot,40,15,#93
germany-G07_Pz35t,35,15,#93
germany-G08_Pz38t,42,18,#93
germany-G08_Pz38t_bootcamp,42,18,#93
germany-G09_Hetzer,42,11,#93
germany-G10_PzIII_AusfJ,64,20,#93
germany-G10_PzIII_AusfJ_training,64,20,#93
germany-G100_Gtraktor_Krupp,44,12,#93
germany-G101_StuG_III,40,10,#93
germany-G102_Pz_III,68,20,#93
germany-G102_Pz_III_bootcamp,68,20,#93
germany-G103_RU_251,70,24,#93
germany-G104_Stug_IV,38,10,#93
germany-G105_T-55_NVA_DDR,50,20,#93
germany-G106_PzKpfwPanther_AusfF,46,20,#93
germany-G107_PzKpfwIII_AusfK,40,12,#93
germany-G108_PzKpfwII_AusfD,55,20,#93
germany-G109_Steyr_WT,35,15,#93
germany-G11_Bison_I,40,10,#93
germany-G110_Typ_205,20,15,#93
germany-G112_KanonenJagdPanzer,70,20,#93
germany-G112_KanonenJagdPanzer_105,70,20,#93
germany-G113_SP_I_C,58,22,#93
germany-G114_Rheinmetall_Skorpian,60,20,#93
germany-G114_Skorpian,60,20,#93
germany-G115_Typ_205_4_Jun,20,15,#93
germany-G115_Typ_205B,20,15,#93
germany-G116_Turan_III_prot,40,20,#93
germany-G117_Toldi_III,45,20,#93
germany-G117_Toldi_III_bootcamp,45,20,#93
germany-G118_VK4503,38,12,#93
germany-G119_Panzer58,50,20,#93
germany-G119_Panzer58_BF,50,20,#93
germany-G119_Panzer58_FL,50,20,#93
germany-G119_Pz58_Mutz,50,20,#93
germany-G12_Ltraktor,36,9,#93
germany-G12_Ltraktor_bot,36,9,#93
germany-G120_M41_90,"72,4",24,#93
germany-G120_M41_90_GrandFinal,"72,4",24,#93
germany-G121_Grille_15_L63,60,15,#93
germany-G122_VK6501H,30,15,#93
germany-G125_Spz_57_Rh,75,25,#93
germany-G126_HWK_12,65,23,#93
germany-G13_VK3001H,35,12,#93
germany-G134_PzKpfw_VII,33,15,#93
germany-G136_Tiger_131,40,12,#93
germany-G137_PzVI_Tiger_217,40,12,#93
germany-G138_VK168_02,20,15,#93
germany-G138_VK168_02_Mauerbrecher,20,15,#93
germany-G139_MKA,40,15,#93
germany-G140_HWK_30,70,24,#93
germany-G141_VK7501K,30,15,#93
germany-G142_M48RPz,40,18,#93
germany-G143_E75_TS,45,18,#93
germany-G144_Kpz_50t,60,20,#93
germany-G15_VK3601H,"50,5",12,#93
germany-G16_PzVIB_Tiger_II,38,12,#93
germany-G16_PzVIB_Tiger_II_F,38,12,#93
germany-G16_PzVIB_Tiger_II_IGR,38,12,#93
germany-G16_PzVIB_Tiger_II_training,28,12,#93
germany-G17_JagdPzIV,40,12,#93
germany-G18_JagdPanther,55,12,#93
germany-G19_Wespe,40,10,#93
germany-G20_Marder_II,40,12,#93
germany-G21_PanzerJager_I,40,8,#93
germany-G21_PanzerJager_I_bootcamp,40,8,#93
germany-G22_Sturmpanzer_II,45,10,#93
germany-G23_Grille,42,10,#93
germany-G24_VK3002DB,60,20,#93
germany-G25_PzII_Luchs,60,22,#93
germany-G26_VK1602,60,22,#93
germany-G27_VK3001P,60,20,#93
germany-G28_PzIII_IV,55,18,#93
germany-G32_PzV_PzIV,55,20,#93
germany-G32_PzV_PzIV_ausf_Alfa,55,20,#93
germany-G32_PzV_PzIV_ausf_Alfa_CN,55,20,#93
germany-G32_PzV_PzIV_CN,55,20,#93
germany-G33_H39_captured,37,16,#93
germany-G34_S35_captured,37,12,#93
germany-G35_B-1bis_captured,30,10,#93
germany-G36_PzII_J,31,12,#93
germany-G37_Ferdinand,30,10,#93
germany-G37_Ferdinand_IGR,30,10,#93
germany-G39_Marder_III,47,18,#93
germany-G40_Nashorn,40,15,#93
germany-G41_DickerMax,40,12,#93
germany-G42_Maus,20,15,#93
germany-G42_Maus_IGR,20,15,#93
germany-G43_Sturer_Emil,25,12,#93
germany-G44_JagdTiger,38,12,#93
germany-G44_JagdTigerH,38,12,#93
germany-G45_G_Tiger,45,10,#93
germany-G46_T-25,60,20,#93
germany-G48_E-25,65,20,#93
germany-G48_E-25_IGR,65,20,#93
germany-G49_G_Panther,46,12,#93
germany-G50_T-15,60,20,#93
germany-G51_Lowe,35,15,#93
germany-G51_Lowe_FL,35,15,#93
germany-G52_Pz38_NA,64,20,#93
germany-G53_PzI,40,15,#93
germany-G54_E-50,60,20,#93
germany-G55_E-75,40,15,#93
germany-G56_E-100,30,15,#93
germany-G57_PzVI_Tiger_P,35,12,#93
germany-G58_VK4502P,30,15,#93
germany-G58_VK4502P7,35,15,#93
germany-G61_G_E,40,10,#93
germany-G63_PzI_ausf_C,79,22,#93
germany-G64_Panther_II,55,20,#93
germany-G64_Panther_II_IGR,55,20,#93
germany-G65_JagdTiger_SdKfz_185,38,16,#93
germany-G65_JagdTiger_SdKfz_185_IGR,38,12,#93
germany-G66_VK2801,64,22,#93
germany-G67_VK4502A,38,16,#93
germany-G70_PzIV_Hydro,48,20,#93
germany-G71_JagdPantherII,55,12,#93
germany-G72_JagdPz_E100,30,12,#93
germany-G73_E50_Ausf_M,60,20,#93
germany-G76_Pz_Sfl_IVc,60,20,#93
germany-G77_PzIV_Schmalturm,48,18,#93
germany-G78_Panther_M10,55,20,#93
germany-G79_Pz_IV_AusfGH,48,18,#93
germany-G80_Pz_IV_AusfD,42,18,#93
germany-G80_Pz_IV_AusfD_bootcamp,42,18,#93
germany-G81_Pz_IV_AusfH,40,18,#93
germany-G82_Pz_II_AusfG,65,20,#93
germany-G83_Pz_IV_AusfA,42,18,#93
germany-G85_Auf_Panther,60,22,#93
germany-G85_Aufklarungspanzer_V,60,22,#93
germany-G86_VK2001DB,50,20,#93
germany-G87_VK3002DB_V1,60,20,#93
germany-G88_Indien_Panzer,55,20,#93
germany-G89_Leopard1,70,23,#93
germany-G90_DW_II,35,12,#93
germany-G91_Pro_Ag_A,65,20,#93
germany-G92_VK7201,33,15,#93
germany-G93_GW_Mk_VIe,50,12,#93
germany-G94_GW_Tiger_P,35,10,#93
germany-G95_Pz_Sfl_IVb,35,10,#93
germany-G96_VK3002M,55,20,#93
germany-G97_Waffentrager_IV,38,12,#93
germany-G98_Waffentrager_E100,40,15,#93
germany-G98_Waffentrager_E100_P,40,15,#93
germany-G99_RhB_Waffentrager,35,12,#93
italy-It03_M15_42,40,15,#93
italy-It04_Fiat_3000,21,8,#93
italy-It05_Carro_L6_40,"42,3",15,#93
italy-It06_M14_41,32,12,#93
italy-It07_P26_40,40,15,#93
italy-It08_Progetto_M40_mod_65,65,23,#93
italy-It09_P43_ter,55,20,#93
italy-It10_P43_bis,50,20,#93
italy-It11_P43,42,18,#93
italy-It12_Prototipo_Standard_B,65,23,#93
italy-It13_Progetto_M35_mod_46,55,20,#93
italy-It14_P44_Pantera,60,20,#93
japan-J01_NC27,23,8,#93
japan-J01_NC27_bot,23,8,#93
japan-J02_Te_Ke,42,15,#93
japan-J03_Ha_Go,40,15,#93
japan-J04_Ke_Ni,50,20,#93
japan-J04_Ke_Ni_bootcamp,50,20,#93
japan-J05_Ke_Ni_B,50,20,#93
japan-J06_Ke_Ho,50,22,#93
japan-J07_Chi_Ha,40,15,#93
japan-J08_Chi_Nu,"38,8",16,#93
japan-J09_Chi_He,44,20,#93
japan-J10_Chi_To,45,18,#93
japan-J11_Chi_Ri,42,18,#93
japan-J11_Chi_Ri_IGR,42,18,#93
japan-J12_Chi_Nu_Kai,"38,8",16,#93
japan-J13_STA_1,45,20,#93
japan-J13_STA_1_IGR,45,20,#93
japan-J14_Type_61,45,23,#93
japan-J15_Chi_Ni,30,12,#93
japan-J16_ST_B1,50,25,#93
japan-J16_ST_B1_IGR,53,20,#93
japan-J18_STA_2_3,55,23,#93
japan-J19_Tiger_I_Jpn,40,12,#93
japan-J20_Type_2605,25,15,#93
japan-J21_Type_91,25,13,#93
japan-J22_Type_95,22,10,#93
japan-J22_Type_95_bootcamp,22,10,#93
japan-J23_Mi_To,25,12,#93
japan-J24_Mi_To_130_tons,"29,4",10,#93
japan-J25_Type_4,25,10,#93
japan-J26_Type_89,25,12,#93
japan-J27_O_I_120,25,10,#93
japan-J28_O_I_100,25,10,#93
japan-J29_Nameless,50,14,#93
japan-J30_Edelweiss,60,20,#93
poland-Pl01_TKS_20mm,45,12,#93
poland-Pl03_PzV_Poland,55,20,#93
poland-Pl05_50TP_Tyszkiewicza,35,14,#93
poland-Pl06_10TP,50,20,#93
poland-Pl07_14TP,50,20,#93
poland-Pl08_50TP_prototyp,35,14,#93
poland-Pl09_7TP,35,18,#93
poland-Pl10_40TP_Habicha,50,18,#93
poland-Pl11_45TP_Habicha,35,14,#93
poland-Pl12_25TP_KSUST_II,56,20,#93
poland-Pl13_53TP_Markowskiego,40,16,#93
poland-Pl14_4TP,35,12,#93
poland-Pl15_60TP_Lewandowskiego,35,14,#93
poland-Pl16_T34_85_Rudy,54,20,#93
sweden-S01_Strv_74_A2,45,20,#93
sweden-S02_Strv_M42,45,20,#93
sweden-S03_Strv_M38,45,18,#93
sweden-S04_Lago_I,45,18,#93
sweden-S05_Strv_M21_29,25,14,#93
sweden-S06_Ikv_90_Typ_B_Bofors,65,20,#93
sweden-S07_Strv_74,45,18,#93
sweden-S08_Ikv_65_Alt_2,60,20,#93
sweden-S09_L_120_TD,50,20,#93
sweden-S10_Strv_103_0_Series,50,45,#93
sweden-S11_Strv_103B,50,45,#93
sweden-S12_Strv_M40,45,18,#93
sweden-S13_Leo,60,20,#93
sweden-S14_Ikv_103,60,20,#93
sweden-S15_L_60,48,20,#93
sweden-S16_Kranvagn,60,18,#93
sweden-S17_EMIL_1952_E2,56,18,#93
sweden-S18_EMIL_1951_E1,50,16,#93
sweden-S19_Sav_M43,43,20,#93
sweden-S20_Ikv_72,57,20,#93
sweden-S21_UDES_03,70,50,#93
sweden-S22_Strv_S1,50,45,#93
sweden-S23_Strv_81,50,20,#93
sweden-S23_Strv_81_sabaton,50,20,#93
sweden-S25_EMIL_51,45,16,#93
sweden-S26_Lansen_C,50,20,#93
sweden-S27_UDES_16,50,20,#93
sweden-S28_UDES_15_16,50,24,#93
sweden-S29_UDES_14_5,55,20,#93
uk-GB01_Medium_Mark_I,24,8,#93
uk-GB01_Medium_Mark_I_bot,24,8,#93
uk-GB03_Cruiser_Mk_I,40,15,#93
uk-GB04_Valentine,24,10,#93
uk-GB05_Vickers_Medium_Mk_II,40,12,#93
uk-GB05_Vickers_Medium_Mk_II_bot,40,12,#93
uk-GB06_Vickers_Medium_Mk_III,48,16,#93
uk-GB07_Matilda,24,11,#93
uk-GB08_Churchill_I,"25,7",14,#93
uk-GB08_Churchill_I_IGR,"25,7",14,#93
uk-GB09_Churchill_VII,20,12,#93
uk-GB10_Black_Prince,20,12,#93
uk-GB100_Manticore,68,25,#93
uk-GB101_FV1066_Senlac,65,23,#93
uk-GB102_LHMTV,63,23,#93
uk-GB103_GSOR3301_AVR_FS,65,25,#93
uk-GB104_GSR_3301_Setter,58,22,#93
uk-GB105_Black_Prince_2019,20,12,#93
uk-GB11_Caernarvon,"34,3",12,#93
uk-GB11_Caernarvon_IGR,"34,3",12,#93
uk-GB12_Conqueror,"34,3",12,#93
uk-GB13_FV215b,"34,3",12,#93
uk-GB13_FV215b_IGR,"34,3",12,#93
uk-GB14_M2,58,17,#93
uk-GB15_Stuart_I,58,20,#93
uk-GB17_Grant_I,39,16,#93
uk-GB19_Sherman_Firefly,36,18,#93
uk-GB20_Crusader,44,22,#93
uk-GB21_Cromwell,64,20,#93
uk-GB21_Cromwell_IGR,64,20,#93
uk-GB22_Comet,"51,5",18,#93
uk-GB23_Centurion,50,20,#93
uk-GB23_Centurion_IGR,50,20,#93
uk-GB24_Centurion_Mk3,50,20,#93
uk-GB25_Loyd_Gun_Carriage,48,12,#93
uk-GB26_Birch_Gun,45,10,#93
uk-GB27_Sexton,"40,2",10,#93
uk-GB28_Bishop,24,10,#93
uk-GB29_Crusader_5inch,14,"43,5",#93
uk-GB30_FV3805,40,12,#93
uk-GB31_Conqueror_Gun,"34,3",10,#93
uk-GB32_Tortoise,20,10,#93
uk-GB33_Sentinel_AC_I,"60,4",20,#93
uk-GB35_Sentinel_AC_IV,"60,4",20,#93
uk-GB39_Universal_CarrierQF2,48,8,#93
uk-GB40_Gun_Carrier_Churchill,"25,7",12,#93
uk-GB41_Challenger,52,20,#93
uk-GB42_Valentine_AT,24,12,#93
uk-GB44_Archer,12,32,#93
uk-GB45_Achilles_IIC,48,13,#93
uk-GB48_FV215b_183,"34,3",12,#93
uk-GB50_Sherman_III,48,18,#93
uk-GB51_Excelsior,"38,6",12,#93
uk-GB52_A45,31,16,#93
uk-GB57_Alecto,"50,5",16,#93
uk-GB58_Cruiser_Mk_III,48,20,#93
uk-GB59_Cruiser_Mk_IV,48,20,#93
uk-GB60_Covenanter,50,20,#93
uk-GB63_TOG_II,14,7,#93
uk-GB68_Matilda_Black_Prince,22,10,#93
uk-GB69_Cruiser_Mk_II,40,15,#93
uk-GB70_FV4202_105,40,20,#93
uk-GB70_N_FV4202_105,50,20,#93
uk-GB70_N_FV4202_105_FL,50,20,#93
uk-GB71_AT_15A,20,10,#93
uk-GB72_AT15,20,10,#93
uk-GB72_AT15_IGR,20,10,#93
uk-GB73_AT2,20,10,#93
uk-GB74_AT8,20,10,#93
uk-GB75_AT7,20,10,#93
uk-GB76_Mk_VIC,"52,5",20,#93
uk-GB77_FV304,"72,4",14,#93
uk-GB77_FV304_IGR,"72,4",14,#93
uk-GB78_Sexton_I,"40,2",10,#93
uk-GB79_FV206,29,10,#93
uk-GB80_Charioteer,52,20,#93
uk-GB81_FV4004,40,15,#93
uk-GB83_FV4005,32,8,#93
uk-GB84_Chieftain_Mk6,42,15,#93
uk-GB85_Cromwell_Berlin,64,20,#93
uk-GB86_Centurion_Action_X,53,20,#93
uk-GB87_Chieftain_T95_turret,42,15,#93
uk-GB88_T95_Chieftain_turret,56,17,#93
uk-GB91_Super_Conqueror,"34,3",12,#93
uk-GB92_FV217,30,12,#93
uk-GB93_Caernarvon_AX,"36,3",12,#93
uk-GB94_Centurion_Mk5-1_RAAC,50,20,#93
uk-GB95_Ekins_Firefly_M4A4,"40,2",18,#93
uk-GB96_Excalibur,50,15,#93
uk-GB97_Chimera,50,20,#93
uk-GB98_T95_FV4201_Chieftain,46,15,#93
uk-GB99_Turtle_Mk1,20,10,#93
usa-A01_T1_Cunningham,41,10,#93
usa-A01_T1_Cunningham_bot,41,10,#93
usa-A02_M2_lt,58,20,#93
usa-A03_M3_Stuart,61,20,#93
usa-A03_M3_Stuart_bootcamp,61,20,#93
usa-A04_M3_Grant,38,16,#93
usa-A05_M4_Sherman,48,18,#93
usa-A05_M4_Sherman_IGR,48,18,#93
usa-A06_M4A3E8_Sherman,48,18,#93
usa-A06_M4A3E8_Sherman_training,32,7,#93
usa-A07_T20,56,20,#93
usa-A08_T23,56,20,#93
usa-A09_T1_hvy,"35,4",10,#93
usa-A10_M6,35,10,#93
usa-A100_T49,65,24,#93
usa-A101_M56,45,17,#93
usa-A102_T28_concept,29,10,#93
usa-A103_T71E1,64,23,#93
usa-A103_T71E1_IGR,64,23,#93
usa-A104_M4A3E8A,"41,8",18,#93
usa-A106_M48A2_120,"48,3",20,#93
usa-A107_T1_HMC,34,12,#93
usa-A108_T18_HMC,48,6,#93
usa-A109_T56_GMC,50,14,#93
usa-A11_T29,35,12,#93
usa-A11_T29_IGR,35,12,#93
usa-A111_T25_Pilot,55,20,#93
usa-A112_T71E2,64,25,#93
usa-A112_T71E2R,64,25,#93
usa-A115_Chrysler_K,35,14,#93
usa-A115_Chrysler_K_GF,35,14,#93
usa-A116_XM551,65,22,#93
usa-A117_T26E5,"40,2",15,#93
usa-A117_T26E5_Patriot,"40,2",15,#93
usa-A118_M4_Thunderbolt,42,18,#93
usa-A12_T32,35,14,#93
usa-A120_M48A5,45,20,#93
usa-A120_M48A5_IGR,45,20,#93
usa-A121_M26_Cologne,48,20,#93
usa-A122_TS-5,26,12,#93
usa-A123_T78,55,14,#93
usa-A124_T54E2,45,17,#93
usa-A125_AEP_1,35,12,#93
usa-A126_PzVI_Tiger_II_capt,38,12,#93
usa-A127_TL_1_LPC,50,20,#93
usa-A13_T34_hvy,35,12,#93
usa-A13_T34_hvy_BF,35,12,#93
usa-A13_T34_hvy_FL,35,12,#93
usa-A13_T34_hvy_IGR,35,12,#93
usa-A130_Super_Hellcat,72,20,#93
usa-A14_T30,35,10,#93
usa-A15_T57,"49,9",12,#93
usa-A16_M7_Priest,"38,6",10,#93
usa-A17_M37,"56,3",14,#93
usa-A18_M41,"56,3",14,#93
usa-A19_T2_lt,72,20,#93
usa-A21_T14,34,10,#93
usa-A22_M5_Stuart,"64,4",20,#93
usa-A22_M5_Stuart_bootcamp,"64,4",20,#93
usa-A23_M7_med,60,20,#93
usa-A24_T2_med,40,17,#93
usa-A24_T2_med_bot,40,17,#93
usa-A25_M2_med,43,18,#93
usa-A25_M2_med_bootcamp,43,18,#93
usa-A26_T18,48,6,#93
usa-A27_T82,64,12,#93
usa-A29_T40,38,14,#93
usa-A30_M10_Wolverine,48,12,#93
usa-A31_M36_Slagger,42,11,#93
usa-A32_M12,"38,6",10,#93
usa-A33_MTLS-1G14,55,20,#93
usa-A34_M24_Chaffee,62,21,#93
usa-A35_Pershing,48,20,#93
usa-A35_Pershing_IGR,48,20,#93
usa-A36_Sherman_Jumbo,35,15,#93
usa-A36_Sherman_Jumbo_bootcamp,35,15,#93
usa-A36_Sherman_Jumbo_IGR,35,15,#93
usa-A37_M40M43,"38,6",10,#93
usa-A38_T92,"32,2",10,#93
usa-A39_T28,22,10,#93
usa-A40_T95,20,10,#93
usa-A41_M18_Hellcat,72,12,#93
usa-A43_M22_Locust,64,20,#93
usa-A44_M4A2E4,52,18,#93
usa-A45_M6A2E1,29,14,#93
usa-A46_T3,"72,4",7,#93
usa-A57_M8A1,58,20,#93
usa-A58_T67,61,20,#93
usa-A58_T67_IGR,61,20,#93
usa-A62_Ram-II,38,14,#93
usa-A63_M46_Patton,48,20,#93
usa-A63_M46_Patton_KR,"48,3",20,#93
usa-A64_T25_AT,56,15,#93
usa-A66_M103,34,12,#93
usa-A67_T57_58,"35,4",12,#93
usa-A68_T28_Prototype,28,10,#93
usa-A69_T110E5,37,12,#93
usa-A71_T21,57,21,#93
usa-A72_T25_2,56,15,#93
usa-A74_T1_E6,"48,3",20,#93
usa-A78_M4_Improved,56,25,#93
usa-A80_T26_E4_SuperPershing,"40,2",18,#93
usa-A80_T26_E4_SuperPershing_FL,"40,2",18,#93
usa-A81_T95_E2,56,21,#93
usa-A83_T110E4,35,10,#93
usa-A85_T110E3,24,8,#93
usa-A86_T23E3,"56,3",30,#93
usa-A87_M44,"56,3",14,#93
usa-A88_M53_55,"56,3",14,#93
usa-A89_T54E1,"43,5",20,#93
usa-A90_T69,"51,5",20,#93
usa-A90_T69_IGR,"51,5",20,#93
usa-A92_M60,60,23,#93
usa-A93_T7_Combat_Car,56,20,#93
usa-A94_T37,65,22,#93
usa-A95_T95_E6,"56,3",20,#93
usa-A97_M41_Bulldog,68,24,#93
usa-A99_T92_LT,60,25,#93
ussr-Observer,32,8,#93
ussr-R01_IS,34,14,#93
ussr-R02_SU-85,55,14,#93
ussr-R03_BT-7,"65,4",20,#93
ussr-R03_BT-7_bootcamp,"65,4",20,#93
ussr-R04_T-34,56,20,#93
ussr-R05_KV,34,10,#93
ussr-R06_T-28,45,20,#93
ussr-R06_T-28_bootcamp,45,20,#93
ussr-R07_T-34-85,54,20,#93
ussr-R07_T-34-85_bootcamp,54,20,#93
ussr-R07_T-34-85_training,54,20,#93
ussr-R08_BT-2,55,20,#93
ussr-R08_BT-2_bootcamp,55,20,#93
ussr-R09_T-26,36,15,#93
ussr-R09_T-26_bot,36,15,#93
ussr-R10_AT-1,30,8,#93
ussr-R100_SU122A,30,10,#93
ussr-R101_MT25,62,23,#93
ussr-R104_Object_430_II,55,20,#93
ussr-R105_BT_7A,"51,6",20,#93
ussr-R106_KV85,34,14,#93
ussr-R106_KV85_IGR,34,14,#93
ussr-R107_LTB,68,20,#93
ussr-R108_T34_85M,53,20,#93
ussr-R109_T54S,69,23,#93
ussr-R11_MS-1,32,8,#93
ussr-R11_MS-1_bot,32,8,#93
ussr-R110_Object_260,60,15,#93
ussr-R111_ISU130,38,14,#93
ussr-R112_T54_45,44,18,#93
ussr-R112_T54_45_FL,44,18,#93
ussr-R113_Object_730,42,14,#93
ussr-R114_Object_244,42,14,#93
ussr-R115_IS-3_auto,40,15,#93
ussr-R115_IS-3_auto_test,40,15,#93
ussr-R116_ISU122C_Berlin,43,12,#93
ussr-R117_T34_85_Rudy,54,20,#93
ussr-R118_T28_F30,35,20,#93
ussr-R119_Object_777,40,15,#93
ussr-R119_Object_777C,50,16,#93
ussr-R12_A-20,72,20,#93
ussr-R120_T22SR_A22,55,20,#93
ussr-R121_KV4_KTT,35,10,#93
ussr-R122_T44_100,52,23,#93
ussr-R122_T44_100B,52,23,#93
ussr-R123_Kirovets_1,42,20,#93
ussr-R125_T_45,41,15,#93
ussr-R126_Object_730_5,48,15,#93
ussr-R127_T44_100_K,52,23,#93
ussr-R127_T44_100_P,52,23,#93
ussr-R127_T44_100_U,52,23,#93
ussr-R128_KV4_Kreslavskiy,30,16,#93
ussr-R129_Object_257,50,15,#93
ussr-R13_KV-1s,43,11,#93
ussr-R131_Tank_Gavalov,63,20,#93
ussr-R132_VNII_100LT,72,25,#93
ussr-R133_KV_122,42,14,#93
ussr-R134_Object_252K,35,14,#93
ussr-R134_Object_252U,35,14,#93
ussr-R135_T_103,40,12,#93
ussr-R139_IS_M,35,12,#93
ussr-R14_SU-5,30,8,#93
ussr-R140_M4_Loza,"51,4",18,#93
ussr-R143_T_29,"44,6",20,#93
ussr-R144_K_91,55,20,#93
ussr-R145_Object_705_A,40,15,#93
ussr-R146_STG,50,20,#93
ussr-R146_STG_Tday,50,20,#93
ussr-R148_Object_430_U,50,18,#93
ussr-R149_Object_268_4,50,18,#93
ussr-R15_S-51,30,8,#93
ussr-R151_Object_257_2,50,15,#93
ussr-R152_KV2_W,35,11,#93
ussr-R153_Object_705,40,15,#93
ussr-R154_T_34E_1943,56,20,#93
ussr-R155_Object_277,55,15,#93
ussr-R156_IS_2M,34,14,#93
ussr-R157_Object_279R,40,13,#93
ussr-R158_LT_432,70,23,#93
ussr-R159_SU_130PM,65,20,#93
ussr-R16_SU-18,22,6,#93
ussr-R160_T_50_2,65,23,#93
ussr-R161_T_116,60,20,#93
ussr-R165_Object_703_II,38,15,#93
ussr-R165_Object_703_II_2,38,15,#93
ussr-R17_SU-100,50,14,#93
ussr-R18_SU-152,43,11,#93
ussr-R18_SU-152_IGR,43,11,#93
ussr-R19_IS-3,38,15,#93
ussr-R19_IS-3_IGR,38,15,#93
ussr-R20_T-44,51,23,#93
ussr-R20_T-44_FL,51,23,#93
ussr-R20_T-44_IGR,51,20,#93
ussr-R22_T-46,58,20,#93
ussr-R22_T-46_bootcamp,58,20,#93
ussr-R23_T-43,51,20,#93
ussr-R24_SU-76,48,12,#93
ussr-R25_GAZ-74b,43,14,#93
ussr-R26_SU-8,48,12,#93
ussr-R27_SU-14,30,8,#93
ussr-R31_Valentine_LL,32,12,#93
ussr-R31_Valentine_LL_IGR,32,12,#93
ussr-R32_Matilda_II_LL,25,10,#93
ussr-R33_Churchill_LL,28,14,#93
ussr-R34_BT-SV,62,20,#93
ussr-R38_KV-220,33,10,#93
ussr-R38_KV-220_beta,33,10,#93
ussr-R39_KV-3,32,10,#93
ussr-R40_T-54,56,20,#93
ussr-R41_T-50,60,23,#93
ussr-R42_T-60,45,15,#93
ussr-R43_T-70,45,18,#93
ussr-R43_T-70_bootcamp,45,18,#93
ussr-R44_T80,45,18,#93
ussr-R45_IS-7,"59,6",15,#93
ussr-R45_IS-7_fallout,"59,6",15,#93
ussr-R45_IS-7_IGR,"59,6",15,#93
ussr-R46_KV-13,50,20,#93
ussr-R47_ISU-152,43,12,#93
ussr-R47_ISU-152_IGR,43,12,#93
ussr-R49_SU100Y,35,12,#93
ussr-R50_SU76I,50,14,#93
ussr-R50_SU76I_bootcamp,50,14,#93
ussr-R51_Object_212,35,10,#93
ussr-R52_Object_261,50,12,#93
ussr-R53_Object_704,37,13,#93
ussr-R54_KV-5,40,14,#93
ussr-R54_KV-5_IGR,40,11,#93
ussr-R56_T-127,38,15,#93
ussr-R57_A43,55,20,#93
ussr-R58_SU-101,54,18,#93
ussr-R59_A44,59,20,#93
ussr-R60_Object416,50,20,#93
ussr-R61_Object252,35,14,#93
ussr-R61_Object252_BF,35,14,#93
ussr-R61_Object252_FL,35,14,#93
ussr-R63_ST_I,40,13,#93
ussr-R66_SU-26,30,8,#93
ussr-R67_M3_LL,61,20,#93
ussr-R68_A-32,70,20,#93
ussr-R70_T_50_2,72,23,#93
ussr-R71_IS_2B,34,14,#93
ussr-R72_T150,35,11,#93
ussr-R73_KV4,30,11,#93
ussr-R74_SU100M1,54,16,#93
ussr-R75_SU122_54,55,16,#93
ussr-R77_KV2,35,11,#93
ussr-R77_KV2_IGR,35,11,#93
ussr-R78_SU_85I,50,14,#93
ussr-R80_KV1,34,10,#93
ussr-R81_IS8,50,15,#93
ussr-R84_Tetrarch_LL,64,20,#93
ussr-R86_LTP,"45,1",18,#93
ussr-R86_LTP_bootcamp,"45,1",18,#93
ussr-R87_T62A,50,20,#93
ussr-R87_T62A_fallout,50,20,#93
ussr-R88_Object268,48,15,#93
ussr-R89_SU122_44,"47,5",13,#93
ussr-R90_IS_4M,43,14,#93
ussr-R91_SU14_1,30,8,#93
ussr-R93_Object263,55,20,#93
ussr-R93_Object263B,55,20,#93
ussr-R95_Object_907,55,20,#93
ussr-R95_Object_907A,55,20,#93
ussr-R96_Object_430,50,18,#93
ussr-R96_Object_430B,55,20,#93
ussr-R97_Object_140,55,20,#93
ussr-R98_T44_85,"51,6",20,#93
ussr-R98_T44_85M,68,24,#93
ussr-R99_T44_122,"52,6",20,#93
