WOT-DATA,2
{{ID}},Tank
{{EN}},Tank hit points with the top turret.
{{RU}},Прочность танка с топ башней.
china-Ch01_Type59,1300,#93
china-Ch01_Type59_Gold,1300,#93
china-Ch02_Type62,880,#93
china-Ch03_WZ_111_A,1550,#93
china-Ch03_WZ-111,1550,#93
china-Ch04_T34_1,1050,#93
china-Ch04_T34_1_training,960,#93
china-Ch05_T34_2,1300,#93
china-Ch06_Renault_NC31,110,#93
china-Ch06_Renault_NC31_bot,100,#93
china-Ch07_Vickers_MkE_Type_BT26,170,#93
china-Ch08_Type97_Chi_Ha,240,#93
china-Ch08_Type97_Chi_Ha_bootcamp,220,#93
china-Ch09_M5,340,#93
china-Ch10_IS2,1280,#93
china-Ch11_110,1550,#93
china-Ch11_110_IGR,1550,#93
china-Ch12_111_1_2_3,1850,#93
china-Ch14_T34_3,1300,#93
china-Ch15_59_16,600,#93
china-Ch16_WZ_131,900,#93
china-Ch17_WZ131_1_WZ132,1100,#93
china-Ch17_WZ131_1_WZ132_IGR,1100,#93
china-Ch18_WZ-120,1650,#93
china-Ch19_121,1950,#93
china-Ch19_121_IGR,1950,#93
china-Ch20_Type58,750,#93
china-Ch21_T34,450,#93
china-Ch22_113,2300,#93
china-Ch22_113_Beijing_Opera,2300,#93
china-Ch22_113P,2300,#93
china-Ch23_112,1500,#93
china-Ch23_112_FL,1500,#93
china-Ch24_Type64,580,#93
china-Ch25_121_mod_1971B,1950,#93
china-Ch26_59_Patton,1400,#93
china-Ch28_WZ_132A,1250,#93
china-Ch29_Type_62C_prot,1500,#93
china-Ch30_T-26G_FT,125,#93
china-Ch31_M3G_FT,160,#93
china-Ch32_SU-76G_FT,280,#93
china-Ch33_60G_FT,400,#93
china-Ch34_WZ131G_FT,550,#93
china-Ch35_T-34-2G_FT,800,#93
china-Ch36_WZ111_1G_FT,1000,#93
china-Ch37_WZ111G_FT,1800,#93
china-Ch38_WZ113G_FT,2100,#93
china-Ch39_WZ120_1G_FT,1100,#93
china-Ch40_WZ120G_FT,1700,#93
china-Ch41_WZ_111_5A,2200,#93
china-Ch41_WZ_111_QL,2200,#93
china-Ch42_WalkerBulldog_M41D,1100,#93
czech-Cz01_Skoda_T40,700,#93
czech-Cz02_TVP_T50,1650,#93
czech-Cz03_LT_vz35,180,#93
czech-Cz04_T50_51,1800,#93
czech-Cz05_T34_100,1100,#93
czech-Cz06_Kolohousenka,110,#93
czech-Cz07_TVP_46,1450,#93
czech-Cz08_T_25,730,#93
czech-Cz09_T_24,450,#93
czech-Cz10_LT_vz38,220,#93
czech-Cz11_V_8_H,350,#93
czech-Cz13_T_27,1350,#93
france-F01_RenaultFT,115,#93
france-F01_RenaultFT_bot,105,#93
france-F02_D1,170,#93
france-F03_D2,230,#93
france-F04_B1,430,#93
france-F04_B1_bootcamp,380,#93
france-F05_BDR_G1B,700,#93
france-F06_ARL_44,820,#93
france-F07_AMX_M4_1945,1350,#93
france-F08_AMX_50_100,1400,#93
france-F08_AMX_50_100_IGR,1400,#93
france-F09_AMX_50_120,1750,#93
france-F10_AMX_50B,2100,#93
france-F10_AMX_50B_fallout,2100,#93
france-F100_Panhard_EBR_90,1150,#93
france-F106_Panhard_EBR_75_Mle1954,950,#93
france-F107_Hotchkiss_EBR,750,#93
france-F108_Panhard_EBR_105,1300,#93
france-F109_AMD_Panhard_178B,570,#93
france-F11_Renault_G1R,460,#93
france-F110_Lynx_6x6,920,#93
france-F111_AM39_Gendron_Somua,140,#93
france-F112_M10_RBFM,360,#93
france-F113_Bretagne_Panther,840,#93
france-F12_Hotchkiss_H35,160,#93
france-F13_AMX38,220,#93
france-F14_AMX40,300,#93
france-F15_AMX_12t,580,#93
france-F16_AMX_13_75,850,#93
france-F17_AMX_13_90,1200,#93
france-F17_AMX_13_90_IGR,1200,#93
france-F18_Bat_Chatillon25t,1800,#93
france-F18_Bat_Chatillon25t_IGR,1800,#93
france-F19_Lorraine40t,1300,#93
france-F20_RenaultBS,80,#93
france-F21_Lorraine39_L_AM,120,#93
france-F22_AMX_105AM,220,#93
france-F23_AMX_13F3AM,270,#93
france-F24_Lorraine155_50,340,#93
france-F25_Lorraine155_51,390,#93
france-F27_FCM_36Pak40,180,#93
france-F28_105_leFH18B2,260,#93
france-F28_105_leFH18B2_IGR,260,#93
france-F30_RenaultFT_AC,120,#93
france-F32_Somua_Sau_40,280,#93
france-F33_S_35CA,330,#93
france-F33_S_35CA_IGR,330,#93
france-F34_ARL_V39,610,#93
france-F35_AMX_AC_Mle1946,820,#93
france-F36_AMX_AC_Mle1948,1000,#93
france-F36_AMX_AC_Mle1948_IGR,1000,#93
france-F37_AMX50_Foch,1550,#93
france-F38_Bat_Chatillon155_58,490,#93
france-F44_Somua_S35,250,#93
france-F49_RenaultR35,155,#93
france-F50_FCM36_20t,140,#93
france-F52_RenaultUE57,150,#93
france-F62_ELC_AMX,320,#93
france-F62_ELC_AMX_IGR,320,#93
france-F64_AMX_50Fosh_155,1850,#93
france-F64_AMX_50Fosh_B,1850,#93
france-F65_FCM_50t,1500,#93
france-F66_AMX_Ob_Am105,170,#93
france-F67_Bat_Chatillon155_55,440,#93
france-F68_AMX_Chasseur_de_char_46,1400,#93
france-F69_AMX13_57_100,890,#93
france-F69_AMX13_57_100_GrandFinal,890,#93
france-F70_SARL42,350,#93
france-F71_AMX_30_prototype,1650,#93
france-F72_AMX_30,1900,#93
france-F73_M4A1_Revalorise,1400,#93
france-F73_M4A1_Revalorise_FL,1400,#93
france-F74_AMX_M4_1949,1500,#93
france-F74_AMX_M4_1949_FL,1500,#93
france-F74_AMX_M4_1949_Liberte,1500,#93
france-F75_Char_de_25t,1600,#93
france-F81_Char_de_65t,1550,#93
france-F82_AMX_M4_Mle1949_Ter,2200,#93
france-F83_AMX_M4_Mle1949_Bis,1900,#93
france-F84_Somua_SM,1450,#93
france-F85_M4A1_FL10,720,#93
france-F87_Batignolles-Chatillon_12t,1000,#93
france-F88_AMX_13_105,1400,#93
france-F89_Canon_dassaut_de_105,1000,#93
france-F97_ELC_EVEN_90,900,#93
germany-Env_Artillery,300,#93
germany-G02_Hummel,300,#93
germany-G03_PzV_Panther,1300,#93
germany-G03_PzV_Panther_bootcamp,1200,#93
germany-G03_PzV_Panther_IGR,1300,#93
germany-G03_PzV_Panther_training,480,#93
germany-G04_PzVI_Tiger_I,1500,#93
germany-G04_PzVI_Tiger_I_IGR,1500,#93
germany-G04_PzVI_Tiger_IA,1700,#93
germany-G05_StuG_40_AusfG,350,#93
germany-G05_StuG_40_AusfG_IGR,350,#93
germany-G06_PzII,170,#93
germany-G06_PzII_bot,145,#93
germany-G07_Pz35t,180,#93
germany-G08_Pz38t,250,#93
germany-G08_Pz38t_bootcamp,200,#93
germany-G09_Hetzer,270,#93
germany-G10_PzIII_AusfJ,350,#93
germany-G10_PzIII_AusfJ_training,310,#93
germany-G100_Gtraktor_Krupp,320,#93
germany-G101_StuG_III,260,#93
germany-G102_Pz_III,240,#93
germany-G102_Pz_III_bootcamp,200,#93
germany-G103_RU_251,1400,#93
germany-G104_Stug_IV,360,#93
germany-G105_T-55_NVA_DDR,1750,#93
germany-G106_PzKpfwPanther_AusfF,1500,#93
germany-G107_PzKpfwIII_AusfK,600,#93
germany-G108_PzKpfwII_AusfD,210,#93
germany-G109_Steyr_WT,800,#93
germany-G11_Bison_I,130,#93
germany-G110_Typ_205,2300,#93
germany-G112_KanonenJagdPanzer,1200,#93
germany-G112_KanonenJagdPanzer_105,1050,#93
germany-G113_SP_I_C,880,#93
germany-G114_Rheinmetall_Skorpian,1150,#93
germany-G114_Skorpian,1150,#93
germany-G115_Typ_205_4_Jun,1700,#93
germany-G115_Typ_205B,1700,#93
germany-G116_Turan_III_prot,570,#93
germany-G117_Toldi_III,230,#93
germany-G117_Toldi_III_bootcamp,230,#93
germany-G118_VK4503,1400,#93
germany-G119_Panzer58,1350,#93
germany-G119_Panzer58_BF,1350,#93
germany-G119_Panzer58_FL,1350,#93
germany-G119_Pz58_Mutz,1350,#93
germany-G12_Ltraktor,130,#93
germany-G12_Ltraktor_bot,110,#93
germany-G120_M41_90,1100,#93
germany-G120_M41_90_GrandFinal,1100,#93
germany-G121_Grille_15_L63,1800,#93
germany-G122_VK6501H,700,#93
germany-G125_Spz_57_Rh,1600,#93
germany-G126_HWK_12,1100,#93
germany-G13_VK3001H,660,#93
germany-G134_PzKpfw_VII,2500,#93
germany-G136_Tiger_131,950,#93
germany-G137_PzVI_Tiger_217,950,#93
germany-G138_VK168_02,1700,#93
germany-G138_VK168_02_Mauerbrecher,1700,#93
germany-G139_MKA,200,#93
germany-G140_HWK_30,1150,#93
germany-G141_VK7501K,1600,#93
germany-G142_M48RPz,1450,#93
germany-G143_E75_TS,1500,#93
germany-G144_Kpz_50t,1750,#93
germany-G15_VK3601H,950,#93
germany-G16_PzVIB_Tiger_II,1600,#93
germany-G16_PzVIB_Tiger_II_F,1400,#93
germany-G16_PzVIB_Tiger_II_IGR,1600,#93
germany-G16_PzVIB_Tiger_II_training,800,#93
germany-G17_JagdPzIV,600,#93
germany-G18_JagdPanther,850,#93
germany-G19_Wespe,130,#93
germany-G20_Marder_II,165,#93
germany-G21_PanzerJager_I,120,#93
germany-G21_PanzerJager_I_bootcamp,120,#93
germany-G22_Sturmpanzer_II,190,#93
germany-G23_Grille,240,#93
germany-G24_VK3002DB,1250,#93
germany-G25_PzII_Luchs,340,#93
germany-G26_VK1602,380,#93
germany-G27_VK3001P,750,#93
germany-G28_PzIII_IV,480,#93
germany-G32_PzV_PzIV,520,#93
germany-G32_PzV_PzIV_ausf_Alfa,520,#93
germany-G32_PzV_PzIV_ausf_Alfa_CN,820,#93
germany-G32_PzV_PzIV_CN,820,#93
germany-G33_H39_captured,160,#93
germany-G34_S35_captured,260,#93
germany-G35_B-1bis_captured,400,#93
germany-G36_PzII_J,260,#93
germany-G37_Ferdinand,1500,#93
germany-G37_Ferdinand_IGR,1500,#93
germany-G39_Marder_III,270,#93
germany-G40_Nashorn,600,#93
germany-G41_DickerMax,550,#93
germany-G42_Maus,3000,#93
germany-G42_Maus_IGR,3200,#93
germany-G43_Sturer_Emil,850,#93
germany-G44_JagdTiger,2100,#93
germany-G44_JagdTigerH,1600,#93
germany-G45_G_Tiger,500,#93
germany-G46_T-25,610,#93
germany-G48_E-25,830,#93
germany-G48_E-25_IGR,830,#93
germany-G49_G_Panther,360,#93
germany-G50_T-15,260,#93
germany-G51_Lowe,1650,#93
germany-G51_Lowe_FL,1650,#93
germany-G52_Pz38_NA,340,#93
germany-G53_PzI,160,#93
germany-G54_E-50,1750,#93
germany-G55_E-75,1920,#93
germany-G56_E-100,2700,#93
germany-G57_PzVI_Tiger_P,1450,#93
germany-G58_VK4502P,1950,#93
germany-G58_VK4502P7,1500,#93
germany-G61_G_E,550,#93
germany-G63_PzI_ausf_C,230,#93
germany-G64_Panther_II,1500,#93
germany-G64_Panther_II_IGR,1500,#93
germany-G65_JagdTiger_SdKfz_185,1500,#93
germany-G65_JagdTiger_SdKfz_185_IGR,1300,#93
germany-G66_VK2801,610,#93
germany-G67_VK4502A,1570,#93
germany-G70_PzIV_Hydro,550,#93
germany-G71_JagdPantherII,1150,#93
germany-G72_JagdPz_E100,2200,#93
germany-G73_E50_Ausf_M,2050,#93
germany-G76_Pz_Sfl_IVc,350,#93
germany-G77_PzIV_Schmalturm,730,#93
germany-G78_Panther_M10,1300,#93
germany-G79_Pz_IV_AusfGH,420,#93
germany-G80_Pz_IV_AusfD,350,#93
germany-G80_Pz_IV_AusfD_bootcamp,310,#93
germany-G81_Pz_IV_AusfH,480,#93
germany-G82_Pz_II_AusfG,240,#93
germany-G83_Pz_IV_AusfA,270,#93
germany-G85_Auf_Panther,850,#93
germany-G85_Aufklarungspanzer_V,1100,#93
germany-G86_VK2001DB,350,#93
germany-G87_VK3002DB_V1,770,#93
germany-G88_Indien_Panzer,1300,#93
germany-G89_Leopard1,1850,#93
germany-G90_DW_II,440,#93
germany-G91_Pro_Ag_A,1700,#93
germany-G92_VK7201,2500,#93
germany-G93_GW_Mk_VIe,90,#93
germany-G94_GW_Tiger_P,440,#93
germany-G95_Pz_Sfl_IVb,200,#93
germany-G96_VK3002M,840,#93
germany-G97_Waffentrager_IV,1600,#93
germany-G98_Waffentrager_E100,2000,#93
germany-G98_Waffentrager_E100_P,2000,#93
germany-G99_RhB_Waffentrager,1100,#93
italy-It03_M15_42,260,#93
italy-It04_Fiat_3000,120,#93
italy-It05_Carro_L6_40,170,#93
italy-It06_M14_41,190,#93
italy-It07_P26_40,350,#93
italy-It08_Progetto_M40_mod_65,1900,#93
italy-It09_P43_ter,1100,#93
italy-It10_P43_bis,740,#93
italy-It11_P43,460,#93
italy-It12_Prototipo_Standard_B,1700,#93
italy-It13_Progetto_M35_mod_46,1400,#93
italy-It14_P44_Pantera,1400,#93
japan-J01_NC27,110,#93
japan-J01_NC27_bot,100,#93
japan-J02_Te_Ke,160,#93
japan-J03_Ha_Go,175,#93
japan-J04_Ke_Ni,240,#93
japan-J04_Ke_Ni_bootcamp,220,#93
japan-J05_Ke_Ni_B,260,#93
japan-J06_Ke_Ho,340,#93
japan-J07_Chi_Ha,240,#93
japan-J08_Chi_Nu,480,#93
japan-J09_Chi_He,350,#93
japan-J10_Chi_To,820,#93
japan-J11_Chi_Ri,1250,#93
japan-J11_Chi_Ri_IGR,1250,#93
japan-J12_Chi_Nu_Kai,480,#93
japan-J13_STA_1,1450,#93
japan-J13_STA_1_IGR,1450,#93
japan-J14_Type_61,1750,#93
japan-J15_Chi_Ni,190,#93
japan-J16_ST_B1,2000,#93
japan-J16_ST_B1_IGR,1950,#93
japan-J18_STA_2_3,1420,#93
japan-J19_Tiger_I_Jpn,950,#93
japan-J20_Type_2605,2900,#93
japan-J21_Type_91,250,#93
japan-J22_Type_95,440,#93
japan-J22_Type_95_bootcamp,440,#93
japan-J23_Mi_To,700,#93
japan-J24_Mi_To_130_tons,950,#93
japan-J25_Type_4,2050,#93
japan-J26_Type_89,200,#93
japan-J27_O_I_120,1700,#93
japan-J28_O_I_100,1550,#93
japan-J29_Nameless,1600,#93
japan-J30_Edelweiss,1400,#93
poland-Pl01_TKS_20mm,160,#93
poland-Pl03_PzV_Poland,840,#93
poland-Pl05_50TP_Tyszkiewicza,2000,#93
poland-Pl06_10TP,230,#93
poland-Pl07_14TP,360,#93
poland-Pl08_50TP_prototyp,1500,#93
poland-Pl09_7TP,190,#93
poland-Pl10_40TP_Habicha,750,#93
poland-Pl11_45TP_Habicha,1200,#93
poland-Pl12_25TP_KSUST_II,450,#93
poland-Pl13_53TP_Markowskiego,1450,#93
poland-Pl14_4TP,110,#93
poland-Pl15_60TP_Lewandowskiego,2600,#93
poland-Pl16_T34_85_Rudy,720,#93
sweden-S01_Strv_74_A2,700,#93
sweden-S02_Strv_M42,450,#93
sweden-S03_Strv_M38,170,#93
sweden-S04_Lago_I,350,#93
sweden-S05_Strv_M21_29,130,#93
sweden-S06_Ikv_90_Typ_B_Bofors,800,#93
sweden-S07_Strv_74,750,#93
sweden-S08_Ikv_65_Alt_2,580,#93
sweden-S09_L_120_TD,110,#93
sweden-S10_Strv_103_0_Series,1500,#93
sweden-S11_Strv_103B,1800,#93
sweden-S12_Strv_M40,230,#93
sweden-S13_Leo,1100,#93
sweden-S14_Ikv_103,350,#93
sweden-S15_L_60,180,#93
sweden-S16_Kranvagn,2000,#93
sweden-S17_EMIL_1952_E2,1700,#93
sweden-S18_EMIL_1951_E1,1400,#93
sweden-S19_Sav_M43,270,#93
sweden-S20_Ikv_72,150,#93
sweden-S21_UDES_03,1000,#93
sweden-S22_Strv_S1,1000,#93
sweden-S23_Strv_81,1450,#93
sweden-S23_Strv_81_sabaton,1450,#93
sweden-S25_EMIL_51,1400,#93
sweden-S26_Lansen_C,1350,#93
sweden-S27_UDES_16,1650,#93
sweden-S28_UDES_15_16,1950,#93
sweden-S29_UDES_14_5,1400,#93
uk-GB01_Medium_Mark_I,140,#93
uk-GB01_Medium_Mark_I_bot,130,#93
uk-GB03_Cruiser_Mk_I,170,#93
uk-GB04_Valentine,340,#93
uk-GB05_Vickers_Medium_Mk_II,190,#93
uk-GB05_Vickers_Medium_Mk_II_bot,170,#93
uk-GB06_Vickers_Medium_Mk_III,280,#93
uk-GB07_Matilda,370,#93
uk-GB08_Churchill_I,700,#93
uk-GB08_Churchill_I_IGR,700,#93
uk-GB09_Churchill_VII,960,#93
uk-GB10_Black_Prince,1450,#93
uk-GB100_Manticore,1400,#93
uk-GB101_FV1066_Senlac,1050,#93
uk-GB102_LHMTV,1050,#93
uk-GB103_GSOR3301_AVR_FS,1250,#93
uk-GB104_GSR_3301_Setter,860,#93
uk-GB105_Black_Prince_2019,900,#93
uk-GB11_Caernarvon,1600,#93
uk-GB11_Caernarvon_IGR,1600,#93
uk-GB12_Conqueror,1950,#93
uk-GB13_FV215b,2500,#93
uk-GB13_FV215b_IGR,2500,#93
uk-GB14_M2,165,#93
uk-GB15_Stuart_I,250,#93
uk-GB17_Grant_I,320,#93
uk-GB19_Sherman_Firefly,750,#93
uk-GB20_Crusader,450,#93
uk-GB21_Cromwell,750,#93
uk-GB21_Cromwell_IGR,750,#93
uk-GB22_Comet,1150,#93
uk-GB23_Centurion,1450,#93
uk-GB23_Centurion_IGR,1450,#93
uk-GB24_Centurion_Mk3,1720,#93
uk-GB25_Loyd_Gun_Carriage,80,#93
uk-GB26_Birch_Gun,190,#93
uk-GB27_Sexton,140,#93
uk-GB28_Bishop,350,#93
uk-GB29_Crusader_5inch,350,#93
uk-GB30_FV3805,450,#93
uk-GB31_Conqueror_Gun,530,#93
uk-GB32_Tortoise,2000,#93
uk-GB33_Sentinel_AC_I,370,#93
uk-GB35_Sentinel_AC_IV,750,#93
uk-GB39_Universal_CarrierQF2,120,#93
uk-GB40_Gun_Carrier_Churchill,650,#93
uk-GB41_Challenger,900,#93
uk-GB42_Valentine_AT,170,#93
uk-GB44_Archer,360,#93
uk-GB45_Achilles_IIC,640,#93
uk-GB48_FV215b_183,2000,#93
uk-GB50_Sherman_III,465,#93
uk-GB51_Excelsior,670,#93
uk-GB52_A45,1500,#93
uk-GB57_Alecto,270,#93
uk-GB58_Cruiser_Mk_III,150,#93
uk-GB59_Cruiser_Mk_IV,230,#93
uk-GB60_Covenanter,340,#93
uk-GB63_TOG_II,1400,#93
uk-GB68_Matilda_Black_Prince,610,#93
uk-GB69_Cruiser_Mk_II,240,#93
uk-GB70_FV4202_105,1950,#93
uk-GB70_N_FV4202_105,1400,#93
uk-GB70_N_FV4202_105_FL,1400,#93
uk-GB71_AT_15A,1050,#93
uk-GB72_AT15,1450,#93
uk-GB72_AT15_IGR,1450,#93
uk-GB73_AT2,450,#93
uk-GB74_AT8,800,#93
uk-GB75_AT7,1250,#93
uk-GB76_Mk_VIC,150,#93
uk-GB77_FV304,280,#93
uk-GB77_FV304_IGR,280,#93
uk-GB78_Sexton_I,140,#93
uk-GB79_FV206,430,#93
uk-GB80_Charioteer,1050,#93
uk-GB81_FV4004,1500,#93
uk-GB83_FV4005,1850,#93
uk-GB84_Chieftain_Mk6,2200,#93
uk-GB85_Cromwell_Berlin,750,#93
uk-GB86_Centurion_Action_X,1950,#93
uk-GB87_Chieftain_T95_turret,1400,#93
uk-GB88_T95_Chieftain_turret,2000,#93
uk-GB91_Super_Conqueror,2400,#93
uk-GB92_FV217,2100,#93
uk-GB93_Caernarvon_AX,1500,#93
uk-GB94_Centurion_Mk5-1_RAAC,1400,#93
uk-GB95_Ekins_Firefly_M4A4,750,#93
uk-GB96_Excalibur,750,#93
uk-GB97_Chimera,1400,#93
uk-GB98_T95_FV4201_Chieftain,2200,#93
uk-GB99_Turtle_Mk1,1400,#93
usa-A01_T1_Cunningham,115,#93
usa-A01_T1_Cunningham_bot,105,#93
usa-A02_M2_lt,160,#93
usa-A03_M3_Stuart,240,#93
usa-A03_M3_Stuart_bootcamp,220,#93
usa-A04_M3_Grant,310,#93
usa-A05_M4_Sherman,460,#93
usa-A05_M4_Sherman_IGR,460,#93
usa-A06_M4A3E8_Sherman,750,#93
usa-A06_M4A3E8_Sherman_training,830,#93
usa-A07_T20,1100,#93
usa-A08_T23,1310,#93
usa-A09_T1_hvy,660,#93
usa-A10_M6,870,#93
usa-A100_T49,1400,#93
usa-A101_M56,820,#93
usa-A102_T28_concept,880,#93
usa-A103_T71E1,840,#93
usa-A103_T71E1_IGR,840,#93
usa-A104_M4A3E8A,750,#93
usa-A106_M48A2_120,2000,#93
usa-A107_T1_HMC,80,#93
usa-A108_T18_HMC,110,#93
usa-A109_T56_GMC,160,#93
usa-A11_T29,1250,#93
usa-A11_T29_IGR,1250,#93
usa-A111_T25_Pilot,1450,#93
usa-A112_T71E2,840,#93
usa-A112_T71E2R,840,#93
usa-A115_Chrysler_K,1500,#93
usa-A115_Chrysler_K_GF,1500,#93
usa-A116_XM551,1600,#93
usa-A117_T26E5,1500,#93
usa-A117_T26E5_Patriot,1500,#93
usa-A118_M4_Thunderbolt,750,#93
usa-A12_T32,1550,#93
usa-A120_M48A5,2000,#93
usa-A120_M48A5_IGR,2000,#93
usa-A121_M26_Cologne,1200,#93
usa-A122_TS-5,1500,#93
usa-A123_T78,600,#93
usa-A124_T54E2,1500,#93
usa-A125_AEP_1,1800,#93
usa-A126_PzVI_Tiger_II_capt,1300,#93
usa-A127_TL_1_LPC,1400,#93
usa-A13_T34_hvy,1500,#93
usa-A13_T34_hvy_BF,1500,#93
usa-A13_T34_hvy_FL,1500,#93
usa-A13_T34_hvy_IGR,1500,#93
usa-A130_Super_Hellcat,800,#93
usa-A14_T30,1650,#93
usa-A15_T57,80,#93
usa-A16_M7_Priest,140,#93
usa-A17_M37,180,#93
usa-A18_M41,230,#93
usa-A19_T2_lt,150,#93
usa-A21_T14,690,#93
usa-A22_M5_Stuart,340,#93
usa-A22_M5_Stuart_bootcamp,320,#93
usa-A23_M7_med,350,#93
usa-A24_T2_med,170,#93
usa-A24_T2_med_bot,155,#93
usa-A25_M2_med,210,#93
usa-A25_M2_med_bootcamp,180,#93
usa-A26_T18,120,#93
usa-A27_T82,130,#93
usa-A29_T40,275,#93
usa-A30_M10_Wolverine,360,#93
usa-A31_M36_Slagger,590,#93
usa-A32_M12,350,#93
usa-A33_MTLS-1G14,230,#93
usa-A34_M24_Chaffee,360,#93
usa-A35_Pershing,1440,#93
usa-A35_Pershing_IGR,1440,#93
usa-A36_Sherman_Jumbo,760,#93
usa-A36_Sherman_Jumbo_bootcamp,730,#93
usa-A36_Sherman_Jumbo_IGR,760,#93
usa-A37_M40M43,400,#93
usa-A38_T92,500,#93
usa-A39_T28,1500,#93
usa-A40_T95,1800,#93
usa-A41_M18_Hellcat,570,#93
usa-A43_M22_Locust,250,#93
usa-A44_M4A2E4,480,#93
usa-A45_M6A2E1,1550,#93
usa-A46_T3,110,#93
usa-A57_M8A1,265,#93
usa-A58_T67,360,#93
usa-A58_T67_IGR,360,#93
usa-A62_Ram-II,610,#93
usa-A63_M46_Patton,1700,#93
usa-A63_M46_Patton_KR,1450,#93
usa-A64_T25_AT,840,#93
usa-A66_M103,1850,#93
usa-A67_T57_58,2250,#93
usa-A68_T28_Prototype,1150,#93
usa-A69_T110E5,2200,#93
usa-A71_T21,600,#93
usa-A72_T25_2,850,#93
usa-A74_T1_E6,160,#93
usa-A78_M4_Improved,480,#93
usa-A80_T26_E4_SuperPershing,1500,#93
usa-A80_T26_E4_SuperPershing_FL,1500,#93
usa-A81_T95_E2,1500,#93
usa-A83_T110E4,2000,#93
usa-A85_T110E3,2050,#93
usa-A86_T23E3,1050,#93
usa-A87_M44,280,#93
usa-A88_M53_55,450,#93
usa-A89_T54E1,1750,#93
usa-A90_T69,1350,#93
usa-A90_T69_IGR,1350,#93
usa-A92_M60,2000,#93
usa-A93_T7_Combat_Car,150,#93
usa-A94_T37,610,#93
usa-A95_T95_E6,2150,#93
usa-A97_M41_Bulldog,1000,#93
usa-A99_T92_LT,1000,#93
ussr-Observer,90,#93
ussr-R01_IS,1230,#93
ussr-R02_SU-85,350,#93
ussr-R03_BT-7,230,#93
ussr-R03_BT-7_bootcamp,210,#93
ussr-R04_T-34,450,#93
ussr-R05_KV,560,#93
ussr-R06_T-28,350,#93
ussr-R06_T-28_bootcamp,320,#93
ussr-R07_T-34-85,720,#93
ussr-R07_T-34-85_bootcamp,670,#93
ussr-R07_T-34-85_training,720,#93
ussr-R08_BT-2,160,#93
ussr-R08_BT-2_bootcamp,140,#93
ussr-R09_T-26,180,#93
ussr-R09_T-26_bot,150,#93
ussr-R10_AT-1,125,#93
ussr-R100_SU122A,210,#93
ussr-R101_MT25,590,#93
ussr-R104_Object_430_II,1600,#93
ussr-R105_BT_7A,220,#93
ussr-R106_KV85,870,#93
ussr-R106_KV85_IGR,870,#93
ussr-R107_LTB,1050,#93
ussr-R108_T34_85M,720,#93
ussr-R109_T54S,1300,#93
ussr-R11_MS-1,100,#93
ussr-R11_MS-1_bot,90,#93
ussr-R110_Object_260,2100,#93
ussr-R111_ISU130,1000,#93
ussr-R112_T54_45,1300,#93
ussr-R112_T54_45_FL,1300,#93
ussr-R113_Object_730,1550,#93
ussr-R114_Object_244,880,#93
ussr-R115_IS-3_auto,1550,#93
ussr-R115_IS-3_auto_test,1550,#93
ussr-R116_ISU122C_Berlin,870,#93
ussr-R117_T34_85_Rudy,720,#93
ussr-R118_T28_F30,380,#93
ussr-R119_Object_777,1850,#93
ussr-R119_Object_777C,2100,#93
ussr-R12_A-20,340,#93
ussr-R120_T22SR_A22,1900,#93
ussr-R121_KV4_KTT,1200,#93
ussr-R122_T44_100,1350,#93
ussr-R122_T44_100B,1350,#93
ussr-R123_Kirovets_1,1550,#93
ussr-R125_T_45,140,#93
ussr-R126_Object_730_5,1900,#93
ussr-R127_T44_100_K,1350,#93
ussr-R127_T44_100_P,1350,#93
ussr-R127_T44_100_U,1350,#93
ussr-R128_KV4_Kreslavskiy,1500,#93
ussr-R129_Object_257,2100,#93
ussr-R13_KV-1s,660,#93
ussr-R131_Tank_Gavalov,880,#93
ussr-R132_VNII_100LT,1500,#93
ussr-R133_KV_122,1200,#93
ussr-R134_Object_252K,1500,#93
ussr-R134_Object_252U,1500,#93
ussr-R135_T_103,1250,#93
ussr-R139_IS_M,1500,#93
ussr-R14_SU-5,160,#93
ussr-R140_M4_Loza,750,#93
ussr-R143_T_29,250,#93
ussr-R144_K_91,1950,#93
ussr-R145_Object_705_A,2450,#93
ussr-R146_STG,1350,#93
ussr-R146_STG_Tday,1350,#93
ussr-R148_Object_430_U,2000,#93
ussr-R149_Object_268_4,2000,#93
ussr-R15_S-51,350,#93
ussr-R151_Object_257_2,1900,#93
ussr-R152_KV2_W,860,#93
ussr-R153_Object_705,2000,#93
ussr-R154_T_34E_1943,500,#93
ussr-R155_Object_277,2200,#93
ussr-R156_IS_2M,1300,#93
ussr-R157_Object_279R,2400,#93
ussr-R158_LT_432,1100,#93
ussr-R159_SU_130PM,1100,#93
ussr-R16_SU-18,70,#93
ussr-R160_T_50_2,580,#93
ussr-R161_T_116,230,#93
ussr-R165_Object_703_II,1500,#93
ussr-R165_Object_703_II_2,1500,#93
ussr-R17_SU-100,580,#93
ussr-R18_SU-152,870,#93
ussr-R18_SU-152_IGR,870,#93
ussr-R19_IS-3,1500,#93
ussr-R19_IS-3_IGR,1500,#93
ussr-R20_T-44,1300,#93
ussr-R20_T-44_FL,1300,#93
ussr-R20_T-44_IGR,1300,#93
ussr-R22_T-46,250,#93
ussr-R22_T-46_bootcamp,220,#93
ussr-R23_T-43,1100,#93
ussr-R24_SU-76,155,#93
ussr-R25_GAZ-74b,260,#93
ussr-R26_SU-8,270,#93
ussr-R27_SU-14,410,#93
ussr-R31_Valentine_LL,380,#93
ussr-R31_Valentine_LL_IGR,380,#93
ussr-R32_Matilda_II_LL,610,#93
ussr-R33_Churchill_LL,700,#93
ussr-R34_BT-SV,240,#93
ussr-R38_KV-220,690,#93
ussr-R38_KV-220_beta,690,#93
ussr-R39_KV-3,1400,#93
ussr-R40_T-54,1650,#93
ussr-R41_T-50,360,#93
ussr-R42_T-60,170,#93
ussr-R43_T-70,230,#93
ussr-R43_T-70_bootcamp,210,#93
ussr-R44_T80,350,#93
ussr-R45_IS-7,2400,#93
ussr-R45_IS-7_fallout,2150,#93
ussr-R45_IS-7_IGR,2150,#93
ussr-R46_KV-13,1120,#93
ussr-R47_ISU-152,1200,#93
ussr-R47_ISU-152_IGR,1010,#93
ussr-R49_SU100Y,700,#93
ussr-R50_SU76I,160,#93
ussr-R50_SU76I_bootcamp,160,#93
ussr-R51_Object_212,460,#93
ussr-R52_Object_261,510,#93
ussr-R53_Object_704,1600,#93
ussr-R54_KV-5,1780,#93
ussr-R54_KV-5_IGR,1780,#93
ussr-R56_T-127,250,#93
ussr-R57_A43,730,#93
ussr-R58_SU-101,1100,#93
ussr-R59_A44,1100,#93
ussr-R60_Object416,1200,#93
ussr-R61_Object252,1550,#93
ussr-R61_Object252_BF,1550,#93
ussr-R61_Object252_FL,1550,#93
ussr-R63_ST_I,1900,#93
ussr-R66_SU-26,110,#93
ussr-R67_M3_LL,220,#93
ussr-R68_A-32,360,#93
ussr-R70_T_50_2,500,#93
ussr-R71_IS_2B,1280,#93
ussr-R72_T150,880,#93
ussr-R73_KV4,1700,#93
ussr-R74_SU100M1,850,#93
ussr-R75_SU122_54,1000,#93
ussr-R77_KV2,860,#93
ussr-R77_KV2_IGR,860,#93
ussr-R78_SU_85I,380,#93
ussr-R80_KV1,640,#93
ussr-R81_IS8,1800,#93
ussr-R84_Tetrarch_LL,140,#93
ussr-R86_LTP,230,#93
ussr-R86_LTP_bootcamp,146,#93
ussr-R87_T62A,1950,#93
ussr-R87_T62A_fallout,1950,#93
ussr-R88_Object268,1950,#93
ussr-R89_SU122_44,840,#93
ussr-R90_IS_4M,2500,#93
ussr-R91_SU14_1,350,#93
ussr-R93_Object263,1800,#93
ussr-R93_Object263B,1900,#93
ussr-R95_Object_907,2000,#93
ussr-R95_Object_907A,2000,#93
ussr-R96_Object_430,1800,#93
ussr-R96_Object_430B,2000,#93
ussr-R97_Object_140,1900,#93
ussr-R98_T44_85,1100,#93
ussr-R98_T44_85M,1100,#93
ussr-R99_T44_122,1100,#93
