WOT-DATA,2
{{EN}},"Full tank names, original – like in the game."
{{RU}},"Полные названия танков, оригинал – как в игре."
china-Ch01_Type59,Type 59,#93
china-Ch01_Type59_Gold,Type 59 G,#93
china-Ch02_Type62,Type 62,#93
china-Ch03_WZ_111_A,WZ-111 Alpentiger,#93
china-Ch03_WZ-111,WZ-111,#93
china-Ch04_T34_1,T-34-1,#93
china-Ch04_T34_1_training,T-34-1,#93
china-Ch05_T34_2,T-34-2,#93
china-Ch06_Renault_NC31,Renault NC-31,#93
china-Ch06_Renault_NC31_bot,Renault NC-31,#93
china-Ch07_Vickers_MkE_Type_BT26,Vickers Mk. E Type B,#93
china-Ch08_Type97_Chi_Ha,Type 2597 Chi-Ha,#93
china-Ch08_Type97_Chi_Ha_bootcamp,Type 2597 Chi-Ha,#93
china-Ch09_M5,M5A1 Stuart,#93
china-Ch10_IS2,IS-2,#93
china-Ch11_110,110,#93
china-Ch11_110_IGR,110,#93
china-Ch12_111_1_2_3,WZ-111 model 1-4,#93
china-Ch14_T34_3,T-34-3,#93
china-Ch15_59_16,59-16,#93
china-Ch16_WZ_131,WZ-131,#93
china-Ch17_WZ131_1_WZ132,WZ-132,#93
china-Ch17_WZ131_1_WZ132_IGR,WZ-132,#93
china-Ch18_WZ-120,WZ-120,#93
china-Ch19_121,121,#93
china-Ch19_121_IGR,121,#93
china-Ch20_Type58,Type 58,#93
china-Ch21_T34,Type T-34,#93
china-Ch22_113,113,#93
china-Ch22_113_Beijing_Opera,113 Pekingoper,#93
china-Ch22_113P,113,#93
china-Ch23_112,112,#93
china-Ch23_112_FL,112 FL,#93
china-Ch24_Type64,Type 64,#93
china-Ch25_121_mod_1971B,121B,#93
china-Ch26_59_Patton,59-Patton,#93
china-Ch28_WZ_132A,WZ-132A,#93
china-Ch29_Type_62C_prot,WZ-132-1,#93
china-Ch30_T-26G_FT,T-26G FT,#93
china-Ch31_M3G_FT,M3G FT,#93
china-Ch32_SU-76G_FT,SU-76G FT,#93
china-Ch33_60G_FT,60G FT,#93
china-Ch34_WZ131G_FT,WZ-131G FT,#93
china-Ch35_T-34-2G_FT,T-34-2G FT,#93
china-Ch36_WZ111_1G_FT,WZ-111-1G FT,#93
china-Ch37_WZ111G_FT,WZ-111G FT,#93
china-Ch38_WZ113G_FT,WZ-113G FT,#93
china-Ch39_WZ120_1G_FT,WZ-120-1G FT,#93
china-Ch40_WZ120G_FT,WZ-120G FT,#93
china-Ch41_WZ_111_5A,WZ-111 Modell 5A,#93
china-Ch41_WZ_111_QL,WZ-111 Qilin,#93
china-Ch42_WalkerBulldog_M41D,M41D,#93
czech-Cz01_Skoda_T40,Škoda T 40,#93
czech-Cz02_TVP_T50,Škoda T 50,#93
czech-Cz03_LT_vz35,LT vz. 35,#93
czech-Cz04_T50_51,TVP T 50/51,#93
czech-Cz05_T34_100,Konštrukta T-34/100,#93
czech-Cz06_Kolohousenka,Kolohousenka,#93
czech-Cz07_TVP_46,TVP VTU Koncept,#93
czech-Cz08_T_25,Škoda T 25,#93
czech-Cz09_T_24,Škoda T 24,#93
czech-Cz10_LT_vz38,LT vz. 38,#93
czech-Cz11_V_8_H,ST vz. 39,#93
czech-Cz13_T_27,Škoda T 27,#93
france-F01_RenaultFT,Renault FT,#93
france-F01_RenaultFT_bot,Renault FT,#93
france-F02_D1,D1,#93
france-F03_D2,D2,#93
france-F04_B1,B1,#93
france-F04_B1_bootcamp,B1,#93
france-F05_BDR_G1B,BDR G1 B,#93
france-F06_ARL_44,ARL 44,#93
france-F07_AMX_M4_1945,AMX M4 mle. 45,#93
france-F08_AMX_50_100,AMX 50 100,#93
france-F08_AMX_50_100_IGR,AMX 50 100,#93
france-F09_AMX_50_120,AMX 50 120,#93
france-F10_AMX_50B,AMX 50 B,#93
france-F10_AMX_50B_fallout,(R) AMX 50 B,#93
france-F100_Panhard_EBR_90,Panhard EBR 90,#93
france-F106_Panhard_EBR_75_Mle1954,Panhard EBR 75 (FL 10),#93
france-F107_Hotchkiss_EBR,Hotchkiss EBR,#93
france-F108_Panhard_EBR_105,Panhard EBR 105,#93
france-F109_AMD_Panhard_178B,Panhard AMD 178B,#93
france-F11_Renault_G1R,Renault G1,#93
france-F110_Lynx_6x6,Panhard AML Lynx 6x6,#93
france-F111_AM39_Gendron_Somua,AM 39 Gendron-Somua,#93
france-F112_M10_RBFM,M10 RBFM,#93
france-F113_Bretagne_Panther,Bretagne Panther,#93
france-F12_Hotchkiss_H35,Hotchkiss H35,#93
france-F13_AMX38,AMX 38,#93
france-F14_AMX40,AMX 40,#93
france-F15_AMX_12t,AMX 12 t,#93
france-F16_AMX_13_75,AMX 13 75,#93
france-F17_AMX_13_90,AMX 13 90,#93
france-F17_AMX_13_90_IGR,AMX 13 90,#93
france-F18_Bat_Chatillon25t,Bat.-Châtillon 25 t,#93
france-F18_Bat_Chatillon25t_IGR,Bat.-Châtillon 25 t,#93
france-F19_Lorraine40t,Lorraine 40 t,#93
france-F20_RenaultBS,Renault FT 75 BS,#93
france-F21_Lorraine39_L_AM,Lorraine 39L AM,#93
france-F22_AMX_105AM,AMX 13 105 AM mle. 50,#93
france-F23_AMX_13F3AM,AMX 13 F3 AM,#93
france-F24_Lorraine155_50,Lorraine 155 mle. 50,#93
france-F25_Lorraine155_51,Lorraine 155 mle. 51,#93
france-F27_FCM_36Pak40,FCM 36 Pak 40,#93
france-F28_105_leFH18B2,105 leFH18B2,#93
france-F28_105_leFH18B2_IGR,105 leFH18B2,#93
france-F30_RenaultFT_AC,Renault FT AC,#93
france-F32_Somua_Sau_40,Somua SAu 40,#93
france-F33_S_35CA,S35 CA,#93
france-F33_S_35CA_IGR,S35 CA,#93
france-F34_ARL_V39,ARL V39,#93
france-F35_AMX_AC_Mle1946,AMX AC mle. 46,#93
france-F36_AMX_AC_Mle1948,AMX AC mle. 48,#93
france-F36_AMX_AC_Mle1948_IGR,AMX AC mle. 48,#93
france-F37_AMX50_Foch,AMX 50 Foch,#93
france-F38_Bat_Chatillon155_58,Bat.-Châtillon 155 58,#93
france-F44_Somua_S35,Somua S35,#93
france-F49_RenaultR35,Renault R35,#93
france-F50_FCM36_20t,FCM 36,#93
france-F52_RenaultUE57,Renault UE 57,#93
france-F62_ELC_AMX,AMX ELC bis,#93
france-F62_ELC_AMX_IGR,ELC AMX,#93
france-F64_AMX_50Fosh_155,AMX 50 Foch (155),#93
france-F64_AMX_50Fosh_B,AMX 50 Foch B,#93
france-F65_FCM_50t,FCM 50 t,#93
france-F66_AMX_Ob_Am105,AMX 105 AM mle. 47,#93
france-F67_Bat_Chatillon155_55,Bat.-Châtillon 155 55,#93
france-F68_AMX_Chasseur_de_char_46,AMX Chasseur de chars,#93
france-F69_AMX13_57_100,AMX 13 57,#93
france-F69_AMX13_57_100_GrandFinal,AMX 13 57 GF,#93
france-F70_SARL42,SARL 42,#93
france-F71_AMX_30_prototype,AMX 30 1er prototype,#93
france-F72_AMX_30,AMX 30 B,#93
france-F73_M4A1_Revalorise,M4A1 Revalorisé,#93
france-F73_M4A1_Revalorise_FL,M4A1 Revalorisé FL,#93
france-F74_AMX_M4_1949,AMX M4 mle. 49,#93
france-F74_AMX_M4_1949_FL,AMX M4 mle. 49 FL,#93
france-F74_AMX_M4_1949_Liberte,AMX M4 mle. 49 Liberté,#93
france-F75_Char_de_25t,Bat.-Châtillon 25 t AP,#93
france-F81_Char_de_65t,AMX 65 t,#93
france-F82_AMX_M4_Mle1949_Ter,AMX M4 mle. 54,#93
france-F83_AMX_M4_Mle1949_Bis,AMX M4 mle. 51,#93
france-F84_Somua_SM,Somua SM,#93
france-F85_M4A1_FL10,M4A1 FL 10,#93
france-F87_Batignolles-Chatillon_12t,Bat.-Châtillon 12 t,#93
france-F88_AMX_13_105,AMX 13 105,#93
france-F89_Canon_dassaut_de_105,AMX Canon d'assaut 105,#93
france-F97_ELC_EVEN_90,ELC EVEN 90,#93
germany-Env_Artillery,#germany_vehicles:Env_Artillery,#93
germany-G02_Hummel,Hummel,#93
germany-G03_PzV_Panther,Panther,#93
germany-G03_PzV_Panther_bootcamp,Panther,#93
germany-G03_PzV_Panther_IGR,Panther,#93
germany-G03_PzV_Panther_training,Panther,#93
germany-G04_PzVI_Tiger_I,Tiger I,#93
germany-G04_PzVI_Tiger_I_IGR,Tiger I,#93
germany-G04_PzVI_Tiger_IA,Tiger I L/56,#93
germany-G05_StuG_40_AusfG,StuG III Ausf. G,#93
germany-G05_StuG_40_AusfG_IGR,StuG III Ausf. G,#93
germany-G06_PzII,Pz.Kpfw. II,#93
germany-G06_PzII_bot,Pz.Kpfw. II,#93
germany-G07_Pz35t,Pz.Kpfw. 35 (t),#93
germany-G08_Pz38t,Pz.Kpfw. 38 (t),#93
germany-G08_Pz38t_bootcamp,Pz.Kpfw. 38 (t),#93
germany-G09_Hetzer,Jagdpanzer 38(t) Hetzer,#93
germany-G10_PzIII_AusfJ,Pz.Kpfw. III Ausf. J,#93
germany-G10_PzIII_AusfJ_training,Pz.Kpfw. III Ausf. J,#93
germany-G100_Gtraktor_Krupp,Großtraktor - Krupp,#93
germany-G101_StuG_III,StuG III Ausf. B,#93
germany-G102_Pz_III,Pz.Kpfw. III Ausf. E,#93
germany-G102_Pz_III_bootcamp,Pz.Kpfw. III Ausf. E,#93
germany-G103_RU_251,Spähpanzer Ru 251,#93
germany-G104_Stug_IV,StuG IV,#93
germany-G105_T-55_NVA_DDR,T 55A,#93
germany-G106_PzKpfwPanther_AusfF,"Panther mit 8,8 cm L/71",#93
germany-G107_PzKpfwIII_AusfK,Pz.Kpfw. III Ausf. K,#93
germany-G108_PzKpfwII_AusfD,Pz.Kpfw. II Ausf. D,#93
germany-G109_Steyr_WT,Krupp-Steyr Waffenträger,#93
germany-G11_Bison_I,Sturmpanzer I Bison,#93
germany-G110_Typ_205,Mäuschen,#93
germany-G112_KanonenJagdPanzer,Kanonenjagdpanzer,#93
germany-G112_KanonenJagdPanzer_105,Kanonenjagdpanzer 105,#93
germany-G113_SP_I_C,Spähpanzer SP I C,#93
germany-G114_Rheinmetall_Skorpian,Rheinmetall Skorpion G,#93
germany-G114_Skorpian,Rheinmetall Skorpion,#93
germany-G115_Typ_205_4_Jun,VK 100.01 (P) Ausf. B,#93
germany-G115_Typ_205B,VK 100.01 (P),#93
germany-G116_Turan_III_prot,Turán III prototípus,#93
germany-G117_Toldi_III,43 M. Toldi III,#93
germany-G117_Toldi_III_bootcamp,43 M. Toldi III,#93
germany-G118_VK4503,VK 45.03,#93
germany-G119_Panzer58,Panzer 58,#93
germany-G119_Panzer58_BF,Schwarzpanzer 58,#93
germany-G119_Panzer58_FL,Panzer 58 FL,#93
germany-G119_Pz58_Mutz,Panzer 58 Mutz,#93
germany-G12_Ltraktor,Leichttraktor,#93
germany-G12_Ltraktor_bot,Leichttraktor,#93
germany-G120_M41_90,leKpz M 41 90 mm,#93
germany-G120_M41_90_GrandFinal,leKpz M 41 90 mm GF,#93
germany-G121_Grille_15_L63,Grille 15,#93
germany-G122_VK6501H,VK 65.01 (H),#93
germany-G125_Spz_57_Rh,Rheinmetall Panzerwagen,#93
germany-G126_HWK_12,HWK 12,#93
germany-G13_VK3001H,VK 30.01 (H),#93
germany-G134_PzKpfw_VII,Pz.Kpfw. VII,#93
germany-G136_Tiger_131,Tiger 131,#93
germany-G137_PzVI_Tiger_217,Tiger 217,#93
germany-G138_VK168_02,VK 168.01 (P),#93
germany-G138_VK168_02_Mauerbrecher,VK 168.01 Mauerbrecher,#93
germany-G139_MKA,MKA,#93
germany-G140_HWK_30,HWK 30,#93
germany-G141_VK7501K,VK 75.01 (K),#93
germany-G142_M48RPz,M48A2 Räumpanzer,#93
germany-G143_E75_TS,E 75 TS,#93
germany-G144_Kpz_50t,Kampfpanzer 50 t,#93
germany-G15_VK3601H,VK 36.01 (H),#93
germany-G16_PzVIB_Tiger_II,Tiger II,#93
germany-G16_PzVIB_Tiger_II_F,Tiger II (H),#93
germany-G16_PzVIB_Tiger_II_IGR,Tiger II,#93
germany-G16_PzVIB_Tiger_II_training,Tiger II,#93
germany-G17_JagdPzIV,Jagdpanzer IV,#93
germany-G18_JagdPanther,Jagdpanther,#93
germany-G19_Wespe,Wespe,#93
germany-G20_Marder_II,Marder II,#93
germany-G21_PanzerJager_I,Panzerjäger I,#93
germany-G21_PanzerJager_I_bootcamp,Panzerjäger I,#93
germany-G22_Sturmpanzer_II,Sturmpanzer II,#93
germany-G23_Grille,Grille,#93
germany-G24_VK3002DB,VK 30.02 (D),#93
germany-G25_PzII_Luchs,Pz.Kpfw. II Luchs,#93
germany-G26_VK1602,VK 16.02 Leopard,#93
germany-G27_VK3001P,VK 30.01 (P),#93
germany-G28_PzIII_IV,Pz.Kpfw. III/IV,#93
germany-G32_PzV_PzIV,Pz.Kpfw. V/IV,#93
germany-G32_PzV_PzIV_ausf_Alfa,Pz.Kpfw. V/IV Alpha,#93
germany-G32_PzV_PzIV_ausf_Alfa_CN,Pz. V Berge-Panther Alpha,#93
germany-G32_PzV_PzIV_CN,Pz.Kpfw. V Berge-Panther,#93
germany-G33_H39_captured,Pz.Kpfw. 38H 735 (f),#93
germany-G34_S35_captured,Pz.Kpfw. S35 739 (f),#93
germany-G35_B-1bis_captured,Pz.Kpfw. B2 740 (f),#93
germany-G36_PzII_J,Pz.Kpfw. II Ausf. J,#93
germany-G37_Ferdinand,Ferdinand,#93
germany-G37_Ferdinand_IGR,Ferdinand,#93
germany-G39_Marder_III,Marder 38T,#93
germany-G40_Nashorn,Nashorn,#93
germany-G41_DickerMax,Dicker Max,#93
germany-G42_Maus,Maus,#93
germany-G42_Maus_IGR,Maus,#93
germany-G43_Sturer_Emil,Sturer Emil,#93
germany-G44_JagdTiger,Jagdtiger,#93
germany-G44_JagdTigerH,Jagdtiger (H),#93
germany-G45_G_Tiger,G.W. Tiger,#93
germany-G46_T-25,Pz.Kpfw. T 25,#93
germany-G48_E-25,E 25,#93
germany-G48_E-25_IGR,E 25,#93
germany-G49_G_Panther,G.W. Panther,#93
germany-G50_T-15,Pz.Kpfw. T 15,#93
germany-G51_Lowe,Löwe,#93
germany-G51_Lowe_FL,Löwe FL,#93
germany-G52_Pz38_NA,Pz.Kpfw. 38 (t) n.A.,#93
germany-G53_PzI,Pz.Kpfw. I,#93
germany-G54_E-50,E 50,#93
germany-G55_E-75,E 75,#93
germany-G56_E-100,E 100,#93
germany-G57_PzVI_Tiger_P,Tiger (P),#93
germany-G58_VK4502P,VK 45.02 (P) Ausf. B,#93
germany-G58_VK4502P7,VK 45.02 (P) Ausf. B7,#93
germany-G61_G_E,G.W. E 100,#93
germany-G63_PzI_ausf_C,Pz.Kpfw. I Ausf. C,#93
germany-G64_Panther_II,Panther II,#93
germany-G64_Panther_II_IGR,Panther II,#93
germany-G65_JagdTiger_SdKfz_185,"8,8 cm Pak 43 Jagdtiger",#93
germany-G65_JagdTiger_SdKfz_185_IGR,"8,8 cm Pak 43 Jagdtiger",#93
germany-G66_VK2801,VK 28.01,#93
germany-G67_VK4502A,VK 45.02 (P) Ausf. A,#93
germany-G70_PzIV_Hydro,Pz.Kpfw. IV hydrostat.,#93
germany-G71_JagdPantherII,Jagdpanther II,#93
germany-G72_JagdPz_E100,Jagdpanzer E 100,#93
germany-G73_E50_Ausf_M,E 50 Ausf. M,#93
germany-G76_Pz_Sfl_IVc,Pz.Sfl. IVc,#93
germany-G77_PzIV_Schmalturm,Pz.Kpfw. IV Schmalturm,#93
germany-G78_Panther_M10,Panther/M10,#93
germany-G79_Pz_IV_AusfGH,Pz.Kpfw. IV,#93
germany-G80_Pz_IV_AusfD,Pz.Kpfw. IV Ausf. D,#93
germany-G80_Pz_IV_AusfD_bootcamp,Pz.Kpfw. IV Ausf. D,#93
germany-G81_Pz_IV_AusfH,Pz.Kpfw. IV Ausf. H,#93
germany-G82_Pz_II_AusfG,Pz.Kpfw. II Ausf. G,#93
germany-G83_Pz_IV_AusfA,Pz.Kpfw. IV Ausf. A,#93
germany-G85_Auf_Panther,Aufklärungspanzer Panther,#93
germany-G85_Aufklarungspanzer_V,Aufklärungspanzer V,#93
germany-G86_VK2001DB,VK 20.01 (D),#93
germany-G87_VK3002DB_V1,VK 30.01 (D),#93
germany-G88_Indien_Panzer,Indien-Panzer,#93
germany-G89_Leopard1,Leopard 1,#93
germany-G90_DW_II,Durchbruchswagen 2,#93
germany-G91_Pro_Ag_A,Leopard Prototyp A,#93
germany-G92_VK7201,VK 72.01 (K),#93
germany-G93_GW_Mk_VIe,G.Pz. Mk. VI (e),#93
germany-G94_GW_Tiger_P,G.W. Tiger (P),#93
germany-G95_Pz_Sfl_IVb,Pz.Sfl. IVb,#93
germany-G96_VK3002M,VK 30.02 (M),#93
germany-G97_Waffentrager_IV,Waffenträger auf Pz. IV,#93
germany-G98_Waffentrager_E100,Waffenträger auf E 100,#93
germany-G98_Waffentrager_E100_P,Waffenträger auf E-100 (P),#93
germany-G99_RhB_Waffentrager,Rhm.-Borsig Waffenträger,#93
italy-It03_M15_42,M15/42,#93
italy-It04_Fiat_3000,Fiat 3000,#93
italy-It05_Carro_L6_40,L6/40,#93
italy-It06_M14_41,M14/41,#93
italy-It07_P26_40,P26/40,#93
italy-It08_Progetto_M40_mod_65,Progetto M40 mod. 65,#93
italy-It09_P43_ter,P.43 ter,#93
italy-It10_P43_bis,P.43 bis,#93
italy-It11_P43,P.43,#93
italy-It12_Prototipo_Standard_B,Prototipo Standard B,#93
italy-It13_Progetto_M35_mod_46,Progetto M35 mod. 46,#93
italy-It14_P44_Pantera,P.44 Pantera,#93
japan-J01_NC27,Renault Otsu,#93
japan-J01_NC27_bot,Renault Otsu,#93
japan-J02_Te_Ke,Type 97 Te-Ke,#93
japan-J03_Ha_Go,Type 95 Ha-Go,#93
japan-J04_Ke_Ni,Type 98 Ke-Ni,#93
japan-J04_Ke_Ni_bootcamp,Type 98 Ke-Ni,#93
japan-J05_Ke_Ni_B,Type 98 Ke-Ni Otsu,#93
japan-J06_Ke_Ho,Type 5 Ke-Ho,#93
japan-J07_Chi_Ha,Type 97 Chi-Ha,#93
japan-J08_Chi_Nu,Type 3 Chi-Nu,#93
japan-J09_Chi_He,Type 1 Chi-He,#93
japan-J10_Chi_To,Type 4 Chi-To,#93
japan-J11_Chi_Ri,Type 5 Chi-Ri,#93
japan-J11_Chi_Ri_IGR,Type 5 Chi-Ri,#93
japan-J12_Chi_Nu_Kai,Type 3 Chi-Nu Kai,#93
japan-J13_STA_1,STA-1,#93
japan-J13_STA_1_IGR,STA-1,#93
japan-J14_Type_61,Type 61,#93
japan-J15_Chi_Ni,Chi-Ni,#93
japan-J16_ST_B1,STB-1,#93
japan-J16_ST_B1_IGR,STB-1,#93
japan-J18_STA_2_3,STA-2,#93
japan-J19_Tiger_I_Jpn,Schwerer Panzer Nr. VI,#93
japan-J20_Type_2605,Type 5 Schwer,#93
japan-J21_Type_91,Type 91 Schwer,#93
japan-J22_Type_95,Type 95 Schwer,#93
japan-J22_Type_95_bootcamp,Type 95 Schwer,#93
japan-J23_Mi_To,O-I Experimentell,#93
japan-J24_Mi_To_130_tons,O-I,#93
japan-J25_Type_4,Type 4 Schwer,#93
japan-J26_Type_89,Type 89 I-Go/Chi-Ro,#93
japan-J27_O_I_120,O-Ho,#93
japan-J28_O_I_100,O-Ni,#93
japan-J29_Nameless,Nameless,#93
japan-J30_Edelweiss,Edelweiss,#93
poland-Pl01_TKS_20mm,TKS z n.k.m. 20 mm,#93
poland-Pl03_PzV_Poland,Pudel,#93
poland-Pl05_50TP_Tyszkiewicza,50TP Tyszkiewicza,#93
poland-Pl06_10TP,10TP,#93
poland-Pl07_14TP,14TP,#93
poland-Pl08_50TP_prototyp,50TP prototyp,#93
poland-Pl09_7TP,7TP,#93
poland-Pl10_40TP_Habicha,40TP Habicha,#93
poland-Pl11_45TP_Habicha,45TP Habicha,#93
poland-Pl12_25TP_KSUST_II,25TP KSUST II,#93
poland-Pl13_53TP_Markowskiego,53TP Markowskiego,#93
poland-Pl14_4TP,4TP,#93
poland-Pl15_60TP_Lewandowskiego,60TP Lewandowskiego,#93
poland-Pl16_T34_85_Rudy,T-34-85 Rudy,#93
sweden-S01_Strv_74_A2,Strv m/42-57 Alt A.2,#93
sweden-S02_Strv_M42,Strv m/42,#93
sweden-S03_Strv_M38,Strv m/38,#93
sweden-S04_Lago_I,Lago,#93
sweden-S05_Strv_M21_29,Strv fm/21,#93
sweden-S06_Ikv_90_Typ_B_Bofors,Ikv 90 Typ B,#93
sweden-S07_Strv_74,Strv 74,#93
sweden-S08_Ikv_65_Alt_2,Ikv 65 Alt II,#93
sweden-S09_L_120_TD,Pvlvv fm/42,#93
sweden-S10_Strv_103_0_Series,Strv 103-0,#93
sweden-S11_Strv_103B,Strv 103B,#93
sweden-S12_Strv_M40,Strv m/40L,#93
sweden-S13_Leo,Leo,#93
sweden-S14_Ikv_103,Ikv 103,#93
sweden-S15_L_60,L-60,#93
sweden-S16_Kranvagn,Kranvagn,#93
sweden-S17_EMIL_1952_E2,Emil II,#93
sweden-S18_EMIL_1951_E1,Emil I,#93
sweden-S19_Sav_M43,Sav m/43,#93
sweden-S20_Ikv_72,Ikv 72,#93
sweden-S21_UDES_03,UDES 03,#93
sweden-S22_Strv_S1,Strv S1,#93
sweden-S23_Strv_81,Strv 81,#93
sweden-S23_Strv_81_sabaton,Primo Victoria,#93
sweden-S25_EMIL_51,EMIL 1951,#93
sweden-S26_Lansen_C,Lansen C,#93
sweden-S27_UDES_16,UDES 16,#93
sweden-S28_UDES_15_16,UDES 15/16,#93
sweden-S29_UDES_14_5,UDES 14 Alt 5,#93
uk-GB01_Medium_Mark_I,Vickers Medium Mk. I,#93
uk-GB01_Medium_Mark_I_bot,Vickers Medium Mk. I,#93
uk-GB03_Cruiser_Mk_I,Cruiser Mk. I,#93
uk-GB04_Valentine,Valentine,#93
uk-GB05_Vickers_Medium_Mk_II,Vickers Medium Mk. II,#93
uk-GB05_Vickers_Medium_Mk_II_bot,Vickers Medium Mk. II,#93
uk-GB06_Vickers_Medium_Mk_III,Vickers Medium Mk. III,#93
uk-GB07_Matilda,Matilda,#93
uk-GB08_Churchill_I,Churchill I,#93
uk-GB08_Churchill_I_IGR,Churchill I,#93
uk-GB09_Churchill_VII,Churchill VII,#93
uk-GB10_Black_Prince,Black Prince,#93
uk-GB100_Manticore,Manticore,#93
uk-GB101_FV1066_Senlac,FV1066 Senlac,#93
uk-GB102_LHMTV,LHMTV,#93
uk-GB103_GSOR3301_AVR_FS,GSOR3301 AVR FS,#93
uk-GB104_GSR_3301_Setter,GSR 3301 Setter,#93
uk-GB105_Black_Prince_2019,A43 BP prototype,#93
uk-GB11_Caernarvon,Caernarvon,#93
uk-GB11_Caernarvon_IGR,Caernarvon,#93
uk-GB12_Conqueror,Conqueror,#93
uk-GB13_FV215b,FV215b,#93
uk-GB13_FV215b_IGR,FV215b,#93
uk-GB14_M2,M2,#93
uk-GB15_Stuart_I,Stuart I-IV,#93
uk-GB17_Grant_I,Grant,#93
uk-GB19_Sherman_Firefly,Sherman Firefly,#93
uk-GB20_Crusader,Crusader,#93
uk-GB21_Cromwell,Cromwell,#93
uk-GB21_Cromwell_IGR,Cromwell,#93
uk-GB22_Comet,Comet,#93
uk-GB23_Centurion,Centurion Mk. I,#93
uk-GB23_Centurion_IGR,Centurion Mk. I,#93
uk-GB24_Centurion_Mk3,Centurion Mk. 7/1,#93
uk-GB25_Loyd_Gun_Carriage,Loyd Gun Carriage,#93
uk-GB26_Birch_Gun,Birch Gun,#93
uk-GB27_Sexton,Sexton II,#93
uk-GB28_Bishop,Bishop,#93
uk-GB29_Crusader_5inch,Crusader 5.5-in. SP,#93
uk-GB30_FV3805,FV3805,#93
uk-GB31_Conqueror_Gun,Conqueror Gun Carriage,#93
uk-GB32_Tortoise,Tortoise,#93
uk-GB33_Sentinel_AC_I,AC 1 Sentinel,#93
uk-GB35_Sentinel_AC_IV,AC 4 Experimental,#93
uk-GB39_Universal_CarrierQF2,Universal Carrier 2-pdr,#93
uk-GB40_Gun_Carrier_Churchill,Churchill Gun Carrier,#93
uk-GB41_Challenger,Challenger,#93
uk-GB42_Valentine_AT,Valentine AT,#93
uk-GB44_Archer,Archer,#93
uk-GB45_Achilles_IIC,Achilles,#93
uk-GB48_FV215b_183,FV215b (183),#93
uk-GB50_Sherman_III,Sherman III,#93
uk-GB51_Excelsior,Excelsior,#93
uk-GB52_A45,FV201 (A45),#93
uk-GB57_Alecto,Alecto,#93
uk-GB58_Cruiser_Mk_III,Cruiser Mk. III,#93
uk-GB59_Cruiser_Mk_IV,Cruiser Mk. IV,#93
uk-GB60_Covenanter,Covenanter,#93
uk-GB63_TOG_II,TOG II*,#93
uk-GB68_Matilda_Black_Prince,Matilda Black Prince,#93
uk-GB69_Cruiser_Mk_II,Cruiser Mk. II,#93
uk-GB70_FV4202_105,FV4202,#93
uk-GB70_N_FV4202_105,FV4202,#93
uk-GB70_N_FV4202_105_FL,FV4202 FL,#93
uk-GB71_AT_15A,AT 15A,#93
uk-GB72_AT15,AT 15,#93
uk-GB72_AT15_IGR,AT 15,#93
uk-GB73_AT2,AT 2,#93
uk-GB74_AT8,AT 8,#93
uk-GB75_AT7,AT 7,#93
uk-GB76_Mk_VIC,Light Mk. VIC,#93
uk-GB77_FV304,FV304,#93
uk-GB77_FV304_IGR,FV304,#93
uk-GB78_Sexton_I,Sexton I,#93
uk-GB79_FV206,FV207,#93
uk-GB80_Charioteer,Charioteer,#93
uk-GB81_FV4004,FV4004 Conway,#93
uk-GB83_FV4005,FV4005 Stage II,#93
uk-GB84_Chieftain_Mk6,Chieftain Mk. 6,#93
uk-GB85_Cromwell_Berlin,Cromwell B,#93
uk-GB86_Centurion_Action_X,Centurion Action X,#93
uk-GB87_Chieftain_T95_turret,Chieftain/T95,#93
uk-GB88_T95_Chieftain_turret,T95/Chieftain,#93
uk-GB91_Super_Conqueror,Super Conqueror,#93
uk-GB92_FV217,FV217 Badger,#93
uk-GB93_Caernarvon_AX,Caernarvon Action X,#93
uk-GB94_Centurion_Mk5-1_RAAC,Centurion Mk. 5/1 RAAC,#93
uk-GB95_Ekins_Firefly_M4A4,Sherman VC Firefly,#93
uk-GB96_Excalibur,Excalibur,#93
uk-GB97_Chimera,Chimera,#93
uk-GB98_T95_FV4201_Chieftain,T95/FV4201 Chieftain,#93
uk-GB99_Turtle_Mk1,Turtle Mk. I,#93
usa-A01_T1_Cunningham,T1 Cunningham,#93
usa-A01_T1_Cunningham_bot,T1 Cunningham,#93
usa-A02_M2_lt,M2 Light Tank,#93
usa-A03_M3_Stuart,M3 Stuart,#93
usa-A03_M3_Stuart_bootcamp,M3 Stuart,#93
usa-A04_M3_Grant,M3 Lee,#93
usa-A05_M4_Sherman,M4A1 Sherman,#93
usa-A05_M4_Sherman_IGR,M4A1 Sherman,#93
usa-A06_M4A3E8_Sherman,M4A3E8 Sherman,#93
usa-A06_M4A3E8_Sherman_training,M4A3E8 Sherman,#93
usa-A07_T20,T20,#93
usa-A08_T23,T23,#93
usa-A09_T1_hvy,T1 Heavy Tank,#93
usa-A10_M6,M6,#93
usa-A100_T49,T49,#93
usa-A101_M56,M56 Scorpion,#93
usa-A102_T28_concept,T28 Concept,#93
usa-A103_T71E1,T71 DA,#93
usa-A103_T71E1_IGR,T71,#93
usa-A104_M4A3E8A,M4A3E8 Fury,#93
usa-A106_M48A2_120,M48A2/T54E2/T123E6,#93
usa-A107_T1_HMC,T1 HMC,#93
usa-A108_T18_HMC,T18 HMC,#93
usa-A109_T56_GMC,T56 GMC,#93
usa-A11_T29,T29,#93
usa-A11_T29_IGR,T29,#93
usa-A111_T25_Pilot,T25 Pilot Number 1,#93
usa-A112_T71E2,T71 CMCD P,#93
usa-A112_T71E2R,T71 CMCD,#93
usa-A115_Chrysler_K,Chrysler K,#93
usa-A115_Chrysler_K_GF,Chrysler K GF,#93
usa-A116_XM551,XM551 Sheridan,#93
usa-A117_T26E5,T26E5,#93
usa-A117_T26E5_Patriot,T26E5 Patriot,#93
usa-A118_M4_Thunderbolt,M4A3E8 Thunderbolt VII,#93
usa-A12_T32,T32,#93
usa-A120_M48A5,M48A5 Patton,#93
usa-A120_M48A5_IGR,M48A5 Patton,#93
usa-A121_M26_Cologne,T26E3 Eagle 7,#93
usa-A122_TS-5,TS-5,#93
usa-A123_T78,T78,#93
usa-A124_T54E2,M54 Renegade,#93
usa-A125_AEP_1,AE Phase I,#93
usa-A126_PzVI_Tiger_II_capt,King Tiger (Captured),#93
usa-A127_TL_1_LPC,TL-1 LPC,#93
usa-A13_T34_hvy,T34,#93
usa-A13_T34_hvy_BF,T34 B,#93
usa-A13_T34_hvy_FL,T34 FL,#93
usa-A13_T34_hvy_IGR,T34,#93
usa-A130_Super_Hellcat,Super Hellcat,#93
usa-A14_T30,T30,#93
usa-A15_T57,T57,#93
usa-A16_M7_Priest,M7 Priest,#93
usa-A17_M37,M37,#93
usa-A18_M41,M41 HMC,#93
usa-A19_T2_lt,T2 Light Tank,#93
usa-A21_T14,T14,#93
usa-A22_M5_Stuart,M5 Stuart,#93
usa-A22_M5_Stuart_bootcamp,M5 Stuart,#93
usa-A23_M7_med,M7,#93
usa-A24_T2_med,T2 Medium Tank,#93
usa-A24_T2_med_bot,T2 Medium Tank,#93
usa-A25_M2_med,M2 Medium Tank,#93
usa-A25_M2_med_bootcamp,M2 Medium Tank,#93
usa-A26_T18,T18,#93
usa-A27_T82,T82 HMC,#93
usa-A29_T40,T40,#93
usa-A30_M10_Wolverine,M10 Wolverine,#93
usa-A31_M36_Slagger,M36 Jackson,#93
usa-A32_M12,M12,#93
usa-A33_MTLS-1G14,MTLS-1G14,#93
usa-A34_M24_Chaffee,M24 Chaffee,#93
usa-A35_Pershing,M26 Pershing,#93
usa-A35_Pershing_IGR,M26 Pershing,#93
usa-A36_Sherman_Jumbo,M4A3E2 Sherman Jumbo,#93
usa-A36_Sherman_Jumbo_bootcamp,M4A3E2 Sherman Jumbo,#93
usa-A36_Sherman_Jumbo_IGR,M4A3E2 Sherman Jumbo,#93
usa-A37_M40M43,M40/M43,#93
usa-A38_T92,T92 HMC,#93
usa-A39_T28,T28,#93
usa-A40_T95,T95,#93
usa-A41_M18_Hellcat,M18 Hellcat,#93
usa-A43_M22_Locust,M22 Locust,#93
usa-A44_M4A2E4,M4A2E4 Sherman,#93
usa-A45_M6A2E1,M6A2E1,#93
usa-A46_T3,T3 HMC,#93
usa-A57_M8A1,M8A1,#93
usa-A58_T67,T67,#93
usa-A58_T67_IGR,T67,#93
usa-A62_Ram-II,Ram II,#93
usa-A63_M46_Patton,M46 Patton,#93
usa-A63_M46_Patton_KR,M46 Patton KR,#93
usa-A64_T25_AT,T25 AT,#93
usa-A66_M103,M103,#93
usa-A67_T57_58,T57 Heavy Tank,#93
usa-A68_T28_Prototype,T28 Prototype,#93
usa-A69_T110E5,T110E5,#93
usa-A71_T21,T21,#93
usa-A72_T25_2,T25/2,#93
usa-A74_T1_E6,T1E6,#93
usa-A78_M4_Improved,M4 Improved,#93
usa-A80_T26_E4_SuperPershing,T26E4 SuperPershing,#93
usa-A80_T26_E4_SuperPershing_FL,T26E4 SuperPershing FL,#93
usa-A81_T95_E2,T95E2,#93
usa-A83_T110E4,T110E4,#93
usa-A85_T110E3,T110E3,#93
usa-A86_T23E3,T23E3,#93
usa-A87_M44,M44,#93
usa-A88_M53_55,M53/M55,#93
usa-A89_T54E1,T54E1,#93
usa-A90_T69,T69,#93
usa-A90_T69_IGR,T69,#93
usa-A92_M60,M60,#93
usa-A93_T7_Combat_Car,T7 Combat Car,#93
usa-A94_T37,T37,#93
usa-A95_T95_E6,T95E6,#93
usa-A97_M41_Bulldog,M41 Walker Bulldog,#93
usa-A99_T92_LT,T92,#93
ussr-Observer,Zuschauer,#93
ussr-R01_IS,IS,#93
ussr-R02_SU-85,SU-85,#93
ussr-R03_BT-7,BT-7,#93
ussr-R03_BT-7_bootcamp,BT-7,#93
ussr-R04_T-34,T-34,#93
ussr-R05_KV,KV,#93
ussr-R06_T-28,T-28,#93
ussr-R06_T-28_bootcamp,T-28,#93
ussr-R07_T-34-85,T-34-85,#93
ussr-R07_T-34-85_bootcamp,T-34-85,#93
ussr-R07_T-34-85_training,T-34-85,#93
ussr-R08_BT-2,BT-2,#93
ussr-R08_BT-2_bootcamp,BT-2,#93
ussr-R09_T-26,T-26,#93
ussr-R09_T-26_bot,T-26,#93
ussr-R10_AT-1,AT-1,#93
ussr-R100_SU122A,SU-122A,#93
ussr-R101_MT25,MT-25,#93
ussr-R104_Object_430_II,Objekt 430 Version II,#93
ussr-R105_BT_7A,BT-7 Artillerie,#93
ussr-R106_KV85,KV-85,#93
ussr-R106_KV85_IGR,KV-85,#93
ussr-R107_LTB,LTTB,#93
ussr-R108_T34_85M,T-34-85M,#93
ussr-R109_T54S,T-54 lt.,#93
ussr-R11_MS-1,MS-1,#93
ussr-R11_MS-1_bot,MS-1,#93
ussr-R110_Object_260,Objekt 260,#93
ussr-R111_ISU130,ISU-130,#93
ussr-R112_T54_45,T-54 Erster Prototyp,#93
ussr-R112_T54_45_FL,T-54 Erster Prototyp FL,#93
ussr-R113_Object_730,IS-5 (Objekt 730),#93
ussr-R114_Object_244,Objekt 244,#93
ussr-R115_IS-3_auto,IS-3A,#93
ussr-R115_IS-3_auto_test,IS-3A (T),#93
ussr-R116_ISU122C_Berlin,ISU-122S,#93
ussr-R117_T34_85_Rudy,T-34-85 Rudy,#93
ussr-R118_T28_F30,T-28E mit F-30,#93
ussr-R119_Object_777,Objekt 777 Version II,#93
ussr-R119_Object_777C,Objekt 777 Version IIC,#93
ussr-R12_A-20,A-20,#93
ussr-R120_T22SR_A22,T-22 medium,#93
ussr-R121_KV4_KTT,KV-4 KTTS,#93
ussr-R122_T44_100,T-44-100,#93
ussr-R122_T44_100B,T-44-100 (B),#93
ussr-R123_Kirovets_1,Kirovets-1,#93
ussr-R125_T_45,T-45,#93
ussr-R126_Object_730_5,Objekt 268 Version V,#93
ussr-R127_T44_100_K,Т-44-100 (К),#93
ussr-R127_T44_100_P,T-44-100 (R),#93
ussr-R127_T44_100_U,Т-44-100 (У),#93
ussr-R128_KV4_Kreslavskiy,KV-4 von Kreslawski,#93
ussr-R129_Object_257,Objekt 257 (P),#93
ussr-R13_KV-1s,KV-1S,#93
ussr-R131_Tank_Gavalov,LTG,#93
ussr-R132_VNII_100LT,T-100 LT,#93
ussr-R133_KV_122,KV-122,#93
ussr-R134_Object_252K,Objekt 252U Defender,#93
ussr-R134_Object_252U,Object 252U,#93
ussr-R135_T_103,T-103,#93
ussr-R139_IS_M,IS-M,#93
ussr-R14_SU-5,SU-5,#93
ussr-R140_M4_Loza,Lozas M4-A2 Sherman,#93
ussr-R143_T_29,T-29,#93
ussr-R144_K_91,K-91,#93
ussr-R145_Object_705_A,Objekt 705A,#93
ussr-R146_STG,STG,#93
ussr-R146_STG_Tday,STG Garde,#93
ussr-R148_Object_430_U,Objekt 430U,#93
ussr-R149_Object_268_4,Objekt 268 Version 4,#93
ussr-R15_S-51,S-51,#93
ussr-R151_Object_257_2,Objekt 257,#93
ussr-R152_KV2_W,KV-2 (R),#93
ussr-R153_Object_705,Objekt 705,#93
ussr-R154_T_34E_1943,T-34 geschützt,#93
ussr-R155_Object_277,Objekt 277,#93
ussr-R156_IS_2M,IS-2M,#93
ussr-R157_Object_279R,Objekt 279 früh,#93
ussr-R158_LT_432,LP-432,#93
ussr-R159_SU_130PM,SU-130PM,#93
ussr-R16_SU-18,SU-18,#93
ussr-R160_T_50_2,T-50-2,#93
ussr-R161_T_116,T-116,#93
ussr-R165_Object_703_II,Objekt 703 Version II,#93
ussr-R165_Object_703_II_2,Objekt 703-II (100),#93
ussr-R17_SU-100,SU-100,#93
ussr-R18_SU-152,SU-152,#93
ussr-R18_SU-152_IGR,SU-152,#93
ussr-R19_IS-3,IS-3,#93
ussr-R19_IS-3_IGR,IS-3,#93
ussr-R20_T-44,T-44,#93
ussr-R20_T-44_FL,T-44 FL,#93
ussr-R20_T-44_IGR,T-44,#93
ussr-R22_T-46,T-46,#93
ussr-R22_T-46_bootcamp,T-46,#93
ussr-R23_T-43,T-43,#93
ussr-R24_SU-76,SU-76M,#93
ussr-R25_GAZ-74b,SU-85B,#93
ussr-R26_SU-8,SU-8,#93
ussr-R27_SU-14,SU-14-2,#93
ussr-R31_Valentine_LL,Valentine II,#93
ussr-R31_Valentine_LL_IGR,Valentine II,#93
ussr-R32_Matilda_II_LL,Matilda IV,#93
ussr-R33_Churchill_LL,Churchill III,#93
ussr-R34_BT-SV,BT-SV,#93
ussr-R38_KV-220,KV-220-2,#93
ussr-R38_KV-220_beta,KV-220-2 Beta-Test,#93
ussr-R39_KV-3,KV-3,#93
ussr-R40_T-54,T-54,#93
ussr-R41_T-50,T-50,#93
ussr-R42_T-60,T-60,#93
ussr-R43_T-70,T-70,#93
ussr-R43_T-70_bootcamp,T-70,#93
ussr-R44_T80,T-80,#93
ussr-R45_IS-7,IS-7,#93
ussr-R45_IS-7_fallout,(R) IS-7,#93
ussr-R45_IS-7_IGR,IS-7,#93
ussr-R46_KV-13,KV-13,#93
ussr-R47_ISU-152,ISU-152,#93
ussr-R47_ISU-152_IGR,ISU-152,#93
ussr-R49_SU100Y,SU-100Y,#93
ussr-R50_SU76I,SU-76I,#93
ussr-R50_SU76I_bootcamp,SU-76I,#93
ussr-R51_Object_212,212A,#93
ussr-R52_Object_261,Objekt 261,#93
ussr-R53_Object_704,Objekt 704,#93
ussr-R54_KV-5,KV-5,#93
ussr-R54_KV-5_IGR,KV-5,#93
ussr-R56_T-127,T-127,#93
ussr-R57_A43,A-43,#93
ussr-R58_SU-101,SU-101,#93
ussr-R59_A44,A-44,#93
ussr-R60_Object416,Objekt 416,#93
ussr-R61_Object252,IS-6,#93
ussr-R61_Object252_BF,IS-6 B,#93
ussr-R61_Object252_FL,IS-6 FL,#93
ussr-R63_ST_I,ST-I,#93
ussr-R66_SU-26,SU-26,#93
ussr-R67_M3_LL,M3 Light,#93
ussr-R68_A-32,A-32,#93
ussr-R70_T_50_2,T-50-2,#93
ussr-R71_IS_2B,IS-2,#93
ussr-R72_T150,T-150,#93
ussr-R73_KV4,KV-4,#93
ussr-R74_SU100M1,SU-100M1,#93
ussr-R75_SU122_54,SU-122-54,#93
ussr-R77_KV2,KV-2,#93
ussr-R77_KV2_IGR,KV-2,#93
ussr-R78_SU_85I,SU-85I,#93
ussr-R80_KV1,KV-1,#93
ussr-R81_IS8,T-10,#93
ussr-R84_Tetrarch_LL,Tetrarch,#93
ussr-R86_LTP,LTP,#93
ussr-R86_LTP_bootcamp,LTP,#93
ussr-R87_T62A,T-62A,#93
ussr-R87_T62A_fallout,(R) T-62A,#93
ussr-R88_Object268,Objekt 268,#93
ussr-R89_SU122_44,SU-122-44,#93
ussr-R90_IS_4M,IS-4,#93
ussr-R91_SU14_1,SU-14-1,#93
ussr-R93_Object263,Objekt 263,#93
ussr-R93_Object263B,Objekt 263B,#93
ussr-R95_Object_907,Objekt 907,#93
ussr-R95_Object_907A,Objekt 907A,#93
ussr-R96_Object_430,Objekt 430,#93
ussr-R96_Object_430B,Objekt 430B,#93
ussr-R97_Object_140,Objekt 140,#93
ussr-R98_T44_85,T-44-85,#93
ussr-R98_T44_85M,T-44 leicht,#93
ussr-R99_T44_122,T-44-122,#93
